age;job;marital;education;default;balance;housing;loan;contact;day;month;duration;campaign;pdays;previous;poutcome;do_not_disturb;y
24;unemployed;married;secondary;no;789;no;no;cellular;17;sep;79;1;250;1;unknown;0;no
73;self-employed;married;secondary;no;2011;yes;no;cellular;10;feb;364;3;143;4;unknown;0;yes
65;entrepreneur;single;primary;no;-775;yes;no;unknown;23;nov;334;10;112;2;unknown;0;yes
49;unemployed;married;unknown;no;2600;no;no;unknown;13;may;71;10;14;4;unknown;0;yes
49;blue-collar;married;primary;no;3246;no;no;unknown;8;jul;52;1;191;4;unknown;0;yes
79;services;married;secondary;no;3028;no;no;cellular;9;jun;317;11;304;5;unknown;0;yes
24;management;single;secondary;no;946;yes;no;cellular;10;may;570;3;57;5;unknown;0;no
68;housemaid;divorced;tertiary;no;4672;no;no;unknown;28;apr;424;6;17;5;unknown;0;no
32;admin.;single;tertiary;no;627;yes;no;cellular;9;nov;460;7;50;3;unknown;0;no
24;admin.;divorced;secondary;no;353;no;no;cellular;6;aug;159;2;343;1;unknown;0;no
55;retired;single;unknown;no;5724;yes;no;unknown;20;dec;303;5;77;0;unknown;0;no
88;housemaid;single;primary;no;-1920;yes;no;cellular;23;apr;193;4;338;1;unknown;0;yes
70;entrepreneur;married;tertiary;no;-3708;yes;no;telephone;12;apr;74;4;71;2;unknown;0;yes
72;unemployed;single;primary;no;-1203;yes;yes;telephone;12;jul;259;4;203;1;unknown;0;no
69;blue-collar;married;secondary;no;2561;yes;no;cellular;17;aug;46;5;175;4;unknown;0;no
74;technician;married;primary;no;5250;no;no;unknown;19;feb;70;7;376;2;unknown;0;yes
54;management;married;unknown;no;-581;no;no;cellular;4;may;130;2;104;5;unknown;0;no
27;admin.;single;tertiary;no;6844;no;no;cellular;26;jun;152;8;142;0;unknown;0;yes
78;housemaid;single;secondary;no;1481;no;no;unknown;11;feb;214;2;175;0;unknown;0;no
50;housemaid;divorced;secondary;no;1053;no;no;unknown;17;jul;193;7;116;2;unknown;0;no
54;services;divorced;secondary;no;-1149;no;no;cellular;2;feb;33;3;61;1;failure;1;no
44;management;divorced;secondary;no;7254;yes;no;telephone;18;nov;534;10;40;5;unknown;1;yes
31;management;married;secondary;no;949;yes;yes;cellular;3;jul;218;4;234;3;unknown;0;yes
84;self-employed;divorced;primary;no;-2595;no;no;unknown;2;mar;332;1;289;4;unknown;1;no
74;blue-collar;single;secondary;no;8773;yes;no;cellular;27;jul;303;2;62;4;unknown;0;no
64;housemaid;divorced;secondary;no;2581;no;no;cellular;4;may;198;5;166;3;unknown;0;yes
46;retired;married;tertiary;no;3796;no;no;cellular;21;jun;43;11;280;3;unknown;0;yes
77;entrepreneur;married;secondary;no;6444;yes;no;unknown;16;apr;110;4;391;1;unknown;0;yes
57;blue-collar;divorced;secondary;no;3243;yes;no;unknown;7;jun;611;6;46;2;unknown;0;no
49;management;married;secondary;no;4324;no;no;cellular;11;feb;113;9;347;1;unknown;0;yes
50;self-employed;married;secondary;no;1562;yes;no;cellular;4;apr;564;3;150;5;failure;0;yes
34;entrepreneur;married;secondary;no;3601;yes;no;cellular;18;may;136;8;202;0;unknown;0;no
24;housemaid;married;tertiary;no;1297;no;no;cellular;24;oct;156;5;20;5;failure;0;no
57;student;married;primary;no;1339;yes;no;cellular;11;nov;235;10;177;0;unknown;0;no
81;services;divorced;secondary;no;1759;yes;no;unknown;27;nov;184;8;110;2;unknown;0;no
22;technician;divorced;tertiary;yes;209;no;yes;cellular;5;may;32;4;89;4;unknown;0;yes
79;unemployed;divorced;secondary;no;2913;yes;no;cellular;27;may;217;5;349;2;unknown;0;yes
77;management;married;secondary;no;2905;no;no;unknown;23;apr;74;10;55;5;unknown;0;no
37;retired;married;tertiary;no;3856;yes;no;cellular;2;jul;292;5;89;5;unknown;0;yes
63;services;married;secondary;no;3318;no;no;cellular;24;dec;264;6;92;5;unknown;0;yes
29;retired;married;primary;no;7400;no;no;unknown;2;mar;365;10;308;4;unknown;0;yes
72;retired;married;tertiary;no;4557;no;no;unknown;28;sep;120;2;217;5;unknown;0;yes
68;management;single;tertiary;no;778;no;no;cellular;20;apr;367;10;179;2;unknown;0;no
43;housemaid;divorced;primary;no;2759;no;no;cellular;6;may;306;10;51;0;failure;0;no
22;unemployed;married;primary;no;5638;yes;no;unknown;26;jul;245;6;154;3;unknown;0;no
87;blue-collar;married;tertiary;no;-1449;no;no;cellular;9;sep;615;3;352;2;unknown;0;no
50;technician;married;secondary;no;7442;yes;yes;cellular;4;nov;314;2;196;0;unknown;0;yes
82;unemployed;married;secondary;no;-923;yes;no;cellular;8;aug;127;9;386;1;unknown;1;no
66;technician;married;secondary;no;4100;yes;no;unknown;25;aug;527;5;12;0;unknown;1;yes
74;management;married;tertiary;no;1419;no;no;cellular;27;nov;322;6;102;0;unknown;1;no
72;retired;married;secondary;no;1247;yes;no;cellular;26;aug;575;1;55;4;unknown;0;no
32;technician;married;primary;no;-2508;no;yes;unknown;17;feb;150;6;255;1;unknown;0;no
44;retired;single;primary;no;4122;yes;yes;cellular;6;jan;159;1;36;3;other;0;yes
51;services;married;secondary;yes;-2465;yes;no;cellular;26;jul;160;6;160;3;unknown;0;yes
53;self-employed;married;tertiary;no;-2928;yes;no;unknown;15;jan;157;10;9;1;unknown;0;yes
21;self-employed;married;secondary;no;4879;no;no;telephone;25;sep;253;11;206;2;unknown;0;yes
57;admin.;married;secondary;no;6768;yes;no;cellular;3;oct;145;10;69;2;unknown;0;no
29;unemployed;single;tertiary;no;-601;no;no;unknown;7;dec;179;7;306;5;unknown;0;no
71;entrepreneur;single;secondary;no;4409;yes;no;cellular;7;jan;66;9;181;5;unknown;0;yes
67;retired;divorced;secondary;no;3789;yes;no;cellular;12;aug;497;1;241;0;unknown;0;no
84;blue-collar;single;primary;no;1125;yes;no;cellular;24;dec;401;8;70;4;unknown;0;yes
71;housemaid;married;tertiary;yes;5407;yes;no;telephone;12;feb;77;11;264;4;other;1;no
44;retired;married;tertiary;no;909;yes;no;cellular;18;oct;71;2;7;5;unknown;0;yes
87;admin.;married;tertiary;no;2952;yes;no;cellular;14;dec;392;4;52;3;unknown;0;no
47;retired;married;secondary;no;-2361;no;yes;cellular;27;jan;173;11;326;2;unknown;0;no
41;services;divorced;secondary;no;-2233;no;yes;cellular;28;jun;338;6;91;4;unknown;0;yes
83;retired;married;primary;no;4907;yes;no;unknown;25;jan;146;8;292;4;unknown;0;no
44;services;married;unknown;no;3053;no;no;cellular;5;jun;548;10;345;2;failure;1;no
23;technician;married;primary;no;972;no;no;cellular;24;nov;351;11;46;4;unknown;0;no
51;student;married;secondary;no;7123;yes;yes;cellular;22;apr;148;1;387;0;unknown;0;yes
75;technician;divorced;tertiary;no;7091;yes;no;unknown;10;oct;143;4;324;5;unknown;0;yes
31;entrepreneur;married;primary;no;2717;yes;no;cellular;7;oct;283;3;219;2;failure;0;yes
51;entrepreneur;married;secondary;no;-2966;no;yes;cellular;28;jan;177;9;123;1;success;0;no
27;unemployed;married;primary;no;1065;yes;no;cellular;21;jul;211;10;78;1;unknown;0;no
67;student;single;secondary;no;-1097;yes;yes;unknown;8;apr;316;10;87;0;unknown;0;no
52;admin.;married;unknown;no;1668;yes;no;cellular;6;dec;193;2;201;1;unknown;0;no
41;management;single;secondary;no;-1408;yes;no;cellular;17;sep;369;8;55;0;unknown;0;no
34;services;married;unknown;no;-2188;yes;no;cellular;15;jul;195;6;186;1;unknown;0;yes
58;unemployed;married;primary;no;-5387;no;yes;cellular;24;aug;403;8;199;4;unknown;0;no
66;unemployed;divorced;secondary;no;1901;no;no;cellular;19;mar;173;3;263;3;unknown;0;no
85;self-employed;married;tertiary;no;-5496;yes;no;cellular;23;jul;8;2;-1;2;unknown;0;no
49;retired;married;tertiary;no;439;yes;no;cellular;13;oct;10;4;127;5;unknown;0;yes
29;services;single;secondary;no;3483;yes;no;cellular;28;dec;157;4;48;4;failure;0;no
77;student;married;secondary;no;-766;yes;no;unknown;28;feb;182;9;351;0;failure;0;no
63;entrepreneur;married;tertiary;no;-1854;no;no;cellular;27;nov;432;3;334;3;unknown;0;yes
68;housemaid;single;tertiary;no;1196;no;no;cellular;20;apr;164;11;391;2;unknown;0;no
25;retired;married;secondary;no;-1085;no;no;cellular;11;nov;92;1;361;2;unknown;0;yes
40;retired;married;primary;no;1956;yes;no;unknown;5;dec;128;7;363;1;unknown;0;no
73;retired;married;primary;no;-1698;no;no;unknown;16;oct;84;6;126;5;other;0;no
77;housemaid;single;secondary;no;1086;no;no;unknown;11;dec;289;4;395;0;unknown;0;no
49;services;married;secondary;no;360;yes;no;unknown;5;jul;335;2;-1;0;failure;0;no
75;student;married;secondary;no;1365;no;no;cellular;9;oct;370;1;49;2;success;0;yes
78;technician;single;secondary;no;6305;no;no;cellular;23;nov;159;4;115;5;unknown;0;yes
45;blue-collar;single;secondary;no;1999;no;no;cellular;9;mar;80;5;96;4;unknown;0;yes
82;management;divorced;secondary;no;2913;yes;no;cellular;3;sep;117;3;316;2;unknown;0;yes
38;entrepreneur;married;secondary;no;-474;yes;no;unknown;6;sep;201;9;304;1;unknown;0;no
35;entrepreneur;married;secondary;no;2069;no;no;cellular;5;jun;118;11;61;1;unknown;0;no
67;student;married;primary;no;575;yes;yes;cellular;6;aug;541;9;183;1;unknown;0;yes
63;housemaid;single;tertiary;no;1488;no;no;cellular;13;aug;146;10;31;3;unknown;0;yes
28;services;married;secondary;no;3346;yes;no;unknown;25;jun;199;4;384;5;unknown;0;no
77;services;single;primary;no;-100;yes;no;unknown;11;aug;69;10;280;3;unknown;0;no
32;self-employed;married;secondary;no;205;no;yes;unknown;28;jun;74;2;54;3;unknown;0;no
75;blue-collar;single;secondary;no;-59;no;no;cellular;25;jun;34;7;305;2;unknown;0;yes
18;technician;single;secondary;no;-117;yes;no;unknown;5;jun;14;6;118;1;unknown;1;no
75;self-employed;married;secondary;no;1919;no;no;unknown;17;jun;594;6;87;0;unknown;0;no
74;entrepreneur;divorced;secondary;no;308;no;no;telephone;23;apr;328;10;256;0;success;0;no
74;admin.;divorced;tertiary;no;5893;no;yes;cellular;20;feb;152;4;84;2;unknown;0;no
65;housemaid;married;primary;no;9437;yes;no;cellular;7;jul;88;7;160;5;unknown;0;no
51;unemployed;married;secondary;no;-303;no;no;telephone;20;jun;467;6;352;4;unknown;0;no
68;unemployed;single;primary;no;2282;yes;no;unknown;15;jan;52;6;140;5;unknown;0;no
37;self-employed;married;secondary;no;4514;no;no;cellular;7;jul;120;4;55;1;unknown;0;no
74;blue-collar;married;secondary;no;602;no;yes;cellular;6;nov;315;8;217;4;unknown;0;no
58;blue-collar;married;tertiary;no;-1583;yes;no;cellular;11;apr;34;7;52;3;unknown;0;yes
51;unemployed;divorced;primary;no;6614;yes;no;unknown;8;nov;36;2;320;0;unknown;0;yes
54;services;married;secondary;no;3458;yes;no;cellular;16;jul;1;5;294;0;unknown;0;no
58;technician;single;secondary;no;2356;yes;no;unknown;12;may;303;7;169;4;unknown;0;no
20;self-employed;married;secondary;no;5751;no;no;cellular;4;nov;199;2;212;1;unknown;0;yes
28;services;married;tertiary;no;3710;no;no;cellular;20;dec;23;1;7;2;unknown;0;yes
35;blue-collar;divorced;primary;no;1256;no;no;cellular;2;dec;313;6;254;4;unknown;1;yes
26;services;married;secondary;no;-1529;no;no;cellular;14;oct;54;2;311;0;unknown;0;no
49;services;married;secondary;no;-79;no;no;cellular;2;aug;107;7;360;1;unknown;0;yes
66;unemployed;married;tertiary;no;5014;no;no;cellular;23;nov;41;1;287;0;failure;1;no
65;housemaid;single;secondary;no;3446;yes;yes;cellular;10;nov;224;10;111;3;unknown;0;no
51;retired;married;tertiary;no;840;no;no;cellular;3;nov;63;7;199;0;unknown;0;yes
79;technician;married;unknown;no;6699;yes;no;cellular;7;oct;241;7;124;4;unknown;1;yes
58;services;married;tertiary;no;928;yes;no;unknown;17;may;442;11;238;0;unknown;0;no
23;technician;married;secondary;no;4362;no;no;cellular;22;dec;93;7;347;3;unknown;0;no
73;self-employed;married;secondary;no;2060;no;no;unknown;3;oct;753;2;143;3;unknown;0;no
59;management;married;primary;no;7198;yes;no;cellular;9;nov;275;10;317;4;unknown;0;no
63;retired;married;tertiary;no;3659;yes;no;cellular;4;feb;184;6;36;4;other;0;no
58;admin.;married;secondary;no;1538;no;no;cellular;7;jan;46;8;284;2;unknown;1;no
57;retired;single;primary;yes;863;yes;no;cellular;9;dec;150;10;317;5;unknown;0;yes
24;student;single;secondary;no;1353;no;no;telephone;17;aug;170;6;311;1;unknown;1;no
58;retired;married;tertiary;no;-776;no;no;unknown;3;aug;371;10;153;5;unknown;0;no
75;entrepreneur;married;tertiary;no;-2700;no;no;cellular;18;sep;100;11;294;5;unknown;0;no
39;services;married;secondary;no;2326;yes;no;cellular;22;sep;306;5;394;4;unknown;1;no
61;technician;divorced;secondary;no;-200;yes;no;unknown;27;jan;228;1;19;3;unknown;0;no
20;housemaid;married;tertiary;no;-208;yes;no;unknown;15;apr;414;9;390;0;failure;0;no
43;admin.;married;tertiary;no;1133;yes;yes;telephone;14;jul;430;9;140;2;unknown;0;no
49;retired;married;tertiary;no;1556;no;no;cellular;19;jan;286;1;123;2;failure;0;no
88;management;married;secondary;no;1422;no;no;cellular;28;nov;372;11;36;2;unknown;0;yes
33;admin.;married;secondary;no;6614;yes;no;unknown;2;feb;444;9;73;0;unknown;0;yes
37;blue-collar;married;tertiary;no;3387;yes;no;cellular;6;jun;327;3;203;5;unknown;0;no
47;student;single;primary;no;7723;yes;no;cellular;7;feb;275;8;302;3;other;1;no
89;admin.;single;secondary;no;83;yes;no;telephone;6;jan;301;8;288;0;unknown;0;no
79;housemaid;single;primary;no;3751;yes;no;cellular;15;jun;542;7;304;0;success;0;no
20;blue-collar;single;secondary;no;249;no;no;cellular;2;oct;242;7;289;4;unknown;0;no
34;entrepreneur;married;tertiary;no;-283;yes;no;cellular;3;apr;365;2;6;3;unknown;0;no
77;technician;divorced;secondary;no;7836;yes;yes;unknown;19;jun;84;11;177;1;unknown;0;no
22;self-employed;single;secondary;no;-904;no;yes;unknown;5;dec;520;4;212;1;unknown;0;yes
79;admin.;single;primary;no;-5295;yes;no;cellular;10;may;309;4;13;0;failure;0;no
38;self-employed;single;tertiary;no;-723;no;yes;unknown;1;nov;150;2;109;3;failure;0;no
84;entrepreneur;married;tertiary;no;-4624;no;no;cellular;22;dec;205;3;109;0;unknown;0;yes
39;management;married;secondary;no;-1453;yes;no;cellular;26;jul;176;1;14;4;failure;0;no
49;admin.;married;tertiary;no;-1175;no;no;cellular;20;aug;220;10;176;2;success;0;no
65;unemployed;married;primary;no;1505;no;no;unknown;13;nov;261;10;168;1;unknown;1;yes
27;admin.;married;tertiary;no;-4748;yes;no;cellular;12;sep;180;1;214;2;other;0;yes
58;unemployed;married;tertiary;no;4987;yes;no;cellular;2;aug;97;2;48;5;unknown;0;yes
54;housemaid;married;primary;no;-4227;no;no;telephone;8;nov;574;5;389;2;unknown;0;no
74;services;divorced;unknown;no;1016;yes;yes;unknown;13;dec;273;3;108;1;unknown;0;no
89;services;single;primary;no;427;yes;no;cellular;2;apr;274;3;244;5;unknown;0;no
65;services;single;secondary;no;3876;yes;yes;telephone;25;sep;210;8;223;0;unknown;1;no
47;services;married;primary;no;2454;yes;no;unknown;18;apr;401;10;-1;1;unknown;0;no
47;technician;single;tertiary;no;4960;no;no;unknown;6;sep;229;4;94;3;unknown;0;no
48;services;divorced;primary;no;315;no;no;unknown;25;feb;157;6;277;3;other;0;yes
76;entrepreneur;single;primary;yes;5;no;no;cellular;7;apr;170;5;141;2;success;0;yes
41;management;single;secondary;no;2638;yes;no;unknown;19;oct;470;5;128;2;unknown;0;yes
30;housemaid;married;unknown;no;4487;no;no;cellular;28;oct;260;1;281;4;unknown;0;no
42;self-employed;married;secondary;no;3875;yes;no;cellular;11;jun;212;8;318;0;other;0;no
19;housemaid;single;secondary;no;2365;yes;no;cellular;24;oct;132;11;321;3;unknown;0;no
25;blue-collar;divorced;secondary;no;2097;yes;no;cellular;26;jun;155;9;171;4;unknown;0;no
24;management;married;tertiary;no;1291;yes;no;cellular;16;jan;436;11;180;1;unknown;0;no
73;student;married;secondary;no;2629;no;no;cellular;19;oct;36;10;268;4;other;0;yes
70;services;married;secondary;no;7504;yes;no;cellular;6;jan;353;5;233;3;unknown;0;yes
68;blue-collar;married;unknown;no;672;yes;no;telephone;24;oct;361;10;145;2;unknown;0;no
51;retired;divorced;secondary;no;306;yes;yes;cellular;7;nov;263;3;128;5;unknown;0;yes
69;housemaid;single;secondary;no;76;no;yes;cellular;9;jan;182;5;386;0;unknown;0;yes
29;unemployed;married;tertiary;no;2568;yes;no;cellular;25;dec;76;8;353;1;unknown;1;no
82;housemaid;married;secondary;no;-4965;no;yes;cellular;6;aug;352;4;117;4;unknown;0;yes
54;student;married;secondary;no;994;yes;yes;unknown;19;aug;99;9;27;0;unknown;0;yes
85;retired;married;secondary;no;4041;yes;no;cellular;11;apr;253;3;381;0;unknown;0;no
28;self-employed;married;tertiary;no;-178;yes;no;unknown;10;mar;230;2;33;5;unknown;0;yes
53;technician;single;tertiary;no;1960;yes;no;cellular;26;jan;373;9;88;0;unknown;0;no
68;student;single;secondary;no;7728;yes;no;unknown;1;jun;40;6;9;5;other;0;no
53;technician;married;secondary;no;2394;yes;no;unknown;21;oct;30;11;308;4;unknown;0;no
50;self-employed;single;secondary;no;-5317;yes;no;cellular;4;jan;326;3;35;5;unknown;1;yes
29;retired;single;primary;no;-2829;yes;yes;unknown;23;mar;185;8;123;0;unknown;0;no
45;student;married;primary;no;646;yes;no;cellular;21;oct;183;3;249;1;unknown;0;no
35;technician;single;primary;no;-1011;no;no;unknown;18;jun;218;6;15;1;unknown;0;yes
39;blue-collar;single;primary;no;1710;yes;no;cellular;19;feb;581;6;399;4;other;0;yes
67;self-employed;single;secondary;no;516;no;no;cellular;1;dec;329;10;310;1;unknown;0;no
63;admin.;married;primary;no;4898;yes;no;cellular;11;may;17;5;238;1;unknown;0;no
61;services;married;primary;no;-1873;yes;no;cellular;21;mar;313;4;221;3;unknown;0;no
44;admin.;married;secondary;no;777;yes;no;unknown;17;jul;416;6;97;3;unknown;0;no
87;management;married;secondary;no;2051;no;no;unknown;6;feb;125;11;233;2;success;0;yes
24;retired;married;primary;no;2423;yes;no;telephone;22;sep;162;5;326;0;success;1;yes
42;unemployed;single;primary;no;1840;no;no;cellular;9;aug;479;7;197;2;unknown;0;yes
26;services;married;secondary;no;-5833;no;no;unknown;19;nov;84;1;137;2;unknown;0;yes
42;technician;married;secondary;no;1649;no;no;unknown;18;apr;164;7;112;3;unknown;0;yes
87;technician;divorced;tertiary;no;947;yes;no;telephone;7;jun;176;1;235;5;success;0;yes
44;student;married;tertiary;no;3992;yes;yes;cellular;2;sep;136;1;356;2;unknown;0;no
83;student;married;tertiary;no;3568;yes;yes;cellular;27;mar;495;3;172;0;unknown;0;no
53;services;single;secondary;no;2122;no;no;cellular;22;may;464;3;263;0;unknown;0;yes
68;services;married;tertiary;no;2339;no;no;unknown;1;feb;159;6;201;0;failure;0;yes
50;admin.;married;secondary;yes;5457;yes;yes;cellular;6;sep;16;3;192;5;unknown;0;yes
37;student;single;secondary;no;4850;yes;no;cellular;16;aug;474;3;36;3;unknown;0;yes
73;entrepreneur;married;secondary;no;2225;yes;no;cellular;25;feb;374;10;131;1;unknown;0;yes
87;housemaid;married;secondary;no;7836;no;no;cellular;7;feb;216;7;371;4;unknown;0;yes
36;management;married;secondary;no;-484;yes;no;cellular;15;may;350;1;352;5;unknown;0;yes
74;entrepreneur;single;primary;no;-2156;no;no;unknown;20;aug;349;9;117;2;failure;0;no
36;admin.;married;tertiary;no;1367;yes;yes;unknown;25;oct;45;8;233;4;unknown;0;no
69;entrepreneur;single;primary;no;278;no;no;cellular;16;jun;101;10;237;4;unknown;0;yes
74;unemployed;married;secondary;no;-5996;yes;no;cellular;12;oct;221;6;352;1;unknown;0;no
50;management;single;tertiary;no;-557;yes;no;cellular;6;may;166;11;-1;5;unknown;0;no
71;entrepreneur;married;secondary;no;2430;no;no;unknown;16;aug;151;11;117;5;unknown;0;yes
37;entrepreneur;married;primary;no;1225;no;no;unknown;15;apr;61;5;180;4;unknown;0;yes
23;retired;married;secondary;no;-929;yes;no;cellular;25;aug;254;1;204;5;unknown;0;no
24;services;single;secondary;no;1526;no;no;cellular;15;nov;5;11;305;2;unknown;0;yes
50;admin.;married;unknown;no;1769;yes;yes;unknown;22;apr;305;8;132;4;failure;0;yes
82;student;married;tertiary;no;3545;yes;no;cellular;12;sep;264;10;242;3;unknown;0;yes
27;management;married;tertiary;no;-524;yes;yes;cellular;14;jun;199;1;338;3;unknown;0;yes
50;management;married;secondary;no;4021;yes;no;cellular;2;jul;313;4;123;1;unknown;0;no
68;entrepreneur;single;tertiary;no;-1871;no;no;cellular;14;jul;338;1;197;2;unknown;0;yes
32;services;married;tertiary;no;-110;yes;yes;cellular;6;jun;172;5;258;0;failure;0;yes
69;retired;married;primary;no;6496;yes;no;telephone;10;aug;227;9;319;2;unknown;0;no
40;entrepreneur;married;secondary;no;-1671;no;no;telephone;28;may;84;2;316;0;unknown;0;yes
76;unemployed;married;primary;no;-576;yes;no;cellular;19;feb;81;5;158;3;failure;0;no
59;entrepreneur;married;secondary;no;-2359;yes;no;cellular;6;may;536;10;58;2;unknown;0;no
57;admin.;married;tertiary;yes;-1081;yes;no;cellular;16;jun;179;4;42;0;unknown;0;no
30;retired;married;secondary;no;1815;no;yes;cellular;13;nov;217;6;20;1;unknown;0;yes
51;blue-collar;divorced;secondary;no;3519;yes;no;cellular;22;aug;204;5;189;5;other;0;no
79;unemployed;married;tertiary;no;1344;no;no;cellular;9;jun;294;3;181;0;failure;0;yes
19;technician;single;primary;no;425;no;yes;unknown;18;nov;111;11;95;1;failure;0;yes
72;technician;married;primary;no;-2328;no;no;cellular;22;jan;130;9;171;2;unknown;0;no
53;housemaid;married;tertiary;no;-781;no;no;cellular;21;sep;407;5;274;4;unknown;0;no
69;entrepreneur;married;tertiary;no;-3238;no;no;unknown;17;dec;77;10;12;5;unknown;0;yes
65;housemaid;married;tertiary;no;3609;no;no;cellular;1;sep;257;6;96;4;unknown;0;no
49;services;single;secondary;no;3818;no;no;cellular;21;aug;55;8;270;0;other;0;no
40;student;single;unknown;no;1278;yes;no;cellular;27;jul;181;4;92;2;unknown;0;no
63;management;single;tertiary;no;2724;yes;no;cellular;18;feb;203;5;230;5;unknown;0;yes
28;entrepreneur;single;secondary;no;4028;no;no;cellular;17;feb;10;11;309;4;unknown;0;yes
60;technician;married;secondary;no;1703;yes;no;telephone;15;feb;46;3;120;0;unknown;0;no
24;student;married;secondary;no;5580;no;yes;cellular;3;dec;739;5;35;2;unknown;0;yes
64;management;single;tertiary;no;-1671;no;no;cellular;27;may;328;9;106;2;unknown;0;no
63;housemaid;married;tertiary;no;353;yes;no;unknown;11;dec;333;4;254;1;unknown;1;yes
24;management;married;secondary;no;-3;yes;no;cellular;20;aug;209;9;111;5;other;0;yes
72;housemaid;divorced;secondary;no;3341;yes;no;cellular;16;oct;18;5;364;4;failure;0;yes
47;retired;divorced;tertiary;no;-2902;yes;no;cellular;20;dec;186;6;40;0;unknown;0;yes
74;admin.;single;secondary;no;5743;no;no;cellular;3;jul;148;11;179;1;unknown;0;no
20;services;married;secondary;no;3085;yes;no;cellular;20;jan;164;9;370;3;other;0;yes
30;entrepreneur;single;primary;no;6650;yes;yes;cellular;16;oct;578;11;293;4;unknown;0;no
53;services;married;primary;no;1278;yes;no;cellular;14;may;202;3;18;4;unknown;0;no
31;management;married;tertiary;no;-250;yes;no;cellular;21;feb;53;10;108;5;unknown;0;no
41;blue-collar;married;primary;no;3371;yes;no;unknown;18;apr;244;6;11;3;unknown;1;no
65;services;divorced;primary;no;4491;yes;no;cellular;22;dec;55;9;383;1;unknown;0;no
28;technician;divorced;tertiary;no;-743;no;no;cellular;17;jun;32;4;311;0;failure;0;yes
66;unemployed;single;tertiary;no;-4592;yes;no;cellular;22;jul;527;9;95;0;unknown;0;no
25;entrepreneur;married;primary;no;-4078;yes;no;cellular;25;oct;116;11;180;3;failure;0;yes
30;housemaid;married;secondary;no;2184;yes;no;cellular;23;jul;216;6;175;3;unknown;0;yes
60;student;married;tertiary;no;6020;no;no;cellular;28;feb;240;5;323;0;unknown;0;no
75;technician;divorced;secondary;no;-2502;no;no;cellular;16;feb;185;6;37;2;unknown;0;yes
30;retired;married;secondary;no;582;yes;no;unknown;14;dec;112;3;200;2;unknown;0;yes
39;services;married;secondary;no;354;no;no;unknown;2;mar;673;7;290;2;unknown;0;no
84;self-employed;single;secondary;no;7161;no;no;cellular;17;apr;71;3;358;1;success;0;no
89;blue-collar;married;tertiary;no;8176;no;no;unknown;20;jan;41;8;135;1;unknown;0;no
59;technician;single;primary;no;2673;no;no;cellular;9;oct;318;11;135;4;unknown;0;no
50;entrepreneur;married;secondary;no;4094;no;no;unknown;2;jul;36;9;256;4;unknown;0;no
42;admin.;single;primary;no;4010;yes;no;cellular;24;aug;424;11;231;4;success;0;no
62;management;married;primary;no;-2440;yes;no;telephone;4;mar;179;5;363;5;unknown;0;no
60;entrepreneur;married;primary;no;3495;no;yes;cellular;20;jul;245;9;83;1;unknown;1;no
39;blue-collar;married;tertiary;no;-1658;yes;no;telephone;28;jul;279;7;151;2;unknown;0;no
19;housemaid;married;primary;no;885;yes;no;cellular;26;nov;152;6;176;3;unknown;0;no
28;unemployed;single;secondary;no;4819;no;no;cellular;7;sep;403;7;204;3;unknown;0;no
87;self-employed;married;primary;no;1642;no;no;cellular;17;aug;349;8;47;4;unknown;0;no
48;unemployed;married;tertiary;no;4707;yes;no;cellular;27;sep;323;1;57;5;unknown;0;yes
52;admin.;single;secondary;no;5297;no;no;cellular;20;oct;82;8;196;2;unknown;0;yes
51;admin.;married;tertiary;no;-3870;yes;no;cellular;9;mar;150;6;28;3;unknown;0;yes
74;housemaid;single;secondary;no;-5133;no;yes;cellular;3;aug;197;2;180;5;unknown;0;yes
22;admin.;single;secondary;no;4886;no;no;cellular;15;dec;567;2;59;3;unknown;0;yes
23;retired;married;secondary;no;5007;no;no;cellular;17;sep;62;2;4;1;unknown;0;yes
37;admin.;single;primary;no;2169;no;no;cellular;6;nov;92;10;162;4;unknown;0;yes
53;management;married;unknown;no;2576;no;no;cellular;11;jan;436;5;30;0;other;0;no
66;unemployed;married;unknown;no;4079;no;no;cellular;12;nov;32;5;254;4;unknown;1;yes
53;technician;married;secondary;no;4023;yes;no;unknown;15;aug;88;5;222;0;unknown;0;no
49;blue-collar;single;secondary;no;487;yes;no;cellular;2;mar;554;8;54;1;unknown;0;no
85;student;single;secondary;no;4267;yes;yes;unknown;10;nov;293;6;284;5;unknown;0;yes
29;admin.;married;secondary;no;360;yes;no;cellular;24;nov;391;11;113;1;unknown;0;yes
59;admin.;divorced;tertiary;no;2130;no;no;cellular;9;aug;364;4;262;3;unknown;0;no
57;services;married;tertiary;no;2000;yes;no;cellular;23;dec;243;11;377;2;unknown;0;no
52;self-employed;divorced;secondary;no;-1178;no;no;cellular;23;oct;238;7;286;0;unknown;0;no
76;retired;single;tertiary;no;-828;yes;yes;unknown;25;jun;397;8;117;3;unknown;0;no
37;entrepreneur;divorced;tertiary;no;8102;yes;no;cellular;16;dec;50;9;188;2;unknown;0;yes
86;admin.;divorced;secondary;no;-1275;yes;yes;cellular;11;jun;566;10;116;5;failure;0;yes
41;housemaid;divorced;secondary;no;2509;yes;yes;telephone;8;feb;113;10;132;1;unknown;0;no
57;admin.;married;secondary;no;3139;yes;no;telephone;15;feb;424;10;351;3;unknown;1;yes
55;entrepreneur;single;tertiary;no;1237;no;yes;cellular;22;sep;321;5;272;5;unknown;0;yes
79;technician;single;unknown;no;3414;yes;no;cellular;24;feb;110;9;215;2;unknown;0;no
49;self-employed;single;primary;no;2386;no;no;unknown;3;nov;316;4;103;2;unknown;0;no
38;management;married;secondary;no;-1210;yes;yes;cellular;27;dec;245;6;205;2;unknown;0;yes
19;services;divorced;primary;no;3010;no;no;cellular;9;jan;133;2;249;0;unknown;0;no
44;management;married;primary;no;-234;no;no;unknown;8;mar;202;5;281;4;unknown;0;no
77;admin.;married;secondary;no;6622;yes;yes;unknown;10;mar;29;7;31;0;success;0;no
18;technician;married;tertiary;no;2687;yes;no;unknown;11;sep;321;10;345;4;unknown;0;no
82;unemployed;married;secondary;no;-700;no;yes;cellular;5;mar;191;1;212;3;unknown;0;no
57;management;single;secondary;no;2426;no;no;unknown;10;sep;395;7;137;0;unknown;0;no
28;management;married;secondary;no;-1374;yes;no;cellular;24;nov;80;10;285;0;failure;0;no
39;housemaid;single;secondary;no;2173;no;no;unknown;1;aug;39;9;216;0;unknown;0;yes
57;technician;single;tertiary;no;722;yes;no;unknown;19;dec;4;6;122;5;other;0;no
40;retired;married;secondary;no;-1080;yes;no;cellular;25;jun;624;5;364;0;unknown;0;yes
25;services;single;secondary;no;-1118;yes;no;cellular;19;nov;825;7;366;5;unknown;0;no
65;blue-collar;married;tertiary;no;8704;no;no;unknown;14;oct;620;8;363;0;success;0;no
66;management;single;secondary;no;1674;yes;no;cellular;17;jun;88;5;23;3;unknown;0;yes
26;admin.;divorced;secondary;no;104;yes;no;unknown;16;apr;55;6;366;3;other;0;no
38;admin.;married;secondary;no;-414;yes;no;unknown;11;sep;6;1;101;4;unknown;0;yes
35;self-employed;single;secondary;no;2813;yes;no;unknown;24;oct;374;4;135;2;unknown;0;no
65;admin.;married;secondary;no;-515;yes;no;cellular;19;feb;641;9;268;1;unknown;0;yes
70;housemaid;married;tertiary;no;-1883;yes;no;telephone;2;apr;400;5;187;1;unknown;0;yes
70;student;single;secondary;no;1302;no;no;unknown;21;dec;257;6;329;0;unknown;0;no
85;blue-collar;married;secondary;no;1280;no;yes;cellular;7;feb;35;11;263;5;unknown;0;yes
73;management;single;tertiary;yes;148;yes;no;cellular;16;dec;162;5;40;0;unknown;0;no
41;housemaid;married;secondary;no;-1273;yes;no;telephone;5;feb;237;5;51;3;unknown;0;no
25;student;married;secondary;no;227;yes;no;cellular;14;aug;396;9;34;3;failure;0;yes
62;technician;divorced;primary;no;-8;no;no;cellular;5;apr;120;10;127;1;unknown;0;yes
83;student;married;secondary;no;-425;yes;no;cellular;7;feb;300;4;182;1;unknown;0;no
88;student;single;secondary;no;2229;no;no;cellular;25;mar;275;2;352;3;failure;0;yes
34;technician;married;secondary;no;8078;yes;yes;cellular;3;dec;240;8;134;4;unknown;0;yes
35;admin.;single;secondary;no;5395;no;no;cellular;9;apr;140;2;33;2;unknown;0;yes
20;entrepreneur;single;primary;no;7225;no;no;cellular;2;nov;244;8;217;4;failure;0;no
28;admin.;married;secondary;no;-303;no;no;unknown;6;aug;200;6;163;3;unknown;0;no
57;unemployed;married;secondary;no;6424;yes;no;cellular;20;dec;63;11;336;5;unknown;0;no
57;admin.;married;secondary;no;2081;yes;no;cellular;16;jun;396;4;8;1;unknown;0;no
44;entrepreneur;divorced;secondary;no;4359;yes;yes;cellular;10;jul;534;9;111;4;unknown;0;no
40;services;married;tertiary;no;2773;no;no;cellular;3;jan;254;1;276;2;unknown;0;yes
77;technician;married;secondary;no;370;yes;yes;cellular;20;may;210;1;-1;3;unknown;0;yes
51;admin.;single;primary;no;3558;no;no;unknown;8;aug;371;5;222;2;unknown;0;no
76;services;married;secondary;no;2854;no;no;unknown;15;may;257;7;266;2;unknown;0;no
87;blue-collar;married;primary;no;-3904;no;no;cellular;4;mar;448;2;7;4;unknown;0;yes
40;admin.;married;secondary;no;1027;yes;no;cellular;13;jun;241;7;222;5;other;0;no
32;housemaid;married;tertiary;no;4017;yes;no;telephone;25;dec;337;8;371;2;unknown;0;yes
86;unemployed;single;secondary;no;2232;no;no;unknown;18;nov;566;2;203;1;failure;0;no
63;management;divorced;secondary;no;2808;no;no;unknown;14;may;473;10;64;2;unknown;0;no
38;student;divorced;tertiary;no;-854;no;no;unknown;6;feb;188;9;312;1;unknown;0;no
62;entrepreneur;divorced;primary;no;2168;yes;yes;cellular;8;jan;436;4;18;3;unknown;0;no
55;entrepreneur;married;tertiary;no;1110;no;no;unknown;28;aug;6;5;339;3;unknown;0;no
83;technician;married;tertiary;no;789;yes;no;cellular;27;sep;179;3;381;2;failure;0;yes
36;entrepreneur;single;secondary;no;-637;no;no;cellular;10;nov;386;7;52;5;unknown;0;yes
89;unemployed;divorced;primary;no;4144;yes;no;telephone;18;jul;525;8;105;1;unknown;0;yes
85;student;single;primary;no;2436;yes;no;cellular;22;apr;69;3;331;0;unknown;0;no
31;blue-collar;married;tertiary;no;2133;no;no;cellular;12;jan;214;7;295;4;unknown;0;yes
29;entrepreneur;single;secondary;no;7552;yes;no;cellular;7;jul;220;2;213;5;success;0;no
56;management;single;tertiary;no;2821;no;no;cellular;10;apr;201;5;267;0;unknown;0;yes
21;admin.;divorced;secondary;no;5001;yes;no;cellular;14;oct;23;5;347;2;other;0;yes
39;technician;single;secondary;no;2218;no;no;cellular;11;aug;320;5;284;3;unknown;0;yes
49;self-employed;married;secondary;no;340;yes;no;cellular;14;jul;35;3;224;3;unknown;1;yes
87;housemaid;married;secondary;no;-1777;yes;yes;cellular;5;sep;447;1;151;5;unknown;0;no
89;retired;married;secondary;yes;2124;yes;no;cellular;9;jul;489;11;357;4;unknown;0;no
28;entrepreneur;married;tertiary;no;-6590;no;no;cellular;5;aug;92;5;226;5;unknown;0;no
82;admin.;divorced;secondary;no;2217;no;no;unknown;10;oct;33;8;331;3;failure;0;no
24;admin.;married;tertiary;no;2346;yes;yes;cellular;8;jan;213;10;341;1;unknown;0;yes
71;blue-collar;married;unknown;no;747;yes;no;unknown;13;feb;116;1;126;5;unknown;0;yes
78;unemployed;married;primary;no;1122;yes;yes;unknown;28;jun;178;5;295;2;unknown;0;no
82;student;single;secondary;no;-2353;no;no;unknown;24;sep;238;5;255;1;failure;0;yes
34;housemaid;married;primary;no;5556;no;no;cellular;18;jun;33;7;86;4;other;0;yes
82;services;married;secondary;no;388;no;no;unknown;15;nov;551;11;224;4;unknown;1;no
26;housemaid;divorced;unknown;no;-1516;yes;no;cellular;10;dec;91;8;381;4;unknown;1;no
55;blue-collar;married;tertiary;no;3033;yes;no;unknown;3;feb;407;7;211;3;unknown;0;yes
51;self-employed;married;tertiary;no;1732;yes;no;cellular;18;aug;42;3;273;4;other;0;yes
40;technician;married;secondary;no;324;no;yes;cellular;7;jan;232;6;38;4;unknown;0;no
19;admin.;single;secondary;no;7;yes;no;cellular;2;oct;310;9;152;1;unknown;0;yes
73;admin.;single;secondary;no;1383;yes;no;unknown;28;feb;247;6;3;5;failure;0;no
42;student;divorced;tertiary;no;5437;no;no;telephone;6;feb;169;7;142;3;unknown;0;yes
65;admin.;married;secondary;no;2808;no;yes;cellular;3;sep;121;4;133;2;unknown;0;yes
47;student;divorced;primary;no;1296;yes;no;cellular;17;may;138;6;71;2;unknown;0;no
44;entrepreneur;single;primary;no;3957;yes;yes;unknown;19;may;84;5;196;0;unknown;0;no
81;technician;married;secondary;no;1482;no;yes;unknown;8;jun;286;6;198;2;unknown;0;yes
24;self-employed;married;secondary;no;2604;no;yes;cellular;6;jun;586;3;218;4;unknown;0;yes
71;technician;married;primary;no;1853;yes;no;telephone;4;sep;291;8;155;5;unknown;0;no
71;technician;divorced;tertiary;no;3169;yes;no;cellular;13;sep;339;8;204;0;failure;0;yes
45;unemployed;married;tertiary;no;67;yes;no;cellular;12;dec;436;9;229;4;unknown;0;no
36;management;married;secondary;no;-2018;no;yes;cellular;10;jul;129;3;53;1;unknown;0;yes
18;management;single;tertiary;no;4120;yes;no;telephone;26;nov;140;5;189;0;unknown;0;no
85;services;divorced;secondary;no;5914;yes;no;cellular;28;aug;220;5;325;3;unknown;0;yes
86;unemployed;single;tertiary;no;-1875;yes;no;unknown;25;jan;390;10;280;0;unknown;0;no
35;admin.;single;secondary;no;1937;no;no;cellular;16;nov;622;11;286;1;unknown;0;no
20;services;married;secondary;no;53;yes;no;cellular;27;jun;23;6;113;1;unknown;0;no
26;unemployed;divorced;secondary;no;4050;yes;no;cellular;7;jun;439;5;344;5;success;0;yes
22;blue-collar;married;secondary;no;2139;yes;no;telephone;21;nov;272;1;192;0;failure;0;no
77;entrepreneur;married;secondary;no;11382;no;no;cellular;17;nov;142;4;352;1;success;0;yes
82;services;divorced;tertiary;no;495;no;no;cellular;18;dec;10;1;57;5;unknown;0;no
29;entrepreneur;married;tertiary;no;6011;no;no;cellular;2;jul;103;5;331;1;failure;0;yes
71;housemaid;married;secondary;no;6303;yes;no;cellular;5;jun;334;5;114;1;unknown;0;no
30;retired;single;secondary;no;3000;yes;yes;cellular;26;may;464;3;263;4;failure;0;no
44;services;married;tertiary;no;1511;yes;no;cellular;8;may;324;11;1;0;unknown;0;no
61;unemployed;married;primary;no;1684;no;no;cellular;10;apr;322;9;172;0;unknown;0;yes
69;unemployed;single;primary;no;1430;no;no;cellular;20;apr;105;8;310;2;unknown;0;yes
80;technician;single;secondary;no;4799;yes;no;cellular;25;sep;123;8;251;3;failure;0;yes
21;unemployed;single;secondary;no;-1217;yes;no;cellular;12;apr;303;4;119;0;unknown;1;yes
32;technician;married;secondary;no;917;yes;no;cellular;23;aug;604;3;94;0;unknown;0;yes
38;unemployed;single;primary;no;553;no;yes;cellular;18;mar;76;10;87;0;unknown;0;yes
40;student;single;secondary;no;-3778;yes;no;cellular;6;oct;200;5;368;4;unknown;0;no
89;blue-collar;married;secondary;no;3976;yes;no;cellular;16;jun;95;8;116;4;unknown;0;no
73;housemaid;married;tertiary;no;4588;yes;no;unknown;27;jul;307;6;250;2;unknown;0;no
41;management;married;secondary;no;-502;yes;yes;unknown;28;dec;81;1;-1;0;other;0;yes
87;student;married;secondary;no;4490;yes;no;cellular;28;nov;535;10;237;4;unknown;0;yes
53;housemaid;married;tertiary;no;-3350;no;no;cellular;3;apr;292;1;257;4;other;0;yes
54;student;single;tertiary;no;1471;no;no;cellular;23;apr;163;4;229;0;unknown;0;yes
49;housemaid;divorced;secondary;no;1021;yes;no;cellular;14;jul;164;9;332;4;unknown;0;no
28;entrepreneur;married;secondary;no;1663;yes;no;cellular;13;sep;292;7;271;5;unknown;0;yes
85;blue-collar;single;secondary;no;1647;no;no;unknown;12;dec;358;10;79;4;unknown;0;yes
19;student;married;secondary;no;1168;no;no;cellular;19;may;13;11;272;2;unknown;0;yes
30;self-employed;married;tertiary;no;236;no;no;unknown;15;jul;190;8;90;1;unknown;0;no
34;retired;single;tertiary;no;1073;no;no;cellular;3;feb;219;3;11;2;unknown;0;yes
38;admin.;married;tertiary;no;5489;no;no;cellular;12;sep;262;1;371;2;unknown;0;yes
27;admin.;divorced;tertiary;yes;-336;no;no;cellular;26;jul;481;9;166;1;unknown;0;no
19;services;married;secondary;yes;8166;yes;yes;cellular;4;aug;65;4;169;5;unknown;0;no
66;admin.;married;unknown;no;-505;yes;no;cellular;7;mar;411;8;390;0;failure;0;yes
87;services;married;tertiary;no;2120;yes;no;unknown;4;jun;292;6;240;1;unknown;0;no
26;technician;married;primary;no;3113;no;no;cellular;21;jan;120;2;301;0;unknown;1;no
39;student;divorced;secondary;no;524;no;no;unknown;23;may;381;5;350;3;unknown;0;no
54;technician;single;primary;no;5547;no;no;unknown;23;may;143;11;71;0;unknown;0;yes
84;unemployed;married;secondary;no;3035;yes;no;telephone;2;jun;142;4;55;4;unknown;0;no
67;management;married;secondary;no;785;yes;no;unknown;28;dec;466;9;167;3;success;0;no
73;technician;single;secondary;no;5513;no;no;cellular;25;aug;23;8;23;3;success;0;yes
59;entrepreneur;single;primary;no;-1646;no;no;unknown;24;nov;111;5;181;4;success;0;yes
48;student;married;secondary;no;-296;no;yes;telephone;25;mar;254;9;214;5;unknown;0;yes
32;housemaid;married;primary;no;3087;yes;yes;cellular;23;dec;339;7;391;0;unknown;0;yes
80;student;married;secondary;no;3804;no;no;cellular;2;aug;168;7;62;4;unknown;0;yes
75;unemployed;married;tertiary;no;2367;no;no;unknown;20;jan;62;4;380;0;unknown;0;no
19;entrepreneur;married;unknown;no;1018;no;no;unknown;26;nov;143;11;92;0;unknown;0;yes
69;technician;married;secondary;no;645;no;no;cellular;17;feb;176;3;25;0;unknown;1;no
24;self-employed;married;secondary;no;4794;no;no;cellular;26;oct;567;6;337;1;unknown;0;yes
71;housemaid;married;tertiary;no;2121;yes;no;cellular;2;mar;331;10;101;2;unknown;1;yes
77;services;married;primary;no;-1216;yes;no;unknown;17;sep;111;8;114;1;unknown;0;yes
27;management;divorced;unknown;no;-1389;yes;no;cellular;28;sep;156;7;23;1;unknown;0;yes
49;unemployed;single;tertiary;no;5940;yes;no;telephone;16;feb;359;1;211;5;failure;0;no
26;admin.;married;secondary;no;-756;no;no;cellular;13;dec;224;5;72;0;unknown;0;yes
58;housemaid;married;primary;no;2218;no;no;unknown;9;nov;104;5;240;0;unknown;0;no
84;management;married;primary;no;5452;yes;no;unknown;23;may;383;10;176;2;failure;0;no
23;admin.;divorced;secondary;no;3026;no;no;cellular;27;mar;292;10;104;4;unknown;0;yes
46;management;single;secondary;no;-872;no;no;cellular;11;aug;188;5;237;3;unknown;0;no
88;self-employed;married;tertiary;no;-1647;yes;no;unknown;14;oct;58;4;56;3;unknown;0;no
39;management;divorced;secondary;no;7009;no;no;cellular;13;feb;422;3;323;1;unknown;0;yes
27;blue-collar;single;secondary;no;-1723;yes;no;cellular;18;feb;142;6;275;2;unknown;0;yes
53;housemaid;single;secondary;no;-259;no;no;unknown;13;aug;90;2;29;4;unknown;0;no
54;admin.;married;secondary;no;2517;no;no;cellular;21;apr;73;2;397;2;unknown;0;no
65;housemaid;married;primary;no;743;yes;no;unknown;28;nov;280;11;108;3;unknown;0;yes
40;management;single;secondary;no;3121;yes;no;cellular;9;jul;52;6;385;0;unknown;0;no
86;entrepreneur;married;secondary;no;-3003;no;no;cellular;6;aug;111;5;241;4;unknown;0;no
55;services;single;tertiary;no;768;no;yes;unknown;16;may;151;5;367;5;unknown;0;yes
38;technician;single;secondary;no;3433;yes;no;telephone;15;aug;288;5;180;1;unknown;0;no
87;housemaid;married;secondary;no;3443;no;no;unknown;12;apr;164;10;306;0;failure;0;yes
84;housemaid;married;tertiary;no;-317;no;yes;unknown;5;jun;165;6;119;2;success;0;no
53;student;married;tertiary;no;-1665;yes;yes;cellular;4;jan;78;8;276;5;other;0;yes
19;entrepreneur;married;tertiary;no;2041;yes;no;cellular;14;jun;437;7;66;5;success;0;no
60;blue-collar;single;secondary;no;-2537;yes;yes;telephone;21;oct;351;7;53;3;unknown;0;yes
57;services;single;tertiary;no;5252;yes;no;unknown;16;may;344;5;281;3;unknown;0;no
28;management;married;secondary;no;1872;yes;no;unknown;22;jan;64;9;7;3;success;0;yes
63;entrepreneur;single;secondary;no;-690;no;no;cellular;4;oct;117;11;89;0;unknown;0;no
78;management;married;tertiary;no;-1763;no;no;cellular;27;apr;315;4;192;1;failure;0;yes
25;blue-collar;single;primary;no;-499;yes;no;telephone;20;aug;102;4;271;4;unknown;0;no
70;technician;married;tertiary;no;-3285;yes;yes;cellular;19;sep;34;9;228;2;unknown;0;yes
28;retired;single;secondary;no;2884;yes;no;cellular;24;apr;277;2;366;4;unknown;0;no
71;services;single;primary;no;-1008;no;no;unknown;27;apr;41;5;288;2;other;0;yes
48;technician;married;primary;no;2599;no;no;cellular;23;jul;178;11;81;5;unknown;0;no
18;technician;single;tertiary;no;3012;no;no;cellular;14;jun;398;8;279;4;unknown;1;no
87;blue-collar;divorced;tertiary;no;4297;yes;no;cellular;21;feb;249;3;287;3;success;0;no
29;retired;married;secondary;no;2155;no;no;cellular;12;jan;10;5;339;4;failure;0;yes
60;technician;single;primary;no;4775;no;no;telephone;4;jan;314;11;319;3;unknown;0;yes
31;blue-collar;divorced;secondary;no;5558;yes;no;unknown;28;apr;99;6;248;1;failure;0;no
85;technician;divorced;secondary;no;2174;yes;yes;telephone;18;feb;389;10;251;1;unknown;0;no
71;admin.;married;tertiary;no;2355;yes;no;unknown;23;oct;321;9;178;1;unknown;0;no
75;technician;single;secondary;no;-272;no;no;telephone;20;nov;150;9;126;3;unknown;0;yes
49;retired;divorced;secondary;no;-1562;yes;no;cellular;10;oct;70;8;382;3;unknown;0;no
51;student;single;primary;no;5246;yes;yes;cellular;22;apr;50;2;91;0;success;0;yes
63;services;married;secondary;no;3217;yes;yes;cellular;10;may;737;4;335;2;unknown;1;no
74;management;married;tertiary;no;3460;yes;no;cellular;20;dec;238;1;313;4;failure;0;no
78;services;single;secondary;no;-372;no;no;cellular;23;feb;132;5;244;4;unknown;0;yes
19;management;married;secondary;no;6271;yes;no;telephone;18;may;440;2;126;4;unknown;0;yes
65;entrepreneur;married;unknown;no;714;yes;no;cellular;14;jun;397;7;283;1;unknown;1;no
25;management;married;secondary;no;-1005;no;no;cellular;21;may;292;5;321;4;unknown;0;yes
38;entrepreneur;single;tertiary;no;-321;no;no;cellular;2;dec;178;11;237;1;unknown;0;no
77;self-employed;married;secondary;no;6113;yes;no;unknown;24;oct;327;9;335;4;unknown;0;yes
36;student;divorced;primary;no;-1933;yes;yes;cellular;15;dec;24;3;201;4;unknown;0;no
75;unemployed;single;tertiary;no;-853;yes;no;unknown;16;mar;200;5;347;1;unknown;0;no
51;entrepreneur;divorced;secondary;no;10095;yes;no;cellular;6;jan;301;5;157;4;unknown;0;yes
34;student;divorced;secondary;no;4223;no;no;cellular;5;nov;321;1;325;0;other;1;yes
42;housemaid;married;secondary;no;-799;no;no;cellular;11;feb;89;8;21;3;unknown;0;yes
56;management;single;secondary;no;-1844;yes;no;cellular;23;aug;476;1;359;3;unknown;0;yes
73;technician;married;tertiary;no;-3618;yes;no;cellular;1;nov;382;10;265;5;unknown;0;yes
61;technician;divorced;secondary;no;1691;yes;no;cellular;19;jan;27;6;371;3;unknown;0;no
85;self-employed;married;primary;no;3584;no;no;cellular;28;aug;124;5;368;0;unknown;0;no
80;unemployed;single;secondary;no;5956;yes;no;cellular;20;dec;68;1;194;5;unknown;0;yes
72;management;single;secondary;yes;-4281;yes;yes;cellular;9;dec;207;7;261;1;unknown;0;no
61;management;married;tertiary;no;-2576;yes;no;cellular;9;apr;345;9;112;4;success;0;no
38;management;single;secondary;no;1041;no;no;unknown;10;apr;150;5;390;4;unknown;0;no
47;housemaid;married;tertiary;no;9763;no;no;cellular;5;mar;176;3;70;1;failure;0;yes
26;unemployed;married;secondary;no;4057;yes;no;cellular;17;aug;53;11;70;0;unknown;0;yes
44;self-employed;married;secondary;no;2518;no;no;telephone;22;nov;490;6;152;3;unknown;0;yes
84;management;married;secondary;no;-2274;no;no;cellular;15;nov;267;8;170;2;unknown;0;yes
48;blue-collar;single;secondary;no;-4959;yes;yes;cellular;2;apr;535;9;96;3;unknown;0;no
26;technician;divorced;tertiary;no;1516;no;no;cellular;25;jul;188;7;384;5;unknown;0;yes
64;student;married;primary;no;1101;no;yes;unknown;12;sep;51;7;335;4;unknown;0;yes
87;blue-collar;single;secondary;no;596;yes;no;unknown;15;sep;115;8;76;1;unknown;0;yes
80;unemployed;divorced;tertiary;no;258;no;no;cellular;15;jan;54;10;335;4;unknown;0;no
37;retired;single;secondary;no;-845;yes;no;cellular;18;nov;95;8;121;1;unknown;0;no
50;services;married;primary;no;-1532;yes;no;cellular;1;dec;265;10;173;3;failure;0;no
56;student;divorced;tertiary;no;5568;yes;no;cellular;7;aug;51;4;392;1;unknown;0;no
35;blue-collar;married;secondary;no;-1259;no;no;unknown;17;may;50;2;322;5;success;0;no
37;entrepreneur;single;tertiary;no;571;no;no;cellular;11;oct;224;2;136;2;unknown;0;no
35;admin.;single;tertiary;no;1282;yes;no;cellular;4;mar;211;1;254;1;unknown;0;yes
89;management;single;primary;no;3518;yes;no;cellular;26;mar;284;5;319;5;unknown;0;no
71;housemaid;married;secondary;no;-1155;yes;no;unknown;7;dec;104;10;227;4;unknown;0;no
78;admin.;married;secondary;no;4334;no;no;cellular;7;may;7;1;94;1;unknown;0;no
76;technician;single;tertiary;no;-338;yes;no;cellular;28;sep;405;8;323;0;unknown;0;no
87;housemaid;married;secondary;no;914;no;no;cellular;7;may;168;9;137;5;unknown;0;no
25;management;married;tertiary;no;6329;yes;no;cellular;16;oct;389;11;320;5;success;0;no
81;management;single;secondary;no;-1507;yes;no;cellular;15;oct;191;9;212;1;success;0;yes
22;unemployed;single;secondary;no;3562;yes;no;unknown;28;jul;257;1;318;1;unknown;0;no
52;services;married;primary;no;4413;yes;no;telephone;27;may;325;2;328;4;unknown;0;yes
60;admin.;married;secondary;no;2329;yes;no;cellular;14;sep;108;11;215;4;unknown;1;no
43;admin.;divorced;secondary;no;1047;no;no;cellular;2;mar;86;2;126;2;unknown;0;yes
28;admin.;married;secondary;no;7777;yes;yes;cellular;23;apr;84;11;124;4;unknown;1;no
31;technician;married;tertiary;no;1358;yes;yes;unknown;18;jan;204;11;8;1;unknown;0;yes
77;entrepreneur;married;secondary;no;2012;no;no;cellular;2;jul;334;3;157;2;unknown;0;no
40;management;married;secondary;no;390;yes;no;telephone;4;aug;138;9;78;2;unknown;0;no
40;admin.;divorced;primary;no;1853;no;no;cellular;9;may;451;1;270;1;failure;0;no
84;admin.;married;tertiary;no;4292;no;no;cellular;24;sep;569;2;262;4;success;0;yes
28;blue-collar;married;primary;no;574;no;no;cellular;8;jun;44;5;363;4;success;0;yes
83;self-employed;married;secondary;no;-4925;no;no;unknown;25;mar;457;3;60;3;unknown;0;yes
84;management;married;primary;no;2940;yes;yes;unknown;2;jan;216;5;287;1;unknown;1;yes
61;admin.;married;secondary;no;-1835;yes;yes;cellular;15;nov;296;3;88;3;success;0;no
29;services;divorced;secondary;no;3625;yes;yes;cellular;27;oct;193;3;315;1;unknown;0;no
29;blue-collar;single;secondary;no;1396;yes;no;telephone;19;jun;463;4;322;1;unknown;0;yes
38;services;married;secondary;no;4229;yes;no;unknown;15;mar;289;1;112;3;unknown;0;yes
59;student;married;secondary;no;-1445;yes;no;cellular;11;aug;150;8;388;1;unknown;0;yes
29;housemaid;married;unknown;no;-205;no;no;unknown;17;jun;136;10;171;4;unknown;0;no
50;management;married;secondary;no;379;no;no;unknown;8;may;20;5;251;4;other;0;no
26;student;single;secondary;no;-3046;yes;no;cellular;15;aug;105;3;297;0;unknown;0;yes
56;management;married;tertiary;no;4734;no;no;cellular;2;mar;464;10;239;1;success;0;yes
19;technician;single;secondary;no;-3476;no;no;cellular;7;jan;436;10;347;3;other;0;no
69;student;divorced;secondary;no;4691;yes;no;unknown;21;feb;91;6;21;0;unknown;0;no
21;student;married;secondary;no;2673;no;no;cellular;26;may;0;3;201;4;failure;0;no
32;management;divorced;primary;no;803;no;yes;unknown;12;oct;410;9;315;3;unknown;0;yes
30;unemployed;married;secondary;no;2435;no;no;telephone;19;apr;305;10;1;2;failure;0;no
77;technician;married;secondary;no;2353;no;no;telephone;13;dec;175;1;187;2;success;0;no
21;entrepreneur;single;tertiary;no;198;yes;no;cellular;4;feb;795;4;353;2;unknown;0;yes
48;entrepreneur;married;tertiary;no;2294;no;no;cellular;27;dec;222;10;127;3;unknown;1;yes
60;entrepreneur;single;secondary;no;3593;no;no;unknown;13;oct;560;2;33;3;success;0;no
55;unemployed;single;primary;no;-1434;no;no;cellular;4;jan;254;3;150;0;unknown;0;no
67;entrepreneur;married;secondary;no;2438;yes;no;unknown;1;jul;11;10;209;1;success;0;no
75;unemployed;divorced;secondary;no;-6478;no;no;cellular;6;sep;258;9;30;4;unknown;0;yes
46;self-employed;married;secondary;no;-4388;no;no;cellular;19;jun;73;4;188;5;unknown;0;no
77;technician;single;secondary;no;3093;no;no;cellular;10;dec;194;10;261;5;unknown;0;no
40;blue-collar;married;secondary;no;146;yes;no;cellular;15;feb;2;4;384;1;unknown;0;yes
88;retired;married;tertiary;no;-1160;yes;no;cellular;5;jul;179;3;265;5;unknown;0;no
54;blue-collar;married;secondary;no;1240;yes;no;unknown;26;jul;269;5;44;4;other;1;no
70;technician;divorced;primary;no;212;no;yes;cellular;28;aug;279;7;373;1;success;0;no
81;management;married;secondary;no;-1565;yes;no;cellular;27;apr;71;7;263;4;success;0;yes
75;student;divorced;secondary;no;-3517;no;no;telephone;18;jun;91;3;335;4;unknown;0;yes
79;technician;married;secondary;no;-4504;no;no;unknown;3;feb;175;7;120;4;other;0;no
56;unemployed;married;secondary;no;3616;yes;no;unknown;4;feb;344;1;6;5;unknown;0;no
21;entrepreneur;married;secondary;no;132;no;no;cellular;3;jul;260;1;170;5;success;0;no
53;blue-collar;married;tertiary;no;4308;yes;no;cellular;14;sep;14;3;139;4;unknown;0;no
31;admin.;divorced;tertiary;yes;102;yes;no;cellular;26;sep;501;11;163;3;failure;1;no
82;admin.;married;secondary;no;2464;yes;no;unknown;23;dec;313;8;375;3;success;0;no
35;management;single;secondary;no;1023;no;no;unknown;15;jan;198;1;135;5;unknown;0;yes
34;technician;single;secondary;no;1533;no;no;cellular;21;jun;125;1;102;2;unknown;0;yes
35;technician;married;secondary;no;1679;yes;no;cellular;14;jan;92;10;351;3;failure;0;no
64;technician;single;unknown;no;62;no;no;unknown;18;may;62;6;357;2;unknown;0;no
59;services;divorced;secondary;no;-2288;yes;no;cellular;16;sep;454;8;286;5;unknown;0;yes
86;self-employed;single;secondary;no;3698;yes;no;cellular;17;aug;274;4;44;5;unknown;1;yes
47;entrepreneur;married;tertiary;no;6180;no;no;cellular;14;mar;10;4;358;0;failure;0;yes
38;admin.;single;secondary;no;6377;no;no;telephone;21;jan;479;2;10;0;unknown;0;yes
21;unemployed;single;secondary;no;-259;no;no;cellular;18;feb;201;7;322;5;unknown;0;yes
18;technician;married;secondary;no;-799;no;no;cellular;8;jun;36;7;294;3;unknown;0;no
44;retired;single;secondary;no;-262;yes;no;unknown;27;dec;615;7;163;3;unknown;0;no
84;admin.;married;secondary;no;872;yes;no;telephone;14;may;1;11;73;0;unknown;0;no
55;admin.;single;unknown;no;1242;yes;no;cellular;17;mar;54;8;19;5;unknown;0;yes
82;technician;divorced;secondary;no;-1593;no;no;cellular;15;apr;220;11;8;4;unknown;0;no
25;retired;divorced;secondary;no;-3039;no;no;telephone;9;sep;284;9;115;2;unknown;0;no
24;blue-collar;single;primary;no;1549;yes;no;cellular;3;apr;69;2;186;5;unknown;0;no
78;management;single;primary;no;-9191;yes;no;cellular;6;oct;222;6;134;3;unknown;0;yes
25;unemployed;single;secondary;no;1098;yes;no;unknown;27;jan;226;11;240;5;other;0;yes
21;entrepreneur;married;tertiary;no;-1434;no;no;cellular;28;apr;10;8;35;3;unknown;0;yes
47;housemaid;married;secondary;no;3740;yes;no;cellular;5;apr;148;2;279;2;unknown;0;yes
84;unemployed;married;secondary;no;4542;no;yes;cellular;17;jun;57;3;56;4;unknown;1;yes
67;unemployed;married;primary;no;4613;yes;no;telephone;8;may;3;1;173;0;unknown;0;yes
25;blue-collar;divorced;secondary;no;360;no;no;cellular;16;jul;166;8;3;3;unknown;1;no
78;services;divorced;secondary;no;-2005;yes;no;telephone;19;apr;93;5;371;5;unknown;0;no
78;blue-collar;married;tertiary;yes;-1043;yes;no;telephone;1;mar;51;5;172;5;unknown;0;yes
75;admin.;married;secondary;no;2262;yes;no;cellular;27;aug;413;11;145;1;unknown;1;no
82;student;single;tertiary;no;-3537;yes;no;cellular;26;apr;21;11;62;2;unknown;0;yes
35;retired;married;tertiary;no;5580;no;no;cellular;27;nov;169;2;88;1;unknown;0;no
88;housemaid;single;secondary;no;408;no;no;unknown;14;dec;212;10;104;3;unknown;0;no
41;student;divorced;secondary;no;2900;yes;no;unknown;21;mar;118;11;32;3;success;0;no
75;blue-collar;married;tertiary;no;-3944;yes;no;unknown;28;apr;3;1;189;5;unknown;0;yes
59;self-employed;married;unknown;no;-1377;yes;no;cellular;6;dec;212;11;53;5;unknown;0;no
74;blue-collar;married;secondary;no;-4317;no;no;cellular;5;oct;204;9;60;3;unknown;0;yes
63;technician;married;secondary;no;4463;yes;no;telephone;23;jun;62;4;30;1;unknown;1;yes
64;admin.;married;secondary;no;919;yes;no;cellular;10;jul;214;7;20;2;unknown;0;no
62;technician;married;tertiary;no;3113;yes;yes;unknown;6;mar;273;1;330;2;unknown;0;no
74;student;married;tertiary;no;1590;no;no;cellular;6;aug;337;8;304;2;unknown;0;no
71;blue-collar;married;tertiary;no;2805;yes;no;cellular;20;dec;353;4;268;1;unknown;0;no
27;management;married;primary;no;387;no;no;unknown;11;jun;461;3;353;4;unknown;0;yes
77;retired;single;secondary;no;789;no;no;telephone;9;jun;241;9;178;4;failure;0;no
56;services;married;tertiary;no;1124;yes;no;cellular;28;aug;57;9;131;5;unknown;0;yes
41;self-employed;divorced;secondary;no;2616;yes;yes;cellular;28;oct;160;4;168;0;unknown;1;no
55;student;married;tertiary;no;2696;yes;yes;cellular;12;jul;33;2;181;1;unknown;0;yes
87;admin.;married;secondary;no;9834;no;no;cellular;7;jun;389;9;37;0;success;0;yes
79;entrepreneur;married;tertiary;no;6444;yes;no;cellular;24;jun;494;10;111;1;success;0;yes
78;management;single;tertiary;no;-3936;yes;no;unknown;22;jan;218;10;184;0;unknown;0;no
51;admin.;married;secondary;no;970;yes;no;cellular;22;oct;452;5;181;1;unknown;0;no
74;student;married;primary;no;182;no;no;telephone;7;may;438;6;152;3;unknown;0;yes
45;admin.;married;tertiary;no;5240;no;no;cellular;9;nov;280;2;30;1;unknown;0;yes
67;services;divorced;primary;no;452;yes;no;telephone;3;may;325;4;108;3;unknown;0;yes
64;admin.;married;tertiary;no;2792;no;yes;cellular;17;apr;409;8;180;0;unknown;0;no
35;blue-collar;married;secondary;yes;-5611;yes;no;cellular;2;nov;59;9;82;4;unknown;0;no
37;unemployed;divorced;secondary;no;-3140;yes;no;cellular;24;feb;269;5;181;4;unknown;0;no
22;management;married;secondary;no;7676;yes;no;cellular;9;oct;330;11;124;4;unknown;0;no
28;admin.;married;unknown;no;1550;no;no;cellular;18;oct;66;3;118;2;other;0;yes
49;technician;single;tertiary;no;-1595;no;no;cellular;5;mar;602;8;371;1;success;1;yes
52;student;married;tertiary;no;2128;yes;no;cellular;8;mar;438;8;346;2;other;0;no
29;housemaid;married;tertiary;yes;-1759;yes;no;unknown;8;apr;440;7;278;5;failure;0;no
48;student;married;secondary;no;549;yes;no;cellular;25;nov;301;4;164;5;unknown;0;yes
61;blue-collar;married;tertiary;no;-2957;yes;yes;cellular;28;may;30;8;319;3;success;0;no
34;unemployed;divorced;secondary;no;-966;yes;no;cellular;16;feb;33;3;54;5;unknown;0;yes
42;housemaid;single;secondary;no;150;yes;no;unknown;3;may;200;10;69;1;unknown;0;no
44;unemployed;single;secondary;no;4762;yes;no;cellular;28;feb;359;7;298;3;unknown;0;no
54;retired;married;secondary;no;2792;yes;no;cellular;9;jul;328;5;360;1;unknown;0;no
44;management;single;tertiary;no;3315;yes;no;unknown;19;mar;562;4;53;0;unknown;0;no
71;blue-collar;single;secondary;no;1322;yes;no;cellular;7;apr;157;2;194;4;unknown;0;yes
41;admin.;married;tertiary;no;3868;no;no;unknown;13;jan;147;1;28;2;unknown;0;no
49;services;divorced;unknown;no;-1220;yes;yes;cellular;2;jan;221;4;389;3;failure;0;no
45;housemaid;single;secondary;no;-798;no;no;cellular;13;sep;11;3;143;5;unknown;1;yes
31;self-employed;single;primary;no;2622;yes;no;cellular;19;dec;520;8;325;2;unknown;0;yes
67;technician;married;secondary;no;562;yes;no;cellular;25;may;169;5;317;5;unknown;0;yes
34;technician;married;primary;no;1358;yes;no;cellular;27;jan;270;2;60;3;unknown;0;yes
39;admin.;single;tertiary;no;907;yes;yes;cellular;28;dec;382;7;380;1;unknown;0;yes
75;housemaid;single;secondary;no;5160;no;no;cellular;28;may;69;7;384;0;unknown;0;no
86;management;married;secondary;no;5316;yes;no;unknown;12;may;275;6;261;5;unknown;0;yes
66;management;married;secondary;no;-478;yes;no;unknown;8;oct;218;8;383;4;unknown;0;no
83;admin.;single;secondary;no;-3879;yes;no;cellular;5;sep;415;11;357;1;unknown;0;no
79;student;married;secondary;no;-734;yes;no;cellular;5;sep;221;7;222;4;failure;0;no
52;retired;married;secondary;no;-1290;no;yes;unknown;2;sep;351;4;224;4;unknown;0;no
73;housemaid;single;secondary;no;3895;no;no;cellular;20;jan;33;7;397;0;unknown;0;no
41;entrepreneur;married;tertiary;no;4161;yes;no;cellular;10;apr;79;10;71;5;unknown;0;no
51;technician;married;primary;no;-1693;yes;no;unknown;15;sep;605;8;185;0;unknown;0;yes
56;housemaid;married;secondary;no;-863;yes;no;cellular;10;nov;502;6;223;0;unknown;0;no
87;unemployed;divorced;secondary;no;-3037;yes;no;cellular;16;aug;210;2;32;2;unknown;0;yes
79;unemployed;married;secondary;no;1803;yes;no;unknown;12;may;17;8;292;1;unknown;0;yes
53;services;single;primary;no;1265;yes;no;cellular;17;nov;56;9;250;2;unknown;0;no
64;self-employed;divorced;tertiary;no;3767;yes;yes;telephone;5;jul;263;6;24;3;unknown;0;yes
32;student;single;primary;no;2891;yes;yes;unknown;26;feb;28;7;337;2;unknown;0;yes
75;retired;married;secondary;no;3230;yes;no;cellular;14;may;166;2;164;2;unknown;0;yes
57;technician;married;secondary;no;-3226;no;no;unknown;20;nov;55;11;38;3;unknown;0;yes
56;self-employed;married;secondary;no;-478;no;no;cellular;27;jun;306;5;28;5;unknown;0;no
73;self-employed;single;secondary;no;4246;yes;no;unknown;3;jul;115;10;105;4;unknown;0;no
63;blue-collar;divorced;tertiary;no;-215;no;yes;cellular;7;jan;720;8;155;2;failure;0;no
23;unemployed;single;tertiary;no;-3482;yes;no;cellular;16;aug;520;8;156;4;unknown;0;yes
38;services;married;secondary;no;3823;yes;no;telephone;20;apr;716;4;222;5;unknown;0;yes
30;admin.;married;unknown;no;-331;no;no;unknown;14;feb;341;3;260;0;unknown;0;no
70;student;divorced;secondary;no;4587;yes;no;unknown;2;dec;531;4;285;1;unknown;0;yes
20;blue-collar;married;secondary;no;1344;no;yes;telephone;20;may;398;3;173;5;unknown;0;yes
32;management;single;tertiary;no;568;no;no;unknown;19;oct;19;8;138;5;unknown;0;yes
61;entrepreneur;married;secondary;no;5489;yes;no;cellular;1;sep;145;2;296;4;unknown;0;no
68;admin.;single;secondary;no;-2507;yes;no;unknown;27;nov;304;9;43;4;unknown;0;no
54;admin.;single;primary;no;5702;yes;no;cellular;25;jun;450;2;359;5;failure;0;no
79;services;married;tertiary;no;-518;no;no;cellular;8;sep;218;6;194;0;unknown;0;yes
84;retired;married;secondary;no;1887;yes;no;cellular;18;dec;330;4;248;3;failure;0;yes
27;retired;single;tertiary;no;1915;no;yes;unknown;23;aug;153;9;46;1;unknown;0;no
86;services;married;secondary;no;118;yes;yes;cellular;13;aug;137;4;29;5;failure;0;yes
62;management;married;tertiary;no;-886;no;yes;cellular;3;nov;74;10;33;0;unknown;0;yes
63;management;married;primary;no;290;yes;no;cellular;12;may;308;10;154;0;unknown;0;no
24;blue-collar;married;secondary;no;-1643;no;no;cellular;11;jul;121;6;291;3;unknown;1;no
62;unemployed;single;secondary;no;7285;no;no;cellular;23;sep;36;1;383;1;unknown;0;yes
70;self-employed;married;secondary;no;-43;yes;no;cellular;1;nov;101;8;241;5;unknown;0;no
59;housemaid;married;primary;no;4876;yes;yes;unknown;27;oct;277;8;168;1;unknown;0;yes
24;management;divorced;secondary;no;4481;yes;no;unknown;10;may;353;1;209;4;unknown;0;yes
55;self-employed;married;secondary;no;2488;yes;no;cellular;11;oct;183;7;62;2;unknown;0;no
85;blue-collar;married;secondary;no;992;no;no;cellular;9;aug;433;1;62;3;unknown;0;no
70;services;single;unknown;no;1981;yes;no;unknown;1;jun;518;3;342;5;unknown;0;no
27;management;divorced;secondary;no;3116;no;no;cellular;20;jun;162;7;367;3;unknown;0;yes
87;housemaid;single;primary;yes;1701;yes;no;cellular;21;oct;414;6;334;1;unknown;0;no
87;self-employed;single;primary;no;-3300;no;no;cellular;9;jan;86;7;343;5;unknown;0;no
30;retired;married;primary;no;-4054;no;no;cellular;4;dec;40;5;288;5;failure;0;no
75;technician;married;secondary;no;5926;no;no;cellular;24;mar;31;4;336;2;unknown;0;yes
47;services;divorced;tertiary;no;-6504;no;no;cellular;20;sep;47;1;13;2;unknown;0;no
60;technician;divorced;secondary;no;1987;yes;no;unknown;9;dec;132;7;20;4;failure;0;yes
50;entrepreneur;single;primary;no;695;no;no;cellular;19;mar;616;6;357;3;other;0;no
74;blue-collar;married;secondary;no;1882;yes;no;cellular;7;aug;115;2;23;0;other;0;yes
89;retired;married;secondary;no;-2019;yes;no;cellular;18;jul;144;2;99;1;unknown;0;yes
75;entrepreneur;married;secondary;no;2452;no;no;telephone;14;jan;250;9;185;0;unknown;0;no
85;self-employed;divorced;tertiary;no;2018;no;no;cellular;6;aug;44;10;207;1;success;0;no
86;housemaid;single;secondary;no;9683;no;no;cellular;19;dec;249;4;111;1;unknown;0;no
24;technician;married;secondary;no;1789;no;no;telephone;6;nov;351;11;354;5;unknown;0;yes
36;unemployed;married;tertiary;no;5444;no;no;cellular;25;dec;516;7;130;5;unknown;0;no
69;self-employed;married;tertiary;no;-3096;no;no;cellular;3;jun;482;7;312;0;unknown;0;no
60;housemaid;married;tertiary;no;4460;no;yes;cellular;23;sep;292;11;282;4;unknown;0;no
21;management;single;tertiary;no;2078;yes;no;cellular;9;mar;175;7;13;4;unknown;0;no
24;retired;single;secondary;no;2209;yes;no;cellular;15;apr;186;6;373;5;unknown;0;yes
55;self-employed;married;secondary;no;2250;yes;no;unknown;24;dec;301;2;78;5;success;0;yes
62;admin.;single;tertiary;no;6519;no;yes;cellular;28;apr;210;6;238;2;unknown;1;no
30;blue-collar;divorced;tertiary;no;2165;no;no;cellular;14;sep;201;4;237;2;unknown;0;yes
30;technician;married;secondary;no;-952;no;no;unknown;9;nov;33;2;5;1;unknown;0;no
27;self-employed;married;secondary;no;-447;no;no;cellular;21;aug;354;6;388;5;unknown;0;yes
58;admin.;married;tertiary;no;3851;no;no;unknown;28;jan;279;1;10;0;unknown;1;yes
18;admin.;married;secondary;no;2742;no;no;cellular;9;dec;68;11;169;3;other;0;yes
59;management;married;primary;no;-3191;no;no;cellular;11;mar;517;11;88;2;unknown;0;yes
52;services;single;secondary;no;2943;no;no;telephone;24;dec;261;8;78;2;success;0;no
51;blue-collar;married;secondary;no;-1847;yes;yes;unknown;8;feb;64;10;-1;5;unknown;0;no
66;management;married;secondary;no;2714;no;no;unknown;16;may;408;10;44;2;unknown;0;yes
55;management;divorced;secondary;no;-1016;no;no;cellular;11;sep;85;9;50;0;failure;0;no
70;unemployed;married;secondary;no;555;no;no;unknown;15;jan;138;2;265;5;unknown;1;no
73;unemployed;single;secondary;no;-234;yes;no;cellular;17;may;182;11;15;5;unknown;1;no
84;student;single;primary;no;5956;yes;no;telephone;15;nov;392;3;213;2;failure;0;yes
75;blue-collar;single;secondary;no;2605;no;no;cellular;14;nov;208;2;106;1;unknown;0;no
55;unemployed;single;secondary;no;5183;no;no;cellular;11;jul;343;10;8;4;unknown;0;no
53;entrepreneur;single;tertiary;no;10085;no;no;cellular;2;oct;94;9;12;0;failure;1;yes
34;technician;single;secondary;no;1540;no;no;cellular;22;oct;0;7;333;3;unknown;0;yes
61;entrepreneur;married;secondary;no;5905;no;no;cellular;10;dec;226;2;363;1;unknown;0;yes
28;self-employed;married;secondary;no;-698;yes;yes;cellular;3;jun;74;4;245;1;unknown;0;yes
85;management;married;primary;no;5164;no;no;cellular;14;apr;179;7;206;0;unknown;0;yes
78;technician;married;primary;no;-1022;yes;no;telephone;23;nov;369;8;89;3;unknown;0;yes
26;management;married;unknown;no;1344;no;yes;cellular;19;jun;59;8;343;4;unknown;0;no
74;management;married;primary;no;3010;yes;no;cellular;17;aug;72;3;193;2;unknown;0;no
26;unemployed;married;primary;no;3482;no;no;telephone;27;aug;241;8;269;5;unknown;0;no
69;self-employed;married;tertiary;no;-2417;yes;no;cellular;19;oct;205;2;312;0;unknown;0;yes
24;unemployed;married;secondary;no;-1201;yes;no;cellular;27;dec;421;3;180;5;unknown;1;yes
53;technician;single;secondary;no;3234;no;no;unknown;26;may;246;1;127;4;unknown;0;yes
65;management;single;secondary;no;296;no;yes;unknown;15;may;238;10;183;0;unknown;0;no
70;entrepreneur;single;tertiary;no;-2792;no;no;cellular;2;nov;112;5;356;2;unknown;0;no
48;management;married;primary;no;1187;no;no;cellular;16;apr;357;7;286;3;unknown;0;yes
84;unemployed;divorced;secondary;no;1043;no;no;cellular;27;aug;187;1;274;3;unknown;0;yes
73;entrepreneur;single;tertiary;no;1930;yes;no;cellular;20;aug;465;11;124;2;unknown;0;yes
32;management;married;tertiary;no;2987;no;no;cellular;7;jun;122;5;124;1;unknown;0;yes
66;entrepreneur;divorced;unknown;yes;2796;no;yes;cellular;24;aug;232;5;209;1;failure;1;no
70;retired;married;secondary;no;-904;no;yes;unknown;24;sep;228;4;5;3;failure;0;yes
42;technician;single;tertiary;no;167;yes;no;unknown;21;mar;282;4;41;3;unknown;0;yes
71;retired;single;secondary;no;4183;no;yes;cellular;5;mar;500;4;219;2;unknown;0;no
82;retired;married;tertiary;no;-229;yes;no;telephone;21;jun;52;10;312;1;unknown;0;yes
76;admin.;single;tertiary;no;214;no;no;telephone;25;nov;58;1;149;3;failure;0;yes
72;self-employed;married;primary;no;-3112;yes;yes;cellular;13;may;149;9;127;1;unknown;1;no
63;blue-collar;married;secondary;no;1313;yes;no;unknown;20;jun;158;3;278;2;unknown;0;no
37;admin.;married;secondary;no;2435;yes;yes;cellular;25;jun;681;1;66;5;unknown;0;no
75;self-employed;married;tertiary;no;-4526;no;no;telephone;21;oct;406;10;34;4;unknown;0;yes
44;self-employed;married;primary;no;-1810;no;no;cellular;19;feb;323;5;294;4;unknown;0;no
56;admin.;single;tertiary;no;-2865;no;no;cellular;12;aug;376;10;195;0;failure;0;no
40;technician;married;secondary;no;3765;yes;no;cellular;5;aug;474;1;31;4;unknown;0;yes
40;retired;married;secondary;no;-4337;no;no;cellular;8;mar;97;1;252;3;success;0;yes
29;blue-collar;single;secondary;no;1163;yes;no;cellular;17;mar;147;10;380;3;failure;0;yes
87;entrepreneur;married;tertiary;no;3553;yes;no;unknown;21;sep;288;3;137;1;unknown;0;yes
28;retired;married;primary;no;1963;no;no;telephone;9;jan;119;6;273;2;unknown;0;yes
24;unemployed;single;secondary;no;80;yes;no;cellular;11;mar;34;2;278;2;unknown;1;yes
85;admin.;divorced;primary;no;2439;no;no;cellular;6;jun;114;3;294;2;other;0;yes
57;entrepreneur;married;tertiary;no;4510;yes;yes;cellular;10;jan;296;7;186;4;unknown;0;yes
49;student;married;tertiary;no;1077;no;no;cellular;19;jan;402;1;27;0;unknown;0;yes
71;blue-collar;single;secondary;no;-5316;yes;yes;cellular;1;aug;34;9;45;3;unknown;0;no
45;blue-collar;divorced;secondary;no;4843;yes;no;cellular;18;aug;182;4;222;5;unknown;0;yes
27;management;married;secondary;no;2600;yes;no;cellular;2;dec;209;11;203;1;unknown;1;no
70;student;married;secondary;no;1300;no;yes;cellular;27;aug;58;5;6;4;unknown;0;no
30;admin.;married;tertiary;no;-4541;yes;no;cellular;21;feb;309;8;89;0;unknown;0;no
57;management;single;secondary;yes;505;yes;no;unknown;28;jul;198;11;126;3;failure;0;no
86;technician;divorced;secondary;no;-1226;yes;no;unknown;11;jan;32;8;325;1;unknown;0;no
85;self-employed;single;tertiary;no;-2248;yes;yes;unknown;12;feb;123;11;287;3;unknown;0;no
43;blue-collar;married;secondary;no;990;yes;no;cellular;14;mar;327;8;343;4;unknown;0;no
74;student;single;primary;no;-207;no;no;cellular;5;feb;415;6;81;5;unknown;0;no
62;entrepreneur;single;primary;no;-10;yes;yes;cellular;21;dec;287;11;347;0;unknown;0;no
52;unemployed;married;secondary;no;3618;yes;no;unknown;4;aug;601;11;277;1;unknown;0;no
28;blue-collar;single;secondary;no;2166;no;no;telephone;24;aug;443;11;13;4;unknown;0;no
45;services;married;primary;no;-86;yes;no;unknown;28;jan;330;9;217;5;unknown;0;yes
64;unemployed;married;secondary;no;-467;no;no;cellular;8;feb;79;2;99;2;success;0;yes
89;entrepreneur;single;secondary;no;35;no;no;unknown;12;feb;446;9;363;0;unknown;0;yes
18;student;married;tertiary;no;657;no;no;unknown;1;aug;66;3;173;0;unknown;0;no
69;unemployed;divorced;primary;no;3152;yes;no;cellular;10;oct;369;3;195;0;failure;0;yes
78;student;married;secondary;no;-1727;yes;no;cellular;6;aug;268;9;375;0;other;0;no
86;student;married;primary;no;5775;yes;yes;cellular;18;mar;121;9;116;5;other;0;no
48;blue-collar;married;secondary;no;3154;yes;yes;cellular;23;apr;59;1;246;5;unknown;0;yes
26;retired;married;primary;no;-6813;no;no;cellular;2;jun;162;11;349;0;other;0;no
37;technician;married;secondary;yes;1656;yes;yes;cellular;5;jun;87;8;224;5;other;1;no
79;services;single;tertiary;no;4522;yes;yes;cellular;19;feb;225;10;188;4;unknown;0;yes
81;self-employed;married;primary;no;2566;no;no;unknown;13;jun;313;10;117;3;unknown;0;no
63;technician;married;tertiary;no;162;no;no;cellular;25;mar;89;6;110;2;unknown;0;yes
26;retired;single;secondary;no;1216;no;no;unknown;23;mar;155;4;332;1;unknown;0;yes
26;entrepreneur;married;secondary;no;1934;yes;yes;cellular;21;nov;263;1;162;2;unknown;0;yes
52;services;single;secondary;no;3708;no;no;unknown;28;feb;210;8;128;5;unknown;0;no
60;student;married;secondary;no;-2845;no;no;cellular;12;oct;489;5;173;5;unknown;0;no
20;entrepreneur;married;tertiary;no;-415;no;no;cellular;19;jan;82;5;18;3;unknown;0;no
67;admin.;single;tertiary;yes;6315;yes;yes;unknown;4;mar;327;8;84;1;unknown;0;no
57;services;single;tertiary;no;1498;yes;no;cellular;3;nov;272;5;361;2;failure;0;no
18;housemaid;single;secondary;no;5983;yes;no;unknown;7;mar;97;2;317;0;other;0;yes
24;self-employed;married;secondary;no;10356;no;no;cellular;9;jan;237;10;357;1;unknown;0;no
50;student;married;primary;no;-76;yes;no;cellular;8;jun;202;5;327;1;unknown;0;no
70;self-employed;single;secondary;no;-2191;yes;no;telephone;19;mar;121;8;8;5;other;0;no
77;admin.;single;primary;no;603;yes;no;cellular;11;aug;574;8;174;5;unknown;0;no
49;housemaid;single;secondary;no;4696;no;no;telephone;20;jul;477;3;47;3;unknown;0;no
39;technician;single;secondary;no;5116;yes;no;cellular;4;jul;67;10;-1;5;unknown;0;no
87;admin.;single;tertiary;no;8215;yes;no;telephone;10;jan;347;11;92;3;failure;0;no
51;entrepreneur;married;primary;no;1289;no;yes;cellular;17;apr;368;8;35;1;unknown;0;yes
40;blue-collar;single;secondary;no;2864;no;no;cellular;28;jan;249;10;359;3;unknown;0;yes
49;entrepreneur;married;secondary;no;-735;no;no;cellular;11;dec;0;7;200;3;unknown;1;no
18;self-employed;married;tertiary;no;-6120;yes;yes;cellular;16;feb;29;4;375;1;unknown;0;yes
39;admin.;single;secondary;no;1281;yes;no;cellular;14;nov;325;3;99;3;unknown;0;no
55;blue-collar;married;primary;no;-2061;yes;no;cellular;1;nov;321;11;199;5;unknown;0;no
84;self-employed;married;primary;no;3330;yes;yes;unknown;8;aug;162;8;128;5;unknown;0;yes
71;retired;divorced;secondary;no;-4244;yes;no;cellular;9;oct;483;6;202;5;unknown;0;yes
74;blue-collar;single;secondary;no;-817;yes;yes;cellular;13;nov;518;10;209;3;unknown;0;no
57;blue-collar;married;tertiary;no;2203;yes;no;unknown;6;nov;516;7;11;3;other;0;no
25;self-employed;divorced;tertiary;yes;2517;yes;no;unknown;20;apr;517;5;263;5;unknown;0;yes
46;admin.;married;tertiary;no;1257;no;no;cellular;14;oct;216;1;78;1;failure;0;yes
89;self-employed;single;secondary;no;7002;yes;no;unknown;3;apr;46;10;69;0;success;0;yes
21;housemaid;married;tertiary;no;6108;no;no;cellular;10;feb;155;1;398;0;unknown;0;yes
81;housemaid;married;secondary;no;-652;no;no;telephone;15;apr;197;4;272;2;unknown;0;no
67;retired;married;primary;no;6228;yes;no;cellular;7;dec;94;7;32;0;unknown;0;no
38;blue-collar;married;secondary;no;6686;yes;no;cellular;18;feb;143;7;38;4;unknown;0;yes
74;retired;married;secondary;no;1028;no;no;cellular;22;jul;11;8;25;1;unknown;1;no
78;services;married;secondary;no;1536;no;no;cellular;19;feb;362;10;223;0;other;0;no
21;self-employed;single;unknown;no;1247;yes;yes;cellular;19;jun;545;6;268;2;unknown;0;no
25;blue-collar;married;tertiary;no;-534;yes;no;cellular;26;nov;696;10;266;2;unknown;0;no
65;entrepreneur;married;secondary;no;-237;no;no;unknown;15;dec;269;7;-1;3;failure;0;no
89;technician;divorced;secondary;no;5357;no;no;cellular;22;nov;185;6;112;5;unknown;0;yes
19;housemaid;single;secondary;no;2712;no;no;telephone;10;nov;212;5;68;3;failure;0;yes
65;entrepreneur;divorced;secondary;no;-262;yes;no;cellular;21;jul;492;6;333;4;failure;0;yes
27;student;married;primary;no;-1377;no;no;unknown;17;jan;488;6;52;4;unknown;0;yes
64;technician;married;secondary;no;-874;no;no;cellular;25;aug;171;11;314;0;unknown;0;no
62;blue-collar;single;secondary;no;908;yes;no;cellular;3;jun;460;2;91;1;unknown;0;yes
24;blue-collar;single;tertiary;no;4139;no;no;cellular;26;mar;252;6;352;2;unknown;0;no
67;blue-collar;married;tertiary;no;-1180;yes;no;cellular;7;sep;72;2;123;1;unknown;0;no
82;admin.;divorced;primary;no;4105;yes;no;cellular;24;jan;189;1;132;2;unknown;0;yes
80;blue-collar;single;tertiary;no;1990;no;no;cellular;11;feb;560;6;211;1;unknown;0;yes
20;management;single;primary;no;1828;no;no;cellular;18;jun;364;6;372;0;unknown;1;yes
35;unemployed;married;secondary;no;4477;no;no;cellular;10;mar;118;4;175;2;unknown;0;no
35;services;single;secondary;no;3930;no;no;unknown;24;sep;407;7;190;1;other;0;yes
50;retired;married;primary;no;-2813;yes;no;cellular;21;oct;362;1;149;3;unknown;0;no
28;unemployed;divorced;primary;no;-1852;yes;no;cellular;10;sep;158;9;120;1;unknown;0;no
79;admin.;married;secondary;no;711;yes;no;cellular;4;feb;70;5;393;3;unknown;0;yes
73;housemaid;married;primary;no;2467;yes;no;cellular;27;aug;2;1;246;5;unknown;0;no
76;entrepreneur;married;tertiary;no;5493;no;no;cellular;28;dec;108;11;386;2;failure;0;no
32;admin.;single;secondary;no;1595;yes;yes;cellular;5;dec;89;7;352;3;unknown;0;no
19;admin.;divorced;secondary;no;6511;yes;no;cellular;9;feb;184;6;168;0;unknown;0;no
83;self-employed;divorced;unknown;no;-720;yes;no;unknown;7;mar;472;7;354;0;unknown;0;no
38;management;single;secondary;no;-212;yes;no;cellular;7;mar;384;7;46;0;unknown;0;yes
65;self-employed;divorced;secondary;no;482;yes;no;cellular;5;apr;259;8;92;2;failure;0;no
83;blue-collar;single;tertiary;no;-1051;no;no;cellular;21;nov;154;8;181;2;unknown;0;yes
20;management;married;secondary;no;4878;yes;yes;cellular;22;jan;279;3;55;0;unknown;0;no
18;management;single;primary;no;-6909;no;yes;cellular;17;jul;109;8;-1;2;unknown;0;yes
18;entrepreneur;married;secondary;no;-110;yes;no;unknown;13;dec;394;9;175;5;unknown;0;no
29;technician;married;secondary;no;4844;no;no;telephone;28;oct;400;2;21;5;unknown;0;yes
21;retired;married;tertiary;no;463;no;no;cellular;21;jun;230;9;375;3;failure;0;yes
77;management;married;primary;no;4618;no;no;cellular;2;jul;383;4;211;4;unknown;1;yes
61;technician;divorced;secondary;no;7993;no;no;unknown;15;may;422;2;385;3;unknown;0;yes
88;management;divorced;tertiary;no;1641;yes;no;cellular;5;sep;241;8;254;1;unknown;0;no
75;blue-collar;married;unknown;no;4906;yes;no;unknown;12;dec;191;9;105;4;unknown;0;yes
87;entrepreneur;single;primary;no;8657;no;yes;cellular;12;jul;45;7;263;5;failure;0;no
35;admin.;married;secondary;no;2606;yes;no;cellular;26;jun;148;7;21;1;unknown;0;yes
38;self-employed;married;tertiary;no;1255;no;yes;cellular;23;nov;20;5;197;2;unknown;1;no
79;self-employed;married;secondary;no;4107;no;no;telephone;13;may;18;5;282;2;unknown;0;no
35;entrepreneur;married;primary;no;4952;yes;no;unknown;22;jan;73;4;175;4;unknown;0;no
22;student;married;primary;no;1283;yes;no;cellular;18;mar;172;9;88;0;unknown;0;no
66;retired;married;tertiary;no;-51;no;no;cellular;16;aug;415;6;368;4;unknown;0;yes
75;self-employed;married;secondary;no;6552;no;no;unknown;25;jun;263;2;79;1;unknown;0;yes
87;entrepreneur;married;secondary;no;588;no;no;unknown;18;nov;452;3;106;2;unknown;0;no
84;unemployed;divorced;tertiary;no;4981;no;yes;cellular;6;sep;380;4;292;0;unknown;1;no
26;technician;married;secondary;no;2188;yes;no;cellular;12;jul;319;9;99;4;unknown;0;yes
73;unemployed;married;primary;no;6880;yes;no;cellular;12;nov;378;10;75;0;unknown;0;no
78;self-employed;married;secondary;no;-1147;yes;no;telephone;24;sep;250;2;52;1;failure;0;no
68;student;married;tertiary;no;-1152;yes;no;cellular;5;mar;481;2;312;3;unknown;0;no
77;retired;married;secondary;no;3963;no;no;cellular;14;sep;118;6;43;2;success;0;no
78;services;married;tertiary;no;-1991;no;no;cellular;16;sep;215;11;369;1;success;0;yes
50;housemaid;single;primary;no;1749;no;no;unknown;27;dec;164;4;54;3;unknown;0;no
20;admin.;single;primary;no;6045;yes;no;cellular;23;jan;623;7;56;0;unknown;0;yes
50;technician;single;tertiary;no;-3954;yes;no;cellular;8;feb;93;8;384;2;unknown;0;no
32;unemployed;single;primary;yes;2606;yes;no;unknown;2;oct;477;1;216;1;unknown;1;yes
26;student;married;primary;no;5035;yes;no;cellular;4;dec;52;5;284;3;unknown;0;yes
26;management;married;tertiary;no;1322;yes;yes;cellular;2;apr;240;2;278;1;unknown;0;no
68;retired;married;secondary;no;-1381;yes;no;cellular;12;dec;183;11;111;4;unknown;0;no
54;management;married;secondary;no;612;yes;no;telephone;21;jan;15;1;211;0;unknown;0;yes
56;retired;married;tertiary;no;-1115;yes;yes;telephone;19;sep;87;2;186;0;unknown;0;no
71;admin.;married;primary;no;1607;no;no;unknown;20;may;320;9;363;1;unknown;0;no
57;unemployed;single;secondary;no;569;no;no;cellular;15;aug;152;2;338;5;unknown;0;yes
63;unemployed;married;secondary;no;-139;yes;yes;cellular;12;nov;26;3;21;5;unknown;1;no
24;management;married;primary;no;2798;no;no;cellular;24;jul;399;7;256;0;unknown;0;yes
79;services;single;tertiary;no;6137;yes;no;cellular;11;mar;215;7;397;0;failure;0;no
50;housemaid;married;secondary;no;2383;yes;no;telephone;17;dec;286;11;177;0;unknown;0;no
29;services;single;tertiary;no;5430;no;no;unknown;8;apr;438;10;221;3;unknown;0;no
76;admin.;divorced;tertiary;no;6136;yes;no;cellular;11;jul;529;10;304;5;unknown;0;no
70;admin.;divorced;tertiary;no;-359;no;no;cellular;2;mar;237;10;80;4;unknown;0;no
21;self-employed;married;secondary;no;2224;yes;no;cellular;18;nov;198;7;109;1;unknown;0;no
31;retired;married;secondary;no;125;yes;no;cellular;15;dec;115;10;250;5;other;0;yes
19;technician;single;tertiary;no;-3046;yes;no;telephone;9;may;765;8;386;1;unknown;0;no
37;self-employed;single;secondary;no;2467;yes;no;unknown;18;jun;250;6;263;2;unknown;0;yes
25;technician;single;tertiary;no;-1756;yes;no;unknown;4;jun;414;11;308;4;unknown;0;yes
69;management;married;tertiary;no;2852;yes;no;unknown;25;dec;94;2;-1;1;unknown;0;yes
55;admin.;married;secondary;no;-3267;yes;no;cellular;1;aug;148;5;32;4;unknown;0;no
88;entrepreneur;married;primary;no;1912;yes;no;unknown;16;feb;439;4;333;2;unknown;0;yes
71;entrepreneur;married;secondary;no;-3312;no;yes;telephone;8;oct;323;6;309;5;unknown;0;yes
62;housemaid;married;secondary;no;3421;no;no;cellular;5;jun;555;4;22;3;unknown;0;no
54;services;divorced;secondary;no;219;no;no;cellular;5;jan;53;5;152;5;unknown;0;yes
21;management;married;secondary;no;-69;no;no;unknown;9;jun;176;11;81;2;failure;0;yes
23;student;single;tertiary;no;4779;no;no;unknown;18;jan;322;9;240;2;failure;1;no
62;self-employed;divorced;secondary;no;435;no;yes;cellular;22;apr;353;9;235;1;unknown;0;no
18;admin.;married;secondary;no;1732;no;yes;cellular;27;sep;303;4;2;3;success;0;yes
21;entrepreneur;married;tertiary;no;804;no;yes;cellular;18;jun;44;4;308;5;unknown;0;yes
33;housemaid;single;tertiary;no;2922;no;no;cellular;14;jun;31;6;64;0;unknown;0;yes
81;unemployed;married;unknown;no;4528;no;no;unknown;22;may;288;5;253;2;unknown;0;yes
51;entrepreneur;married;primary;no;3906;no;no;cellular;23;nov;88;8;331;1;unknown;0;no
69;admin.;single;tertiary;no;0;yes;no;cellular;12;mar;42;3;245;1;unknown;0;yes
47;admin.;single;tertiary;no;5027;no;yes;cellular;12;dec;227;2;393;4;failure;0;no
30;admin.;single;tertiary;no;-1349;yes;no;cellular;2;may;64;5;194;5;unknown;0;yes
44;technician;divorced;secondary;no;-827;yes;no;unknown;1;may;265;10;105;5;unknown;0;yes
24;student;married;primary;no;1016;yes;no;unknown;25;aug;202;1;202;3;unknown;0;no
73;unemployed;single;secondary;no;4540;no;no;cellular;25;oct;62;1;291;0;unknown;0;no
31;housemaid;single;secondary;no;-2110;yes;no;cellular;10;jun;67;10;168;5;unknown;0;yes
45;management;single;secondary;no;4074;yes;yes;cellular;27;aug;475;5;32;4;failure;0;yes
88;student;single;tertiary;no;1235;yes;no;unknown;3;may;296;6;106;1;unknown;0;no
60;services;single;primary;no;98;no;no;unknown;27;oct;269;9;205;5;unknown;0;no
51;self-employed;divorced;tertiary;no;4693;yes;no;cellular;17;nov;230;7;141;1;unknown;0;yes
57;admin.;married;secondary;no;-1008;no;yes;cellular;15;nov;38;11;366;3;unknown;0;no
74;admin.;single;tertiary;no;8257;no;no;telephone;21;aug;107;3;350;1;failure;0;yes
36;admin.;married;secondary;no;870;no;no;unknown;7;apr;260;10;256;3;unknown;0;no
63;housemaid;single;secondary;no;1849;no;no;telephone;14;aug;92;5;149;4;unknown;0;yes
80;services;single;secondary;no;6028;yes;no;cellular;7;aug;96;2;63;4;unknown;0;no
59;retired;single;tertiary;no;1927;no;no;unknown;18;mar;329;6;302;5;failure;0;yes
50;blue-collar;married;primary;no;4966;no;no;cellular;12;nov;99;6;380;4;unknown;0;yes
28;housemaid;married;secondary;no;-4459;yes;no;cellular;12;oct;377;2;242;5;unknown;0;yes
35;management;married;tertiary;no;72;yes;no;cellular;21;jun;168;6;-1;5;unknown;0;no
86;admin.;married;primary;no;2590;yes;no;cellular;23;jan;249;1;84;4;failure;0;yes
56;retired;married;secondary;no;4644;no;yes;cellular;25;sep;213;8;217;2;unknown;0;no
39;management;divorced;primary;no;3709;no;no;cellular;22;mar;359;7;56;4;success;0;yes
48;housemaid;married;primary;no;3428;no;no;unknown;5;sep;461;2;227;0;unknown;1;yes
59;housemaid;divorced;secondary;no;4583;no;no;telephone;21;may;22;7;43;1;unknown;0;yes
56;technician;married;secondary;no;2825;no;no;unknown;20;sep;571;3;175;2;unknown;0;no
68;housemaid;single;secondary;no;-5029;yes;yes;telephone;1;nov;48;8;195;2;unknown;0;no
36;admin.;single;secondary;no;5726;yes;no;cellular;6;feb;183;3;256;1;success;0;no
64;unemployed;single;tertiary;no;-1112;yes;no;telephone;15;jan;114;10;76;0;unknown;0;no
49;retired;single;unknown;no;2340;yes;no;cellular;9;sep;521;6;234;5;success;1;yes
85;management;single;secondary;no;1943;yes;no;unknown;22;jun;7;11;99;3;failure;1;yes
29;blue-collar;divorced;secondary;no;1541;yes;yes;cellular;22;sep;363;1;169;2;unknown;1;yes
28;management;single;secondary;no;-1918;no;no;cellular;7;feb;221;10;334;5;success;0;yes
51;housemaid;married;tertiary;no;-4416;yes;no;telephone;1;nov;382;1;20;4;unknown;0;yes
54;student;married;secondary;no;-1607;no;no;unknown;8;mar;181;1;192;3;unknown;0;yes
67;housemaid;single;secondary;no;3878;no;no;cellular;26;feb;145;2;376;2;failure;0;no
47;retired;married;secondary;no;-2939;yes;no;cellular;26;may;81;4;129;2;unknown;0;no
83;blue-collar;married;secondary;no;-1240;yes;no;cellular;15;oct;206;10;166;2;other;0;no
52;retired;single;tertiary;no;2654;yes;no;unknown;24;feb;149;9;69;1;unknown;0;no
27;housemaid;married;secondary;no;-1682;no;yes;cellular;16;jul;78;1;60;5;unknown;0;no
26;unemployed;single;secondary;no;-229;no;yes;telephone;28;oct;63;10;171;2;success;0;no
88;blue-collar;single;secondary;no;1645;yes;no;cellular;5;jul;379;3;225;2;unknown;0;no
27;retired;single;secondary;no;2247;no;no;cellular;14;jan;139;11;100;2;unknown;0;yes
86;retired;single;secondary;no;-1741;no;no;cellular;6;mar;61;3;222;2;unknown;0;no
38;unemployed;divorced;tertiary;no;1822;yes;no;cellular;4;aug;229;8;9;5;unknown;1;no
24;entrepreneur;single;secondary;no;2596;no;no;cellular;5;aug;317;7;206;4;unknown;0;no
39;retired;divorced;primary;no;-2419;yes;no;telephone;1;feb;350;10;346;4;unknown;0;no
62;housemaid;married;secondary;no;2044;yes;yes;cellular;27;may;287;7;282;3;unknown;1;no
48;self-employed;single;secondary;no;-749;no;no;cellular;20;feb;461;2;224;1;unknown;0;yes
74;retired;single;tertiary;no;1771;yes;no;telephone;14;jul;229;11;385;0;success;0;yes
61;self-employed;married;secondary;no;3569;no;no;cellular;23;jun;172;5;331;2;unknown;0;yes
46;technician;married;secondary;no;871;no;no;cellular;16;aug;394;11;16;3;unknown;0;yes
63;student;single;secondary;yes;4140;yes;no;unknown;12;may;78;1;294;0;unknown;0;no
87;management;married;unknown;no;3772;no;no;cellular;14;dec;139;10;288;0;unknown;1;no
47;unemployed;divorced;tertiary;no;4123;yes;no;cellular;12;jan;98;4;-1;0;unknown;0;yes
29;management;married;primary;no;2609;yes;no;cellular;12;mar;582;11;157;0;unknown;1;no
47;retired;married;secondary;no;4702;yes;no;cellular;24;jan;637;9;259;2;failure;0;yes
78;management;single;tertiary;no;2555;no;no;cellular;28;nov;184;11;264;3;other;0;yes
33;entrepreneur;married;tertiary;no;-3601;no;no;unknown;6;apr;372;3;50;2;failure;0;yes
86;admin.;married;secondary;no;-976;yes;no;cellular;21;jan;359;9;91;0;success;0;yes
60;self-employed;single;tertiary;no;766;yes;no;telephone;2;oct;257;9;23;0;unknown;0;no
61;self-employed;married;secondary;no;1138;no;no;unknown;23;nov;463;10;201;3;failure;0;no
40;unemployed;married;secondary;no;2473;no;no;cellular;28;nov;32;9;5;2;unknown;0;yes
84;unemployed;single;primary;no;-1020;yes;no;cellular;21;mar;183;2;249;0;unknown;0;no
20;entrepreneur;single;secondary;no;7426;yes;no;cellular;16;jan;197;10;336;1;unknown;0;yes
39;services;single;primary;no;1092;yes;no;cellular;27;apr;17;3;310;1;failure;0;no
48;housemaid;married;secondary;no;1376;yes;no;unknown;22;mar;105;11;225;1;unknown;0;no
52;services;married;tertiary;no;-612;yes;no;cellular;23;oct;147;9;266;0;failure;0;no
52;entrepreneur;divorced;tertiary;no;-1610;no;no;cellular;27;may;120;9;307;2;unknown;0;no
28;management;single;primary;no;1021;no;no;cellular;16;jun;292;8;307;0;unknown;0;no
34;housemaid;married;primary;no;1482;yes;yes;telephone;23;aug;86;8;253;3;unknown;0;yes
24;housemaid;single;secondary;no;1139;no;no;cellular;26;jun;110;7;392;2;unknown;1;yes
59;services;married;secondary;no;6365;yes;no;cellular;14;apr;73;9;50;4;unknown;0;yes
43;unemployed;single;primary;no;1021;no;no;cellular;21;mar;248;11;189;4;unknown;0;no
58;blue-collar;single;tertiary;no;1142;yes;no;unknown;19;mar;99;3;240;2;failure;0;no
60;management;divorced;secondary;no;3845;yes;no;cellular;28;feb;18;10;334;5;unknown;0;yes
68;unemployed;divorced;primary;no;886;yes;no;cellular;18;aug;406;9;39;5;unknown;0;no
57;student;married;tertiary;no;3018;yes;no;unknown;21;mar;45;7;117;2;unknown;0;yes
64;admin.;single;secondary;yes;-2437;no;no;unknown;26;sep;34;11;15;3;unknown;1;no
60;student;married;secondary;no;-2413;no;yes;cellular;1;may;367;11;115;2;unknown;0;yes
64;self-employed;single;tertiary;no;1766;yes;no;unknown;4;jun;116;5;132;4;success;1;yes
62;blue-collar;single;tertiary;no;705;yes;yes;cellular;10;nov;465;1;126;0;unknown;0;no
40;unemployed;married;primary;no;-1027;no;no;unknown;20;sep;14;1;34;2;unknown;0;no
35;retired;married;secondary;no;1765;no;no;unknown;13;apr;236;7;232;2;other;1;yes
74;technician;married;secondary;no;2027;no;yes;cellular;25;jan;21;4;280;5;unknown;0;no
42;unemployed;married;secondary;no;-729;no;yes;cellular;3;sep;222;3;76;5;failure;0;no
57;housemaid;married;secondary;no;-156;no;yes;cellular;11;apr;115;2;239;3;unknown;0;yes
32;services;divorced;secondary;no;2049;yes;no;cellular;5;jan;23;3;145;3;unknown;0;yes
49;entrepreneur;married;secondary;no;-1663;no;no;cellular;20;aug;100;7;271;4;unknown;0;no
56;housemaid;single;tertiary;no;-412;yes;no;unknown;8;oct;111;9;181;0;unknown;0;yes
63;housemaid;single;secondary;no;3001;no;no;cellular;7;aug;315;10;362;3;unknown;0;yes
55;management;single;tertiary;no;1328;no;no;cellular;18;oct;354;8;295;2;unknown;0;no
43;retired;married;secondary;no;-31;yes;no;cellular;3;mar;76;2;141;5;unknown;0;yes
87;retired;divorced;tertiary;no;-1309;yes;no;cellular;26;nov;76;8;192;4;unknown;0;yes
54;self-employed;single;secondary;no;-1639;yes;no;cellular;1;apr;185;5;220;4;unknown;0;no
76;self-employed;single;secondary;yes;1004;no;no;unknown;10;jul;220;2;43;0;unknown;0;yes
71;retired;divorced;tertiary;no;7477;yes;no;cellular;15;mar;219;8;145;4;unknown;0;no
58;student;single;tertiary;no;3097;no;no;cellular;1;aug;133;11;105;4;unknown;0;no
81;unemployed;married;secondary;no;-2598;yes;no;cellular;2;nov;146;10;50;0;unknown;0;no
27;retired;divorced;secondary;no;3521;yes;no;cellular;28;dec;162;9;94;3;failure;0;no
84;admin.;married;secondary;no;-876;yes;no;cellular;17;apr;263;3;335;3;unknown;0;no
79;unemployed;single;secondary;no;1385;no;no;cellular;1;may;138;6;321;0;unknown;0;no
54;entrepreneur;married;secondary;no;-366;yes;yes;cellular;11;nov;376;6;226;3;unknown;0;no
70;student;married;tertiary;yes;7468;no;no;cellular;10;apr;498;5;245;4;unknown;0;yes
55;entrepreneur;married;secondary;no;-2002;no;yes;cellular;1;nov;455;1;247;2;unknown;0;yes
37;admin.;married;secondary;no;2340;no;no;unknown;16;jul;238;7;277;1;unknown;0;yes
75;unemployed;divorced;secondary;no;-655;yes;no;unknown;7;jul;17;5;98;1;unknown;0;yes
35;housemaid;married;unknown;no;3616;yes;no;cellular;19;dec;110;4;223;4;unknown;0;yes
40;blue-collar;single;secondary;no;2280;yes;no;cellular;21;nov;67;4;330;4;unknown;0;no
55;retired;married;secondary;no;5163;yes;yes;cellular;12;dec;61;9;8;4;unknown;0;no
78;housemaid;divorced;primary;no;3554;no;no;cellular;11;jan;31;2;200;1;unknown;0;yes
45;unemployed;married;tertiary;no;-680;yes;no;cellular;18;feb;74;7;37;2;unknown;0;no
53;entrepreneur;married;secondary;no;10148;no;no;telephone;21;feb;58;2;22;3;unknown;0;yes
20;blue-collar;married;secondary;no;3066;yes;no;cellular;12;jul;406;11;245;4;unknown;0;no
26;management;single;secondary;no;-251;yes;no;cellular;23;may;341;5;124;2;failure;0;no
22;blue-collar;divorced;tertiary;no;2016;no;no;cellular;9;mar;210;11;199;3;unknown;0;yes
23;student;divorced;secondary;no;3292;yes;no;cellular;23;sep;296;1;178;3;unknown;0;yes
80;unemployed;married;secondary;no;3178;yes;yes;cellular;11;mar;281;9;220;0;unknown;0;no
78;entrepreneur;married;primary;no;2888;no;no;unknown;19;dec;73;10;129;5;unknown;0;no
77;technician;married;primary;no;4299;yes;no;cellular;28;may;579;2;204;1;unknown;0;yes
22;student;married;primary;no;4004;no;no;telephone;21;jun;66;11;40;5;unknown;0;yes
23;services;single;secondary;no;-1142;yes;no;unknown;9;jan;113;11;94;2;unknown;0;no
38;student;married;secondary;no;7724;yes;no;cellular;16;jan;252;10;125;3;unknown;0;yes
58;retired;single;secondary;yes;7306;yes;no;cellular;6;feb;332;8;210;5;unknown;0;yes
42;student;divorced;secondary;no;3802;no;no;cellular;14;mar;159;1;-1;1;unknown;0;yes
53;self-employed;married;primary;no;1516;yes;yes;cellular;18;feb;468;2;355;0;unknown;0;yes
30;housemaid;married;secondary;no;1567;yes;yes;unknown;2;jun;256;4;79;1;failure;1;yes
70;student;married;primary;no;428;yes;no;unknown;12;sep;55;9;333;4;unknown;0;yes
40;unemployed;married;primary;no;816;no;no;cellular;28;sep;101;5;253;0;unknown;0;no
22;self-employed;married;primary;no;-5160;yes;yes;unknown;28;oct;249;1;119;3;unknown;0;yes
71;technician;single;tertiary;no;5990;no;yes;cellular;24;aug;236;4;213;2;unknown;1;no
83;admin.;married;tertiary;no;4932;yes;yes;unknown;21;feb;462;10;106;0;unknown;0;yes
19;blue-collar;single;secondary;no;-3630;yes;yes;unknown;19;nov;386;9;146;1;unknown;0;no
49;housemaid;divorced;primary;no;4069;yes;no;telephone;15;nov;93;10;323;4;unknown;0;yes
77;housemaid;divorced;unknown;no;1376;yes;no;cellular;19;apr;186;8;383;2;unknown;0;no
68;blue-collar;single;unknown;no;802;yes;no;cellular;7;nov;28;2;185;3;unknown;0;yes
79;blue-collar;married;secondary;no;2878;yes;no;unknown;17;jul;511;3;12;2;unknown;0;no
47;unemployed;married;primary;no;-3828;no;no;cellular;16;may;25;11;172;3;unknown;0;no
44;self-employed;married;tertiary;no;1366;yes;no;cellular;3;feb;260;1;253;0;failure;0;no
69;self-employed;divorced;unknown;no;1638;yes;no;cellular;8;dec;80;9;199;5;unknown;1;yes
29;technician;divorced;tertiary;no;1641;yes;no;unknown;9;aug;175;7;246;4;unknown;0;no
35;unemployed;married;secondary;no;-2702;yes;no;unknown;20;jun;31;1;53;3;failure;0;yes
61;retired;married;secondary;no;2740;yes;no;cellular;10;oct;170;10;205;5;unknown;0;yes
66;housemaid;married;unknown;no;4579;yes;no;telephone;6;oct;333;10;161;5;unknown;1;no
26;blue-collar;married;primary;no;2621;yes;no;unknown;23;jul;326;7;101;2;unknown;0;yes
54;student;divorced;primary;no;712;yes;no;cellular;15;mar;46;11;383;5;unknown;1;no
44;retired;married;tertiary;no;9467;yes;no;cellular;17;jun;282;3;198;1;unknown;0;no
54;entrepreneur;married;primary;no;-1373;yes;no;cellular;10;aug;409;11;136;5;unknown;0;yes
87;technician;married;secondary;no;3720;yes;no;cellular;12;mar;322;7;184;0;unknown;0;yes
23;student;married;secondary;yes;2129;yes;no;cellular;17;feb;147;8;255;2;unknown;0;no
89;technician;married;secondary;no;7436;yes;no;cellular;10;dec;229;6;53;0;unknown;0;no
50;retired;divorced;primary;no;2560;yes;no;unknown;27;jul;250;10;392;4;unknown;0;no
73;self-employed;married;secondary;no;3203;yes;yes;cellular;24;aug;499;9;90;3;unknown;0;no
48;student;single;secondary;no;2917;no;no;cellular;28;jun;560;9;36;0;unknown;0;yes
40;blue-collar;married;secondary;no;-1774;yes;no;cellular;22;oct;348;5;171;3;unknown;0;yes
73;blue-collar;married;secondary;no;-1206;yes;yes;cellular;3;may;230;11;386;1;other;1;yes
67;admin.;married;tertiary;no;572;no;no;cellular;23;jan;213;8;145;4;unknown;0;no
28;student;married;secondary;no;4272;yes;no;cellular;7;oct;234;4;227;1;unknown;0;yes
68;admin.;married;unknown;no;2099;yes;no;cellular;12;apr;261;3;46;3;unknown;0;no
72;admin.;married;secondary;no;779;no;no;cellular;12;oct;116;9;195;4;unknown;0;no
45;blue-collar;single;primary;no;5516;yes;no;cellular;14;jun;613;1;90;1;success;0;yes
84;admin.;single;tertiary;no;-4547;no;no;cellular;23;may;61;10;-1;0;unknown;0;no
64;technician;divorced;tertiary;no;-2487;yes;no;cellular;17;jul;479;9;234;5;unknown;0;no
42;unemployed;married;primary;no;-6089;yes;no;cellular;15;jun;219;7;207;0;failure;0;no
18;entrepreneur;single;secondary;no;5024;yes;no;cellular;6;may;164;11;279;5;unknown;0;yes
66;management;single;secondary;no;1109;no;no;cellular;23;apr;152;3;397;1;failure;0;no
33;housemaid;married;primary;no;4298;yes;no;cellular;11;may;265;11;299;4;unknown;0;yes
72;unemployed;married;secondary;no;1072;no;no;cellular;19;apr;147;2;342;3;success;0;no
55;services;married;secondary;no;4469;no;no;cellular;14;jun;497;9;213;5;unknown;0;no
51;entrepreneur;single;primary;no;1019;no;no;unknown;19;dec;171;3;375;2;unknown;0;yes
29;unemployed;married;tertiary;yes;2629;yes;no;cellular;19;may;14;8;16;5;unknown;0;no
69;housemaid;married;secondary;no;2190;no;no;telephone;16;aug;26;4;312;2;unknown;0;no
29;technician;divorced;tertiary;no;2413;no;no;cellular;13;jan;125;5;87;2;unknown;0;no
48;services;married;tertiary;no;6454;no;no;cellular;20;jan;364;3;386;5;unknown;0;no
78;management;divorced;unknown;no;-3473;no;no;cellular;5;sep;401;11;289;5;unknown;0;no
84;management;single;secondary;no;1194;no;no;cellular;28;sep;20;7;74;0;unknown;0;no
89;self-employed;single;secondary;no;1993;no;no;cellular;12;oct;59;6;111;4;unknown;0;yes
86;housemaid;single;secondary;no;1544;yes;no;cellular;28;jul;6;3;21;5;unknown;0;yes
58;blue-collar;married;secondary;no;206;yes;no;unknown;15;apr;162;8;266;2;unknown;0;no
32;blue-collar;single;secondary;no;-204;no;no;cellular;4;feb;412;3;77;3;unknown;0;yes
78;self-employed;single;tertiary;no;5990;no;no;telephone;19;dec;254;7;256;2;unknown;0;yes
75;retired;single;secondary;no;1187;no;no;cellular;15;mar;330;5;18;5;success;0;yes
89;services;married;primary;no;8713;yes;no;cellular;24;dec;369;10;203;4;unknown;0;no
64;technician;married;tertiary;no;2984;yes;yes;telephone;24;apr;102;4;83;4;unknown;0;yes
28;management;married;tertiary;no;531;no;no;cellular;7;jul;36;8;119;0;unknown;1;no
54;entrepreneur;married;secondary;no;3058;yes;no;cellular;22;feb;102;2;165;0;unknown;0;no
50;blue-collar;single;tertiary;no;1726;no;no;cellular;16;oct;384;4;26;4;unknown;0;no
78;retired;single;secondary;no;5425;no;yes;telephone;13;may;340;6;146;0;unknown;0;no
46;blue-collar;single;tertiary;no;-2103;yes;no;cellular;12;jul;235;11;290;2;failure;0;no
41;student;single;secondary;no;-4003;yes;no;cellular;19;feb;409;5;134;5;success;0;yes
23;student;married;secondary;no;2482;yes;no;unknown;20;apr;249;2;94;2;failure;0;no
78;technician;married;primary;no;3907;no;no;telephone;25;may;153;10;192;0;unknown;0;yes
72;technician;married;primary;no;2257;yes;no;cellular;25;jan;93;3;108;2;unknown;1;yes
20;services;married;tertiary;no;3417;no;no;cellular;7;sep;474;3;356;0;unknown;0;no
49;self-employed;married;secondary;no;2976;no;no;telephone;14;may;200;4;43;5;unknown;1;yes
52;blue-collar;married;primary;no;-3041;yes;no;cellular;28;sep;129;9;190;4;unknown;0;no
51;self-employed;married;primary;no;2243;yes;yes;unknown;24;mar;199;5;289;5;failure;0;no
84;entrepreneur;single;secondary;no;5350;yes;no;telephone;13;jan;519;11;151;2;unknown;0;no
28;unemployed;married;tertiary;no;1915;yes;no;cellular;1;dec;418;10;383;5;unknown;0;no
40;management;married;secondary;no;-2529;yes;no;cellular;7;mar;147;10;397;4;unknown;1;no
31;management;married;tertiary;no;398;yes;no;cellular;26;dec;313;5;189;3;unknown;0;no
35;technician;single;tertiary;no;3070;no;no;cellular;20;sep;465;10;282;2;unknown;0;no
83;blue-collar;single;secondary;no;6786;no;no;unknown;23;jul;289;10;140;4;unknown;0;no
85;management;married;tertiary;no;-4469;no;no;telephone;22;aug;244;5;381;5;success;0;no
21;management;married;primary;no;2483;no;no;unknown;4;jul;198;4;203;0;unknown;0;no
63;admin.;divorced;secondary;no;-1396;no;no;unknown;17;may;469;2;242;4;other;0;yes
34;housemaid;single;primary;no;2923;no;no;telephone;19;dec;14;5;152;3;unknown;0;no
31;student;single;primary;no;3163;yes;no;cellular;3;jan;154;6;167;2;success;0;no
39;blue-collar;married;primary;no;700;no;no;cellular;15;sep;140;9;119;1;unknown;0;no
31;blue-collar;single;primary;no;3294;no;yes;cellular;8;aug;48;7;96;1;unknown;0;yes
53;student;divorced;tertiary;no;4819;no;no;unknown;28;feb;317;3;388;1;failure;0;no
89;blue-collar;married;secondary;no;906;yes;no;cellular;8;aug;452;4;129;1;unknown;0;yes
60;unemployed;single;tertiary;no;-2611;no;no;unknown;9;dec;288;2;373;4;unknown;1;yes
70;retired;married;secondary;no;5676;yes;no;cellular;25;apr;567;3;-1;1;unknown;0;no
53;blue-collar;single;secondary;no;3886;yes;no;cellular;18;jul;139;2;248;0;unknown;0;yes
19;blue-collar;married;secondary;no;3091;yes;no;cellular;27;may;173;9;324;1;other;0;no
24;entrepreneur;married;secondary;no;-672;yes;no;cellular;15;jan;153;3;1;5;unknown;0;yes
37;unemployed;divorced;secondary;no;4356;yes;no;cellular;6;jan;104;1;20;2;other;0;yes
35;blue-collar;divorced;tertiary;yes;7527;yes;no;cellular;7;mar;188;7;144;5;unknown;1;yes
78;admin.;married;tertiary;no;1036;yes;no;cellular;5;aug;48;7;122;1;unknown;0;no
78;self-employed;divorced;secondary;no;1683;no;no;cellular;23;oct;346;1;74;1;unknown;0;yes
79;self-employed;married;secondary;no;-1795;no;no;cellular;1;jan;117;8;197;2;unknown;0;yes
63;services;married;secondary;no;-758;no;no;unknown;21;feb;97;8;230;0;unknown;0;no
58;management;divorced;secondary;no;-1823;no;no;cellular;13;nov;131;11;344;0;unknown;0;no
64;student;married;primary;no;1792;no;no;cellular;16;nov;375;9;156;4;unknown;0;no
47;management;married;secondary;no;377;yes;no;unknown;24;jul;547;9;317;1;unknown;0;no
66;housemaid;single;tertiary;no;2518;yes;no;cellular;27;oct;205;9;163;4;unknown;0;no
75;housemaid;married;secondary;no;-1275;yes;no;unknown;8;mar;408;8;301;1;unknown;1;no
72;self-employed;married;secondary;no;897;yes;yes;unknown;26;jan;12;7;368;4;unknown;0;yes
62;admin.;married;primary;no;-1460;no;no;telephone;26;nov;465;7;160;1;unknown;0;yes
22;blue-collar;single;tertiary;no;1962;yes;no;cellular;23;apr;76;5;361;4;unknown;1;no
70;unemployed;married;primary;no;-3496;no;yes;unknown;4;may;353;2;222;1;unknown;0;no
44;self-employed;married;secondary;no;1854;yes;no;cellular;5;jul;214;11;104;4;success;1;no
71;services;single;secondary;no;563;yes;no;cellular;1;aug;163;11;342;1;success;0;no
56;management;married;tertiary;no;1942;yes;no;cellular;26;jan;42;1;247;5;success;0;no
81;technician;married;tertiary;no;-3556;yes;no;cellular;27;aug;254;9;219;3;unknown;0;yes
42;housemaid;single;primary;no;3364;no;no;cellular;9;jul;149;9;345;0;failure;0;yes
85;student;single;secondary;no;503;no;yes;unknown;15;sep;279;3;258;4;success;0;yes
78;technician;married;tertiary;no;2051;yes;yes;cellular;16;dec;63;5;383;5;unknown;0;no
41;services;divorced;secondary;no;-4210;no;no;cellular;11;sep;328;9;-1;1;unknown;0;yes
52;management;single;primary;no;-2328;yes;no;cellular;28;aug;52;10;296;4;unknown;0;no
56;self-employed;married;unknown;no;229;yes;yes;cellular;27;nov;308;5;191;1;unknown;1;yes
73;retired;single;primary;no;5526;yes;yes;unknown;7;jun;383;7;34;3;unknown;0;no
67;management;single;secondary;no;2981;yes;no;unknown;16;jan;186;6;136;1;success;0;no
79;management;single;secondary;no;1789;no;no;telephone;6;nov;203;2;270;2;unknown;0;no
44;unemployed;single;tertiary;no;-1372;no;no;telephone;3;dec;517;2;19;4;unknown;0;no
54;retired;single;tertiary;no;-1918;yes;no;unknown;24;dec;63;10;193;5;unknown;0;no
49;technician;divorced;secondary;no;2229;no;no;cellular;25;nov;113;1;268;1;unknown;0;no
83;self-employed;single;secondary;no;3502;no;no;cellular;1;nov;348;1;111;0;unknown;1;no
39;retired;single;tertiary;no;2026;yes;no;cellular;16;sep;304;4;348;4;unknown;0;yes
60;services;single;tertiary;no;6528;yes;no;cellular;5;jan;171;9;355;4;unknown;0;yes
26;housemaid;divorced;secondary;no;-647;yes;yes;unknown;16;sep;23;8;255;2;unknown;0;no
79;housemaid;divorced;secondary;no;1938;yes;no;unknown;10;feb;414;7;253;0;unknown;0;yes
45;technician;married;tertiary;no;-3679;yes;yes;cellular;15;feb;27;7;106;1;unknown;0;no
42;admin.;married;primary;no;2033;yes;no;cellular;21;aug;675;2;364;3;failure;0;yes
59;admin.;single;primary;no;5808;yes;no;telephone;3;dec;19;2;194;0;success;0;no
53;housemaid;married;secondary;no;-1724;no;no;unknown;14;mar;1;7;21;2;unknown;0;yes
79;unemployed;single;tertiary;no;3926;yes;yes;unknown;10;feb;288;4;135;1;unknown;1;no
56;housemaid;single;primary;no;5723;no;no;telephone;12;jul;329;7;312;0;unknown;0;yes
55;unemployed;divorced;secondary;no;-669;yes;no;cellular;27;may;25;8;228;0;unknown;0;yes
25;retired;married;secondary;no;2800;yes;no;cellular;26;nov;558;4;232;1;unknown;0;no
19;unemployed;single;secondary;no;6138;no;no;cellular;19;mar;285;10;274;4;unknown;1;yes
46;entrepreneur;married;secondary;no;2091;yes;no;cellular;22;dec;170;9;116;2;unknown;0;no
89;retired;married;secondary;no;3760;no;yes;cellular;11;apr;297;2;100;1;unknown;0;no
84;student;married;secondary;no;-3921;yes;no;unknown;18;may;462;2;349;1;unknown;0;yes
63;self-employed;married;unknown;no;3191;yes;no;unknown;14;sep;541;3;192;0;unknown;0;yes
63;housemaid;married;primary;no;2951;no;yes;cellular;10;nov;258;2;317;1;unknown;0;no
46;student;single;tertiary;no;-2578;no;no;cellular;23;jun;34;7;250;4;unknown;0;no
30;retired;single;secondary;no;-1492;no;no;cellular;25;jul;31;3;224;2;unknown;0;yes
18;technician;married;primary;no;3212;no;no;cellular;10;aug;62;8;198;4;success;1;yes
42;blue-collar;married;primary;no;491;yes;no;unknown;8;aug;91;10;388;3;unknown;0;yes
40;housemaid;married;secondary;no;4735;no;no;unknown;12;oct;227;2;229;0;failure;0;no
31;housemaid;divorced;secondary;no;2332;no;no;unknown;27;feb;262;2;318;4;unknown;0;no
36;retired;divorced;secondary;no;1569;no;no;cellular;22;dec;445;2;86;2;unknown;0;no
19;management;married;unknown;no;888;yes;no;telephone;8;jan;194;9;183;1;failure;0;yes
61;retired;married;secondary;no;2278;no;no;unknown;18;mar;217;11;211;0;unknown;1;no
84;housemaid;married;tertiary;no;3808;no;no;telephone;23;oct;312;9;16;3;unknown;0;no
67;admin.;single;primary;no;3001;yes;no;cellular;10;apr;341;8;399;3;other;0;yes
50;management;married;secondary;no;130;yes;no;cellular;26;aug;310;7;241;3;success;0;no
48;services;married;secondary;no;5118;no;no;cellular;27;feb;766;3;37;3;success;0;yes
40;housemaid;married;secondary;no;3373;no;no;cellular;7;oct;374;6;169;4;unknown;0;no
28;blue-collar;married;secondary;no;2555;yes;no;cellular;17;apr;281;11;394;4;unknown;0;yes
61;admin.;married;primary;no;1675;no;no;telephone;7;feb;165;4;229;5;unknown;0;no
58;services;married;primary;no;2900;yes;no;cellular;19;feb;266;1;84;5;unknown;0;no
18;admin.;single;tertiary;no;-4095;yes;no;cellular;3;mar;527;3;13;5;unknown;1;yes
47;blue-collar;married;secondary;no;2123;no;no;cellular;18;sep;150;6;158;5;failure;1;no
38;student;married;unknown;no;6320;yes;no;unknown;10;jan;458;8;328;5;unknown;0;yes
30;unemployed;single;secondary;no;2059;yes;no;cellular;15;aug;312;5;102;2;unknown;0;no
68;self-employed;married;secondary;no;1650;no;no;cellular;15;aug;545;6;320;4;unknown;0;no
55;housemaid;single;secondary;no;-387;yes;no;cellular;28;apr;437;8;220;3;unknown;0;no
63;self-employed;divorced;secondary;no;2878;yes;yes;cellular;3;aug;257;4;300;1;success;0;no
69;management;married;tertiary;no;814;yes;no;cellular;17;apr;245;9;361;0;unknown;0;yes
88;student;divorced;tertiary;no;5327;yes;no;unknown;5;jun;157;4;310;0;unknown;0;no
75;services;single;primary;no;-1190;yes;no;cellular;19;jan;415;2;275;5;unknown;0;no
62;retired;single;secondary;no;43;yes;no;cellular;12;feb;101;2;67;4;unknown;0;yes
81;entrepreneur;married;tertiary;no;-402;no;no;telephone;5;feb;242;4;291;5;unknown;0;yes
52;management;married;primary;no;6903;no;yes;cellular;6;jan;181;1;201;3;unknown;0;yes
88;services;married;secondary;no;830;no;no;cellular;4;may;48;3;77;0;unknown;0;no
72;technician;divorced;secondary;no;-244;yes;no;cellular;22;apr;264;5;301;3;failure;0;no
64;admin.;single;secondary;no;-4871;yes;no;cellular;26;apr;85;11;363;5;failure;0;yes
83;blue-collar;married;secondary;no;-1334;no;no;cellular;10;jan;130;11;247;4;unknown;0;yes
55;student;married;secondary;yes;2983;no;no;cellular;11;oct;353;9;349;1;unknown;0;no
69;services;married;tertiary;no;2971;no;no;cellular;2;dec;253;11;204;3;unknown;0;no
38;retired;married;secondary;no;-553;yes;no;unknown;5;sep;250;7;356;3;failure;0;yes
87;student;single;tertiary;no;-386;no;no;cellular;5;mar;47;2;138;1;failure;0;no
62;housemaid;married;tertiary;no;6979;yes;yes;unknown;27;oct;429;8;3;2;unknown;0;yes
74;admin.;single;secondary;no;9489;yes;no;cellular;9;apr;42;7;262;5;unknown;0;no
51;blue-collar;single;secondary;no;4849;no;no;cellular;22;apr;361;10;135;3;unknown;0;yes
80;technician;single;secondary;no;6077;yes;no;cellular;5;oct;479;4;9;5;unknown;0;no
23;services;single;tertiary;no;6714;yes;no;cellular;6;mar;86;10;212;4;unknown;0;no
26;services;married;secondary;no;8043;yes;no;cellular;7;dec;138;8;5;0;failure;0;no
54;unemployed;single;tertiary;no;494;no;no;cellular;6;nov;120;9;202;3;unknown;0;no
70;services;single;secondary;no;-1234;no;yes;telephone;6;aug;274;1;171;3;unknown;0;no
76;services;married;secondary;no;6900;yes;no;cellular;9;jul;31;11;105;3;failure;0;no
49;services;married;secondary;no;-1492;no;no;cellular;12;apr;13;6;216;5;unknown;0;yes
64;management;married;secondary;no;-1685;yes;no;unknown;6;aug;209;8;159;2;unknown;0;yes
57;entrepreneur;married;secondary;no;-1616;no;no;cellular;15;jun;107;6;125;4;failure;0;yes
87;retired;married;secondary;no;1005;no;yes;unknown;11;aug;190;2;27;5;unknown;0;no
65;management;married;secondary;no;-4553;no;no;unknown;18;jan;398;7;270;3;unknown;0;yes
48;blue-collar;single;secondary;no;-2899;no;no;cellular;17;may;103;8;22;0;unknown;0;yes
87;unemployed;married;secondary;no;-467;yes;no;cellular;26;feb;197;2;371;5;unknown;0;no
25;admin.;married;secondary;no;-2187;yes;no;unknown;18;may;101;5;338;1;unknown;1;no
88;self-employed;married;secondary;no;4587;no;no;unknown;20;sep;224;7;45;4;unknown;0;no
29;student;married;primary;no;1419;no;yes;unknown;24;feb;102;4;138;4;unknown;0;no
38;unemployed;divorced;tertiary;no;3131;no;yes;cellular;6;oct;16;4;186;3;unknown;0;no
77;unemployed;married;secondary;no;2802;no;no;cellular;25;oct;298;2;227;4;unknown;0;no
70;entrepreneur;married;secondary;no;779;yes;yes;cellular;13;apr;774;6;376;2;unknown;0;no
87;retired;married;secondary;no;4364;yes;no;cellular;19;mar;199;2;4;0;unknown;1;no
71;retired;married;secondary;no;2756;yes;yes;cellular;21;sep;74;10;381;4;unknown;0;no
63;management;single;tertiary;no;444;no;no;telephone;7;oct;74;2;257;3;success;1;yes
42;technician;single;secondary;no;-3651;no;no;cellular;16;aug;406;2;193;5;unknown;0;yes
18;self-employed;married;primary;no;2961;no;no;unknown;8;feb;44;11;124;1;unknown;0;no
26;management;single;secondary;no;-2383;no;no;cellular;5;jul;479;5;306;0;unknown;0;yes
39;management;married;secondary;no;2540;yes;no;unknown;25;apr;107;3;10;1;unknown;0;no
20;student;single;primary;no;1636;yes;no;cellular;23;apr;258;7;72;4;failure;0;no
54;blue-collar;single;primary;no;-2681;yes;no;unknown;6;jul;352;2;343;0;unknown;0;yes
73;unemployed;married;secondary;no;2175;yes;no;telephone;6;dec;372;5;320;4;failure;0;yes
87;services;single;unknown;no;1973;no;no;cellular;3;mar;358;8;180;1;unknown;0;yes
53;management;single;primary;no;1984;no;no;unknown;10;mar;273;6;390;0;unknown;0;no
81;housemaid;married;secondary;no;1840;no;no;cellular;7;mar;450;11;154;2;unknown;0;no
88;retired;divorced;tertiary;no;-557;yes;no;cellular;21;mar;21;8;128;5;unknown;0;no
79;technician;divorced;unknown;no;3174;no;no;cellular;12;dec;91;8;48;0;success;0;no
51;self-employed;married;secondary;no;-662;no;no;unknown;28;feb;139;8;89;5;unknown;0;no
41;retired;single;tertiary;no;-1823;yes;no;unknown;16;mar;516;8;92;5;unknown;0;no
88;entrepreneur;single;primary;no;3423;no;no;cellular;25;aug;313;6;41;0;unknown;0;yes
35;management;married;tertiary;no;4209;no;no;cellular;3;may;356;2;388;2;unknown;0;yes
47;unemployed;married;primary;no;3218;yes;no;cellular;28;nov;184;3;175;4;other;0;no
23;housemaid;divorced;secondary;no;778;no;no;cellular;10;aug;383;4;398;2;success;0;yes
75;self-employed;single;secondary;no;-4418;yes;no;cellular;12;feb;90;3;126;1;unknown;0;yes
64;services;married;tertiary;no;5845;yes;yes;cellular;17;jun;138;4;359;3;unknown;1;no
24;entrepreneur;married;primary;yes;-4465;yes;no;cellular;13;feb;176;9;196;1;success;0;yes
33;student;married;secondary;no;3158;yes;yes;unknown;9;jun;125;11;92;0;unknown;0;yes
57;entrepreneur;divorced;tertiary;no;7730;no;no;unknown;5;nov;155;5;204;0;unknown;0;no
56;technician;single;primary;no;1848;yes;no;cellular;12;jun;329;6;79;5;failure;0;no
75;services;married;tertiary;no;2273;no;no;cellular;14;aug;267;4;344;4;unknown;0;no
37;services;divorced;secondary;no;2537;no;no;cellular;4;may;458;7;119;4;unknown;0;no
84;technician;single;primary;no;1994;no;no;cellular;22;dec;197;8;352;5;unknown;0;no
50;housemaid;married;secondary;no;8451;yes;no;cellular;6;aug;517;1;298;1;unknown;0;no
77;student;married;secondary;no;-1129;yes;no;cellular;2;sep;90;6;171;3;unknown;0;no
35;blue-collar;single;secondary;no;-1506;yes;no;cellular;10;oct;483;5;180;2;unknown;0;no
20;unemployed;married;secondary;no;417;yes;no;unknown;9;oct;136;5;302;1;unknown;0;no
21;housemaid;married;secondary;no;6622;yes;no;cellular;9;dec;293;6;6;2;success;0;yes
44;retired;single;secondary;no;-330;no;no;telephone;26;jun;4;2;220;1;failure;0;no
86;blue-collar;divorced;secondary;no;2690;no;no;cellular;17;feb;23;9;279;3;success;0;yes
21;unemployed;married;tertiary;no;4613;yes;no;telephone;6;mar;336;10;288;1;unknown;1;yes
44;management;divorced;secondary;no;3736;yes;no;telephone;15;mar;312;2;355;0;unknown;0;no
25;admin.;divorced;secondary;no;4454;no;no;unknown;9;jul;23;10;278;1;unknown;0;no
85;unemployed;married;tertiary;no;5653;no;no;cellular;27;feb;373;7;174;3;unknown;0;yes
66;self-employed;married;secondary;no;2324;no;no;cellular;27;may;137;10;330;3;unknown;0;no
72;admin.;single;secondary;no;28;no;no;unknown;17;sep;43;3;63;4;unknown;0;no
69;services;single;tertiary;yes;1841;no;no;cellular;10;jun;524;3;60;5;unknown;0;yes
65;services;married;secondary;no;382;yes;no;cellular;4;may;594;1;-1;1;unknown;0;no
73;housemaid;single;unknown;no;8964;no;no;cellular;24;jul;220;6;317;5;unknown;0;no
18;blue-collar;single;secondary;no;-197;yes;no;unknown;1;feb;474;5;120;1;unknown;0;yes
80;blue-collar;single;secondary;no;2849;no;no;cellular;9;jan;523;11;85;0;unknown;0;yes
71;entrepreneur;single;secondary;no;-3102;yes;no;cellular;16;sep;216;7;69;4;unknown;1;no
71;management;married;primary;no;1798;no;no;unknown;8;aug;117;11;273;1;failure;0;yes
46;entrepreneur;married;unknown;no;538;no;no;cellular;21;sep;237;3;186;1;unknown;0;yes
75;admin.;married;secondary;no;3427;no;no;cellular;6;may;70;1;383;4;failure;0;yes
45;technician;divorced;unknown;no;3505;yes;yes;cellular;24;mar;333;10;273;4;unknown;0;no
21;housemaid;divorced;secondary;no;5650;no;no;cellular;2;oct;154;1;231;4;unknown;0;no
83;entrepreneur;single;tertiary;no;5412;no;no;cellular;10;sep;231;10;65;0;unknown;0;no
34;technician;married;unknown;no;1201;no;no;cellular;12;jan;228;6;353;1;unknown;0;no
25;retired;single;secondary;no;-1433;yes;no;cellular;28;dec;50;7;119;3;unknown;0;yes
62;admin.;married;unknown;no;-1081;yes;no;cellular;20;jul;212;3;323;5;unknown;0;no
34;entrepreneur;married;tertiary;no;2308;no;no;cellular;28;apr;51;3;-1;1;success;0;yes
79;housemaid;married;secondary;no;1873;yes;no;cellular;15;may;123;3;278;3;unknown;0;yes
49;management;single;secondary;no;2173;no;no;unknown;27;jul;2;9;308;5;unknown;0;no
18;management;married;secondary;no;-205;yes;no;cellular;12;feb;44;6;24;3;unknown;0;no
86;services;single;primary;no;5711;no;no;unknown;1;jan;231;2;280;1;unknown;0;no
55;retired;divorced;secondary;no;-3018;yes;yes;unknown;6;may;134;1;3;4;unknown;0;no
36;services;single;secondary;no;-371;no;yes;cellular;11;dec;317;8;210;1;unknown;0;no
66;services;married;secondary;no;-1831;yes;no;cellular;20;may;255;8;362;2;failure;0;no
56;retired;divorced;secondary;no;773;yes;no;unknown;6;nov;436;4;154;1;unknown;1;yes
20;self-employed;single;secondary;no;5139;yes;no;telephone;8;oct;29;4;277;4;unknown;0;no
72;housemaid;married;secondary;no;536;no;no;unknown;19;nov;124;9;71;5;unknown;0;no
46;management;single;tertiary;no;1704;yes;no;cellular;1;feb;403;1;216;5;unknown;1;yes
68;student;divorced;unknown;no;3392;yes;yes;unknown;25;dec;202;11;181;0;unknown;0;no
82;services;married;tertiary;no;394;yes;no;cellular;28;oct;256;10;-1;5;unknown;0;no
61;student;married;secondary;no;2547;no;no;cellular;23;nov;642;2;334;3;other;0;yes
66;management;married;secondary;no;2152;yes;no;unknown;27;jan;169;6;44;0;unknown;0;yes
36;blue-collar;married;tertiary;no;-1992;no;no;cellular;5;apr;123;7;19;0;failure;0;yes
35;services;single;primary;no;7;yes;no;cellular;7;jul;21;11;274;0;unknown;0;yes
47;housemaid;married;primary;no;2463;yes;no;telephone;25;aug;162;7;330;2;unknown;0;yes
79;management;married;secondary;no;5246;yes;no;unknown;7;aug;424;1;89;4;unknown;0;yes
55;self-employed;married;secondary;no;5243;no;no;cellular;20;dec;334;4;269;2;unknown;0;yes
43;admin.;married;tertiary;no;7686;yes;no;cellular;17;jan;506;7;138;0;failure;1;no
74;blue-collar;married;primary;no;2856;no;no;cellular;9;apr;292;5;305;1;unknown;0;no
79;technician;single;tertiary;no;160;yes;no;cellular;12;jan;228;6;330;3;unknown;0;no
82;self-employed;married;primary;no;1208;no;no;cellular;13;jul;345;11;225;2;unknown;0;yes
39;retired;married;secondary;no;1058;yes;no;cellular;25;apr;240;11;125;4;failure;0;no
69;entrepreneur;divorced;secondary;no;176;yes;no;cellular;16;aug;220;3;142;4;unknown;0;no
60;self-employed;divorced;secondary;no;2548;no;no;cellular;12;may;463;2;204;0;failure;0;yes
50;blue-collar;married;tertiary;no;2688;no;no;cellular;19;apr;165;11;70;4;unknown;0;no
46;admin.;married;primary;no;-2121;no;no;cellular;4;may;335;7;22;0;unknown;0;no
26;services;married;secondary;no;4664;no;no;unknown;9;aug;4;7;268;0;success;0;yes
37;services;married;primary;no;-4110;yes;yes;cellular;16;dec;83;2;195;3;unknown;0;no
57;student;married;tertiary;no;732;no;no;cellular;18;mar;100;8;200;5;unknown;0;no
81;self-employed;divorced;unknown;no;4847;yes;no;unknown;4;mar;157;10;284;5;unknown;0;no
80;blue-collar;single;secondary;no;3222;no;no;unknown;9;dec;329;2;186;4;unknown;0;yes
31;self-employed;married;secondary;yes;329;no;no;telephone;13;nov;0;4;86;3;unknown;0;no
66;services;divorced;tertiary;no;7306;yes;no;cellular;1;nov;521;5;-1;4;unknown;0;no
24;entrepreneur;married;secondary;yes;79;no;no;cellular;17;dec;26;5;229;5;success;0;yes
66;retired;married;primary;no;-4605;no;no;cellular;24;mar;202;3;234;5;unknown;0;yes
42;services;married;secondary;no;2758;yes;yes;unknown;27;mar;222;8;232;4;unknown;0;no
50;services;married;secondary;no;-3935;yes;no;cellular;19;aug;279;3;29;1;other;0;no
69;retired;divorced;secondary;no;-1094;no;no;cellular;9;oct;310;3;325;1;unknown;0;no
48;management;married;secondary;no;3268;yes;yes;cellular;20;oct;672;7;359;2;unknown;0;yes
76;services;single;secondary;no;17;yes;yes;cellular;19;dec;99;2;140;1;unknown;0;yes
56;management;married;secondary;no;3141;no;no;cellular;1;nov;282;10;7;5;unknown;0;no
89;technician;divorced;secondary;no;-2074;no;no;cellular;1;mar;203;5;357;3;unknown;0;yes
63;student;single;primary;no;3975;yes;no;cellular;28;apr;416;11;256;2;unknown;1;no
39;retired;married;tertiary;no;-3672;no;no;cellular;25;jul;309;5;184;1;unknown;0;yes
73;technician;married;tertiary;no;5355;yes;no;cellular;12;apr;263;1;68;4;unknown;0;yes
47;unemployed;divorced;primary;no;-26;yes;yes;cellular;9;oct;78;4;7;1;unknown;0;yes
56;self-employed;married;primary;no;5993;yes;no;telephone;3;oct;129;7;85;4;unknown;0;no
27;management;married;primary;no;-1121;yes;no;cellular;7;sep;24;1;25;2;unknown;0;yes
26;self-employed;divorced;primary;no;7174;no;no;cellular;3;jan;130;6;61;0;unknown;0;yes
59;unemployed;married;primary;no;-1472;yes;no;cellular;3;oct;54;9;363;3;unknown;0;no
31;housemaid;married;primary;no;-3981;yes;no;cellular;24;apr;116;10;271;0;unknown;0;no
89;management;married;tertiary;no;1529;no;no;cellular;22;may;137;9;25;5;unknown;1;yes
79;admin.;married;tertiary;no;5101;no;no;cellular;23;jul;141;3;314;1;unknown;0;yes
68;management;married;tertiary;no;3772;no;no;unknown;2;feb;161;8;316;5;failure;0;no
70;student;married;secondary;no;4888;no;no;cellular;11;sep;34;9;68;3;other;0;no
60;housemaid;married;tertiary;no;3831;no;no;cellular;18;sep;227;5;394;4;unknown;0;no
22;housemaid;married;tertiary;no;-1060;no;no;cellular;16;jun;39;8;45;0;unknown;0;no
46;self-employed;married;tertiary;no;3699;no;no;telephone;9;may;100;6;333;1;unknown;0;yes
53;retired;divorced;tertiary;no;1678;no;no;cellular;12;apr;209;5;119;0;unknown;0;no
83;management;single;tertiary;no;-729;no;no;telephone;20;aug;296;8;158;2;success;0;no
33;student;married;tertiary;no;1938;yes;no;cellular;24;dec;718;11;173;1;failure;0;yes
53;unemployed;married;secondary;yes;1231;yes;yes;cellular;28;jun;324;11;88;0;failure;0;no
42;management;single;secondary;no;5647;yes;no;telephone;20;dec;283;1;338;1;failure;0;yes
27;management;married;primary;no;-144;yes;no;cellular;8;jun;115;4;59;3;success;0;no
25;self-employed;married;secondary;no;-284;no;no;cellular;26;jan;238;10;243;3;success;0;yes
44;admin.;single;primary;no;-695;yes;no;unknown;18;nov;21;9;143;3;unknown;0;yes
23;admin.;married;primary;no;7090;no;no;unknown;22;may;318;9;387;4;unknown;1;no
22;housemaid;single;primary;no;-528;no;yes;cellular;11;aug;116;7;193;2;unknown;0;no
43;admin.;divorced;secondary;no;5290;yes;no;cellular;16;jun;33;5;352;5;unknown;0;yes
32;technician;single;unknown;no;-1694;no;no;cellular;15;aug;78;7;186;1;unknown;0;no
57;student;married;secondary;no;2919;no;yes;cellular;21;oct;521;10;280;3;failure;0;no
19;retired;married;secondary;no;2187;no;no;telephone;3;dec;0;2;245;5;unknown;0;yes
39;housemaid;married;secondary;no;5100;yes;no;cellular;16;dec;286;1;143;0;failure;0;no
50;blue-collar;single;secondary;no;4665;no;no;cellular;6;apr;192;9;315;0;unknown;0;no
87;admin.;divorced;secondary;no;1645;yes;no;cellular;5;jan;224;1;127;3;unknown;0;yes
63;services;divorced;secondary;no;-211;no;no;cellular;23;sep;567;5;61;4;unknown;0;no
81;housemaid;married;primary;no;6274;yes;no;telephone;16;mar;320;2;267;0;other;0;yes
42;technician;single;secondary;no;-510;yes;no;cellular;10;may;194;4;128;4;failure;0;yes
50;unemployed;married;primary;no;-5403;yes;no;cellular;19;oct;228;3;283;0;unknown;0;yes
48;management;single;secondary;no;-4175;no;no;cellular;1;aug;127;5;295;3;unknown;0;yes
81;retired;married;tertiary;no;-3445;no;no;telephone;26;aug;465;1;287;1;success;0;no
87;student;married;tertiary;no;3187;no;no;cellular;9;oct;199;10;355;1;unknown;0;yes
87;unemployed;married;secondary;no;8043;no;no;unknown;4;aug;68;8;310;5;unknown;0;yes
72;unemployed;divorced;tertiary;no;-4719;yes;yes;cellular;19;dec;192;8;334;5;unknown;0;no
54;management;married;tertiary;no;-947;no;no;unknown;24;mar;80;9;379;2;unknown;0;yes
56;retired;married;tertiary;no;1667;yes;no;cellular;28;jun;212;1;387;3;success;0;no
88;entrepreneur;married;secondary;no;6036;no;no;cellular;22;jun;185;6;11;5;failure;0;no
38;admin.;married;secondary;no;-963;no;no;unknown;24;oct;220;3;317;4;unknown;0;no
42;services;divorced;secondary;no;3172;yes;no;cellular;9;nov;296;10;345;4;unknown;0;no
82;unemployed;married;primary;no;649;yes;no;cellular;22;may;423;8;388;4;unknown;0;no
45;unemployed;married;secondary;no;9221;no;no;unknown;1;dec;163;1;77;3;unknown;0;yes
34;technician;single;secondary;no;1833;no;no;cellular;27;aug;80;10;373;0;unknown;0;no
58;housemaid;married;secondary;no;2467;no;no;telephone;23;mar;52;7;396;0;unknown;0;no
41;blue-collar;married;tertiary;no;1652;no;no;cellular;19;nov;216;6;259;2;unknown;0;yes
82;services;married;secondary;no;155;no;no;unknown;27;mar;463;2;151;3;unknown;0;no
83;housemaid;married;unknown;no;4249;yes;no;unknown;15;sep;220;7;280;4;unknown;0;yes
40;student;married;tertiary;no;-2077;yes;yes;cellular;10;dec;193;5;44;0;unknown;0;yes
56;retired;married;tertiary;no;-4605;no;no;cellular;16;sep;172;4;119;2;unknown;1;yes
88;management;married;tertiary;no;949;yes;no;cellular;2;jul;218;3;218;2;unknown;0;yes
71;management;single;primary;no;3846;no;no;cellular;27;nov;602;2;358;4;unknown;0;yes
33;unemployed;divorced;primary;no;-342;yes;no;cellular;15;mar;203;10;177;3;unknown;0;yes
60;admin.;divorced;tertiary;no;1959;no;no;cellular;1;apr;167;5;277;2;success;0;no
62;blue-collar;married;primary;no;-2262;yes;no;cellular;17;aug;227;3;223;4;unknown;0;no
65;admin.;married;secondary;no;4587;no;no;unknown;15;sep;84;6;357;4;unknown;0;yes
19;admin.;divorced;secondary;no;3355;yes;no;telephone;28;apr;92;4;351;3;unknown;0;no
39;retired;single;secondary;no;1459;no;no;cellular;22;aug;128;7;79;5;unknown;1;no
79;housemaid;married;secondary;no;1906;yes;no;cellular;8;oct;74;1;184;3;other;0;yes
35;self-employed;married;secondary;no;-2780;no;no;unknown;2;jul;456;3;143;5;unknown;1;yes
39;admin.;married;secondary;no;-2646;yes;no;cellular;13;feb;453;8;263;4;unknown;1;yes
41;services;married;secondary;no;1034;no;no;unknown;24;dec;3;1;28;3;other;0;yes
30;retired;married;primary;no;2941;no;no;cellular;21;may;188;11;91;2;unknown;0;yes
29;unemployed;married;secondary;no;3093;yes;no;cellular;24;may;246;4;372;3;unknown;0;no
42;student;divorced;primary;no;311;yes;no;cellular;24;jul;75;7;317;4;unknown;0;yes
80;entrepreneur;single;secondary;no;3636;yes;no;cellular;15;mar;481;9;323;5;failure;0;no
18;blue-collar;single;primary;no;5662;no;no;cellular;23;jan;372;6;257;4;failure;0;yes
38;admin.;married;secondary;no;1133;yes;yes;cellular;24;nov;292;4;303;2;unknown;1;yes
22;admin.;single;tertiary;no;2328;yes;no;cellular;3;oct;233;10;188;0;unknown;0;yes
58;technician;single;secondary;no;776;yes;no;cellular;4;mar;92;8;171;5;other;0;yes
36;entrepreneur;married;tertiary;no;1021;yes;no;cellular;7;jul;491;8;167;1;unknown;0;no
75;management;single;secondary;no;1908;yes;no;cellular;27;sep;336;3;-1;4;unknown;0;yes
60;services;single;secondary;no;6509;yes;no;cellular;25;dec;301;1;123;0;unknown;0;yes
74;entrepreneur;single;secondary;no;4145;no;yes;cellular;2;dec;72;3;387;1;unknown;0;no
63;housemaid;married;tertiary;no;3875;no;no;unknown;26;jan;89;9;307;0;unknown;0;no
49;retired;divorced;secondary;no;38;yes;no;cellular;2;oct;318;3;149;2;unknown;0;no
79;self-employed;married;secondary;no;-1294;no;yes;cellular;22;feb;440;9;54;0;unknown;0;yes
52;housemaid;married;secondary;no;2568;yes;no;unknown;15;aug;564;5;94;5;failure;0;no
86;entrepreneur;married;secondary;no;5131;no;no;unknown;19;aug;72;4;241;2;unknown;0;yes
89;self-employed;married;tertiary;no;6570;no;no;cellular;21;dec;188;3;340;1;unknown;1;yes
60;services;married;unknown;no;-5957;yes;no;unknown;25;jul;198;1;131;1;unknown;0;no
66;housemaid;married;secondary;no;8739;no;yes;unknown;20;jun;272;4;77;0;other;0;no
36;student;single;secondary;no;2650;yes;no;telephone;16;aug;324;11;158;1;failure;0;no
76;student;married;secondary;no;4126;no;no;cellular;16;jan;49;7;63;0;other;0;no
66;unemployed;divorced;unknown;no;-3819;no;yes;cellular;28;jan;174;9;178;0;other;0;no
82;housemaid;married;secondary;no;689;yes;no;unknown;22;sep;12;10;185;5;unknown;0;no
37;self-employed;single;primary;no;3868;yes;yes;cellular;18;jun;288;8;119;4;failure;0;no
74;self-employed;divorced;unknown;no;-2124;no;no;unknown;18;sep;296;9;180;2;unknown;0;yes
51;self-employed;single;unknown;no;-7264;yes;no;cellular;9;jun;107;5;233;1;unknown;0;no
31;self-employed;single;secondary;no;2406;yes;no;telephone;24;nov;467;5;353;1;unknown;0;yes
30;retired;single;secondary;no;1250;no;no;unknown;21;apr;80;5;306;2;unknown;1;no
58;housemaid;married;tertiary;no;5724;yes;yes;cellular;4;may;274;4;398;1;success;0;yes
41;retired;married;tertiary;no;920;yes;yes;cellular;23;apr;227;1;226;4;unknown;0;no
25;housemaid;married;secondary;no;1139;yes;no;unknown;28;feb;217;8;99;3;unknown;0;yes
48;housemaid;married;secondary;no;3493;no;no;telephone;21;feb;32;8;22;0;failure;0;yes
65;student;married;secondary;no;4500;no;no;telephone;25;feb;215;5;75;2;unknown;0;yes
40;unemployed;married;secondary;no;-726;no;no;unknown;22;feb;273;8;140;0;unknown;1;yes
86;blue-collar;divorced;primary;no;4233;no;no;cellular;26;may;180;9;184;0;unknown;0;yes
74;technician;divorced;tertiary;no;-165;yes;no;telephone;17;jun;240;10;227;3;failure;0;no
54;entrepreneur;single;primary;no;1449;yes;no;cellular;11;oct;440;10;173;2;failure;0;no
85;unemployed;single;secondary;no;3412;yes;no;cellular;14;oct;125;4;127;1;unknown;0;yes
49;blue-collar;married;tertiary;no;3935;yes;no;cellular;27;jul;350;4;328;3;success;0;yes
28;entrepreneur;married;secondary;no;2354;yes;no;telephone;20;aug;177;6;240;2;unknown;0;no
20;self-employed;single;secondary;no;-1841;yes;no;telephone;4;mar;504;5;33;2;failure;0;yes
85;technician;single;tertiary;no;-4210;no;no;cellular;11;apr;61;8;207;0;unknown;1;no
87;retired;married;primary;no;836;yes;no;cellular;3;mar;480;1;59;3;unknown;0;no
71;entrepreneur;married;tertiary;no;4313;no;no;telephone;26;jun;113;3;314;1;unknown;0;no
25;self-employed;married;primary;no;2749;no;no;cellular;12;may;642;5;76;4;unknown;0;yes
39;housemaid;married;secondary;no;2126;yes;no;cellular;3;mar;307;2;206;1;unknown;0;yes
20;housemaid;married;secondary;no;1378;no;no;cellular;27;jun;390;5;27;3;other;0;no
21;self-employed;married;secondary;no;2327;no;no;cellular;24;feb;187;2;375;3;unknown;0;no
35;student;single;secondary;no;-1582;yes;no;unknown;28;nov;356;11;20;0;unknown;0;yes
59;unemployed;divorced;secondary;no;3740;no;no;cellular;10;oct;356;2;252;0;unknown;0;yes
22;services;married;secondary;no;3938;yes;yes;unknown;14;dec;191;5;203;2;unknown;0;no
88;unemployed;single;primary;no;334;yes;yes;unknown;15;apr;372;3;18;1;unknown;0;yes
50;entrepreneur;single;tertiary;no;2711;no;no;cellular;22;aug;452;5;355;5;unknown;0;no
36;technician;married;secondary;no;-3749;no;no;cellular;24;oct;91;9;160;0;unknown;1;yes
55;housemaid;single;secondary;no;1940;yes;no;unknown;16;may;224;4;327;0;other;1;no
74;blue-collar;married;primary;no;1000;no;no;cellular;16;dec;320;8;181;2;unknown;0;yes
40;student;single;secondary;no;5177;no;no;telephone;4;mar;414;2;72;5;unknown;0;no
21;services;married;secondary;no;804;yes;no;cellular;6;mar;169;11;110;2;unknown;0;no
21;self-employed;divorced;secondary;no;4005;yes;no;cellular;19;jul;141;7;52;2;unknown;0;no
79;retired;divorced;secondary;no;226;yes;no;unknown;13;may;394;11;160;5;success;0;no
26;unemployed;married;primary;no;-5458;no;no;cellular;5;aug;450;3;242;3;unknown;0;yes
63;entrepreneur;married;secondary;no;723;yes;yes;cellular;3;nov;367;8;216;5;success;1;no
45;unemployed;married;tertiary;no;1990;yes;no;cellular;19;apr;189;6;127;1;unknown;0;no
73;self-employed;single;primary;no;1852;no;yes;unknown;26;sep;729;4;138;1;unknown;1;no
22;technician;single;secondary;no;1897;yes;no;cellular;7;apr;235;9;199;4;unknown;0;no
82;housemaid;married;secondary;no;-119;yes;no;telephone;16;jan;263;6;110;1;unknown;0;yes
68;student;single;tertiary;no;428;no;no;cellular;8;oct;546;9;285;1;unknown;0;yes
50;services;married;primary;no;-1979;no;no;cellular;23;jul;525;1;125;3;unknown;1;yes
32;services;married;primary;no;-4589;yes;no;cellular;19;aug;361;2;358;4;unknown;0;no
88;blue-collar;married;secondary;no;1080;no;no;cellular;10;may;39;9;94;5;unknown;0;no
39;entrepreneur;married;secondary;no;-835;yes;yes;cellular;14;jun;242;5;69;0;unknown;1;yes
53;student;married;secondary;no;4639;yes;yes;cellular;15;oct;323;3;377;5;other;0;no
46;housemaid;married;secondary;no;-5145;yes;no;cellular;24;jul;610;9;22;1;unknown;0;yes
34;housemaid;married;tertiary;no;2273;yes;no;cellular;14;feb;809;2;-1;4;success;0;yes
47;retired;divorced;tertiary;no;7764;no;yes;cellular;20;jul;100;1;86;0;unknown;0;yes
28;entrepreneur;married;secondary;no;851;yes;no;cellular;14;feb;390;7;64;3;unknown;0;yes
18;services;divorced;primary;no;1391;yes;no;cellular;9;mar;57;2;218;5;unknown;0;yes
38;blue-collar;single;secondary;no;2679;no;no;cellular;18;dec;195;8;343;1;unknown;0;no
26;services;single;primary;no;2913;yes;no;unknown;22;nov;46;5;30;5;unknown;0;no
47;admin.;married;secondary;no;174;yes;no;cellular;28;nov;553;11;204;0;unknown;0;no
80;self-employed;single;tertiary;no;-1624;yes;yes;unknown;2;feb;267;6;127;2;unknown;0;no
29;housemaid;married;secondary;no;3358;no;no;cellular;28;dec;278;3;309;1;unknown;0;no
18;blue-collar;married;primary;no;-4324;yes;yes;unknown;21;mar;229;6;117;0;unknown;0;yes
25;admin.;married;secondary;no;3896;yes;no;cellular;8;mar;295;8;116;1;success;0;yes
54;admin.;married;unknown;no;224;no;no;cellular;11;jul;302;10;38;5;unknown;0;no
37;technician;divorced;secondary;no;1409;yes;yes;cellular;19;may;82;2;-1;5;unknown;0;no
53;entrepreneur;divorced;tertiary;no;-176;no;no;telephone;9;jun;117;9;391;1;unknown;0;yes
20;services;single;tertiary;no;5692;no;no;unknown;10;nov;45;7;167;3;unknown;0;yes
41;services;married;secondary;no;2147;no;no;telephone;15;aug;102;11;340;0;unknown;0;yes
47;self-employed;divorced;secondary;no;434;yes;no;cellular;20;apr;258;7;388;5;unknown;0;no
49;self-employed;single;secondary;no;350;no;no;cellular;26;dec;56;11;234;1;unknown;0;no
57;housemaid;married;secondary;no;955;yes;no;telephone;24;sep;416;7;216;5;unknown;0;yes
74;management;married;secondary;no;8590;yes;no;cellular;8;apr;268;1;353;1;unknown;0;no
51;unemployed;single;primary;no;-2551;no;yes;cellular;6;jan;147;2;295;0;unknown;1;no
78;services;married;tertiary;no;4648;yes;yes;telephone;28;feb;137;2;109;5;unknown;0;yes
56;self-employed;married;tertiary;no;3104;yes;no;cellular;27;mar;204;6;396;0;other;0;no
36;admin.;single;secondary;no;6019;no;yes;cellular;17;feb;8;9;336;3;unknown;0;yes
34;housemaid;married;secondary;no;3287;yes;no;unknown;20;dec;121;7;2;3;failure;0;yes
41;blue-collar;married;secondary;no;1410;yes;no;unknown;8;jan;30;11;269;2;success;0;no
61;housemaid;married;primary;no;4460;yes;no;cellular;18;dec;596;6;9;4;unknown;0;yes
35;retired;single;secondary;no;2089;yes;no;unknown;20;oct;369;8;88;4;unknown;0;no
83;technician;divorced;primary;no;3664;no;yes;unknown;9;jan;154;3;250;3;success;0;no
52;housemaid;single;tertiary;no;5684;no;yes;cellular;21;jun;505;1;267;4;unknown;0;yes
80;unemployed;single;secondary;no;1677;yes;no;telephone;11;jan;25;8;84;1;unknown;0;yes
67;blue-collar;single;tertiary;no;126;yes;yes;unknown;15;apr;153;2;201;1;unknown;0;yes
42;retired;single;secondary;no;-531;yes;no;telephone;2;apr;390;11;34;2;unknown;0;no
34;management;married;secondary;no;2751;yes;yes;cellular;4;sep;3;11;195;1;unknown;0;yes
71;blue-collar;married;tertiary;no;-1234;yes;no;cellular;18;mar;357;3;98;0;unknown;0;no
41;services;single;secondary;no;350;no;no;cellular;23;oct;278;1;371;0;unknown;0;no
35;management;single;secondary;no;-1502;yes;no;cellular;16;sep;337;10;316;0;unknown;0;yes
84;management;married;tertiary;no;2925;no;no;cellular;23;dec;579;10;151;2;unknown;0;no
52;admin.;divorced;secondary;yes;-856;yes;no;cellular;23;jul;311;6;165;1;unknown;0;yes
21;student;single;primary;no;-2460;yes;no;cellular;22;may;245;5;366;0;unknown;0;no
53;services;married;secondary;no;-1932;yes;no;cellular;24;sep;79;5;346;4;unknown;0;no
51;technician;married;secondary;no;-313;yes;no;unknown;22;sep;262;11;330;2;failure;0;yes
80;technician;married;secondary;no;-40;no;yes;cellular;24;mar;124;7;215;1;unknown;0;no
69;student;married;tertiary;no;2154;no;no;cellular;11;apr;195;3;165;1;unknown;0;no
31;blue-collar;married;secondary;no;915;no;no;cellular;12;aug;125;8;243;2;success;0;yes
28;management;married;secondary;no;2510;yes;no;unknown;14;nov;318;11;308;4;unknown;0;no
61;retired;married;secondary;no;2751;yes;no;cellular;16;jul;21;1;35;0;unknown;0;yes
21;admin.;married;primary;no;3621;no;yes;cellular;19;nov;262;6;40;1;unknown;0;no
40;management;single;tertiary;no;-4323;no;no;cellular;16;jul;11;6;173;2;unknown;0;no
27;services;single;primary;no;-1981;yes;no;cellular;5;aug;139;9;197;3;unknown;0;no
19;housemaid;married;secondary;no;3064;yes;no;unknown;12;may;151;7;68;4;unknown;0;no
84;admin.;married;secondary;no;2034;yes;no;cellular;17;aug;312;3;19;4;failure;1;no
24;retired;married;tertiary;no;4330;yes;no;cellular;1;jan;64;7;198;3;unknown;0;no
18;housemaid;married;primary;no;-3232;no;no;cellular;4;aug;247;2;73;4;unknown;0;yes
85;self-employed;married;secondary;no;-25;yes;no;telephone;27;may;147;6;53;3;unknown;0;no
31;blue-collar;married;tertiary;no;510;no;yes;cellular;24;aug;12;3;139;2;failure;0;no
76;services;married;secondary;no;1899;yes;no;cellular;17;dec;331;11;364;4;unknown;0;yes
20;management;divorced;secondary;no;1507;no;no;cellular;4;jun;89;9;31;2;unknown;0;yes
29;services;married;tertiary;no;2807;yes;no;cellular;8;sep;294;9;181;5;unknown;0;no
25;entrepreneur;single;tertiary;no;1056;no;no;cellular;22;sep;72;1;355;1;unknown;0;no
68;management;married;secondary;no;5517;no;no;cellular;21;mar;247;5;-1;3;unknown;0;no
62;unemployed;married;tertiary;no;6473;yes;yes;unknown;7;dec;344;8;349;0;unknown;0;no
52;entrepreneur;divorced;primary;no;-1953;yes;no;cellular;2;jul;290;6;312;4;success;0;yes
35;student;married;unknown;no;1535;yes;no;cellular;26;sep;398;2;-1;0;unknown;0;no
24;retired;single;primary;no;3793;yes;no;cellular;21;feb;349;6;162;3;unknown;1;yes
58;student;divorced;secondary;no;3155;no;no;unknown;19;apr;279;8;34;1;failure;0;no
34;retired;single;primary;no;176;no;no;cellular;25;dec;389;8;149;0;unknown;0;yes
60;entrepreneur;married;tertiary;no;2164;no;no;cellular;13;jul;145;4;375;3;unknown;0;yes
67;entrepreneur;married;unknown;no;-3350;yes;no;unknown;4;jan;324;7;333;4;unknown;0;yes
79;housemaid;married;secondary;no;1342;no;no;cellular;2;aug;224;10;-1;4;unknown;0;yes
53;blue-collar;married;secondary;no;-2980;no;no;unknown;28;nov;590;11;327;4;unknown;0;yes
18;housemaid;married;secondary;no;2923;yes;no;telephone;18;jan;274;4;382;2;unknown;0;yes
38;management;divorced;primary;no;-1947;no;yes;telephone;21;mar;37;8;254;5;unknown;0;yes
79;blue-collar;single;tertiary;no;1889;yes;no;cellular;11;jun;270;11;226;4;unknown;0;no
56;blue-collar;married;primary;no;2357;yes;no;cellular;4;may;29;1;263;0;unknown;1;yes
62;entrepreneur;married;unknown;no;1627;no;yes;unknown;23;feb;365;7;219;2;unknown;0;no
50;unemployed;single;tertiary;no;-495;yes;no;cellular;23;mar;369;9;91;4;unknown;0;yes
29;admin.;divorced;primary;no;768;yes;no;cellular;23;jul;98;3;8;3;unknown;0;yes
82;housemaid;married;secondary;yes;4943;yes;yes;cellular;15;aug;12;4;13;5;unknown;0;no
73;housemaid;married;unknown;no;126;no;no;cellular;20;feb;246;10;141;3;unknown;0;no
89;technician;divorced;tertiary;no;1464;yes;no;cellular;9;sep;39;2;294;2;failure;0;yes
79;student;divorced;tertiary;no;-270;yes;no;cellular;8;may;52;4;333;0;unknown;0;no
38;entrepreneur;divorced;primary;no;4461;yes;no;cellular;1;dec;118;10;84;5;failure;0;no
36;admin.;married;primary;no;1633;yes;yes;unknown;5;dec;344;7;125;2;unknown;0;yes
35;blue-collar;married;tertiary;yes;-891;yes;yes;cellular;13;aug;76;8;-1;4;unknown;1;yes
84;self-employed;married;secondary;no;1421;no;no;cellular;14;jan;69;6;361;5;unknown;0;yes
58;management;married;secondary;no;676;no;no;cellular;13;feb;699;5;59;4;success;0;yes
50;student;divorced;tertiary;no;5577;no;no;unknown;13;apr;610;9;203;0;unknown;0;yes
87;retired;married;secondary;no;1265;no;yes;telephone;7;jun;461;4;18;3;unknown;1;yes
61;services;single;primary;no;-2748;yes;no;cellular;19;may;228;3;334;2;unknown;1;no
83;management;divorced;secondary;no;2895;yes;no;unknown;13;oct;370;6;351;3;unknown;0;no
88;blue-collar;divorced;tertiary;no;6758;yes;no;cellular;15;aug;143;2;311;1;unknown;0;yes
23;entrepreneur;single;secondary;no;4990;yes;no;cellular;17;apr;320;7;66;0;success;1;no
44;student;divorced;primary;no;-1908;no;no;cellular;14;dec;105;11;182;4;unknown;0;yes
70;services;married;unknown;no;593;yes;no;unknown;16;nov;125;8;380;5;unknown;0;yes
76;student;married;tertiary;no;1307;no;no;unknown;14;aug;225;4;332;0;unknown;0;yes
28;blue-collar;married;secondary;no;1344;yes;no;cellular;11;mar;316;2;56;1;unknown;0;yes
40;technician;divorced;tertiary;no;2542;yes;yes;cellular;15;nov;550;7;344;2;unknown;0;no
57;student;divorced;secondary;no;367;no;no;cellular;20;sep;226;6;190;4;unknown;0;no
75;management;married;unknown;no;-1346;yes;no;cellular;25;feb;19;10;384;1;unknown;0;no
26;unemployed;married;tertiary;no;4255;yes;no;cellular;3;mar;180;6;165;3;unknown;0;yes
61;entrepreneur;married;secondary;no;-1970;yes;no;unknown;5;apr;348;1;24;1;unknown;0;no
39;admin.;married;secondary;no;-1006;yes;no;telephone;4;aug;197;10;192;2;unknown;0;yes
33;services;single;secondary;no;-1989;yes;yes;cellular;1;nov;59;4;322;2;failure;1;yes
55;entrepreneur;married;secondary;no;3236;no;no;unknown;24;feb;324;9;331;2;other;0;no
47;management;single;secondary;no;1719;no;no;cellular;7;jan;8;1;264;1;success;0;no
63;admin.;single;secondary;no;4050;no;yes;cellular;9;sep;44;11;347;0;unknown;0;no
40;admin.;married;unknown;no;-955;no;no;cellular;9;jun;303;11;278;3;unknown;0;no
77;self-employed;married;secondary;no;-2359;yes;yes;unknown;25;jan;62;1;228;4;success;0;yes
23;technician;divorced;tertiary;no;68;no;no;cellular;18;jun;149;11;370;1;unknown;0;yes
80;technician;single;secondary;no;852;yes;no;cellular;3;jan;223;9;103;1;other;0;yes
20;unemployed;married;secondary;no;2027;yes;no;cellular;24;dec;211;10;9;5;unknown;0;yes
70;technician;married;primary;no;-3647;no;no;unknown;28;nov;26;3;374;1;unknown;0;no
42;entrepreneur;divorced;secondary;no;2836;yes;no;cellular;20;jun;285;5;300;2;failure;0;yes
45;blue-collar;single;secondary;no;-1282;yes;no;telephone;14;oct;36;6;308;2;unknown;0;yes
19;entrepreneur;single;primary;no;-542;no;no;unknown;28;nov;550;6;146;0;unknown;0;no
68;blue-collar;single;tertiary;no;4921;yes;no;telephone;2;jan;139;8;202;2;unknown;0;no
29;housemaid;divorced;secondary;no;-5149;yes;yes;cellular;1;aug;341;11;238;1;unknown;0;no
65;entrepreneur;married;secondary;no;2367;yes;no;cellular;22;mar;366;10;256;1;unknown;0;no
70;retired;single;tertiary;no;2356;no;no;cellular;6;apr;149;10;89;4;unknown;0;yes
78;admin.;married;secondary;no;-1056;yes;no;unknown;2;aug;26;4;150;5;unknown;1;no
68;management;single;secondary;no;58;yes;no;unknown;3;feb;365;1;112;0;other;1;no
39;technician;divorced;secondary;no;5063;yes;no;cellular;13;dec;64;2;175;1;unknown;0;yes
71;admin.;divorced;primary;no;7288;yes;yes;cellular;19;jun;33;2;244;2;unknown;0;no
77;management;married;secondary;no;4594;yes;no;cellular;13;nov;341;9;96;3;unknown;0;no
40;services;single;secondary;no;7057;yes;no;cellular;12;jan;179;5;143;5;unknown;0;no
26;admin.;divorced;secondary;no;-673;yes;no;cellular;5;oct;78;5;141;4;unknown;0;yes
82;management;divorced;secondary;no;-3340;yes;no;unknown;9;may;120;9;114;0;unknown;1;yes
28;blue-collar;single;primary;no;1242;yes;no;cellular;27;sep;60;1;323;4;unknown;0;no
60;technician;married;unknown;no;3814;yes;yes;cellular;9;jul;656;5;8;5;failure;0;yes
35;management;married;secondary;no;-4164;no;yes;cellular;10;jul;423;5;235;1;unknown;1;yes
27;admin.;divorced;secondary;no;-1379;yes;no;unknown;26;jul;55;3;56;2;unknown;0;yes
73;admin.;single;tertiary;no;-1046;yes;no;cellular;2;jun;157;4;192;1;unknown;0;no
28;technician;single;secondary;no;2469;yes;yes;unknown;3;jun;339;10;241;1;unknown;0;no
66;retired;single;secondary;no;2082;no;no;cellular;26;dec;24;8;184;2;unknown;0;yes
67;entrepreneur;married;tertiary;no;-925;yes;no;cellular;9;dec;108;4;158;4;unknown;0;yes
22;housemaid;married;tertiary;no;1939;no;no;cellular;7;aug;160;10;236;0;unknown;0;no
30;unemployed;single;primary;no;-2034;no;no;unknown;14;feb;43;2;5;2;unknown;0;no
75;unemployed;married;primary;no;120;yes;yes;cellular;2;jan;439;10;362;5;other;0;no
54;student;single;unknown;no;-2394;yes;no;cellular;12;dec;77;7;136;0;unknown;0;yes
26;services;single;primary;no;949;no;no;unknown;1;mar;196;3;12;4;unknown;0;no
89;housemaid;single;tertiary;no;-1001;yes;no;cellular;20;sep;243;10;142;4;unknown;0;yes
37;student;married;secondary;no;3471;yes;no;cellular;24;sep;537;2;137;1;unknown;0;no
18;unemployed;single;secondary;no;1321;yes;no;cellular;18;oct;202;7;87;4;unknown;0;yes
84;self-employed;married;tertiary;no;719;yes;yes;cellular;6;apr;647;7;242;1;unknown;0;yes
19;technician;married;unknown;no;6704;no;no;unknown;23;aug;147;11;61;2;unknown;0;no
57;self-employed;married;primary;yes;2549;yes;no;cellular;19;jun;175;3;133;5;unknown;0;no
89;unemployed;married;secondary;no;295;yes;no;cellular;24;mar;407;10;-1;4;success;0;no
59;services;divorced;tertiary;no;-351;no;no;cellular;26;sep;604;2;87;2;failure;0;yes
60;admin.;divorced;secondary;no;-2143;no;no;unknown;12;oct;167;3;249;0;unknown;0;no
45;entrepreneur;married;tertiary;no;1202;yes;no;cellular;28;jul;467;1;105;0;unknown;1;yes
27;retired;single;secondary;no;2322;no;no;cellular;25;nov;389;4;305;0;unknown;0;yes
59;management;married;primary;no;-4343;yes;no;unknown;17;aug;67;8;197;0;failure;0;no
82;retired;single;tertiary;no;-2691;no;no;unknown;18;oct;216;3;88;1;failure;0;no
24;student;divorced;tertiary;no;-148;yes;no;cellular;13;oct;211;1;101;3;unknown;0;yes
81;retired;single;primary;no;-1894;yes;no;cellular;25;nov;13;7;126;5;unknown;0;no
47;admin.;married;tertiary;no;1529;no;no;unknown;2;aug;252;1;213;5;unknown;0;yes
56;management;married;secondary;no;1946;no;no;cellular;14;jan;236;8;359;1;failure;0;no
29;technician;married;primary;no;1033;yes;no;unknown;3;dec;294;9;92;5;unknown;0;yes
62;entrepreneur;divorced;secondary;no;3050;no;no;cellular;1;dec;233;9;386;5;unknown;0;yes
31;housemaid;single;tertiary;no;-354;yes;no;cellular;27;sep;86;2;259;3;success;0;yes
37;self-employed;married;primary;no;1262;no;no;cellular;19;dec;709;6;224;1;unknown;0;no
69;unemployed;married;primary;no;-1609;no;no;cellular;13;mar;263;4;122;2;unknown;0;yes
21;housemaid;divorced;tertiary;no;2253;no;no;cellular;28;nov;479;2;156;2;unknown;0;no
50;retired;married;secondary;no;1627;yes;no;cellular;3;feb;307;2;303;1;unknown;0;yes
60;unemployed;single;primary;no;-2195;no;no;unknown;27;aug;521;3;394;4;unknown;0;yes
27;technician;single;secondary;no;934;no;no;cellular;14;jul;64;9;198;3;unknown;0;no
39;blue-collar;married;tertiary;no;1286;yes;no;cellular;5;nov;202;6;17;1;unknown;0;no
42;unemployed;married;secondary;no;2243;no;no;cellular;9;jul;130;1;224;0;unknown;0;no
65;admin.;married;tertiary;no;2354;yes;no;cellular;14;aug;105;3;113;1;unknown;1;no
88;unemployed;married;primary;no;-763;yes;no;cellular;23;apr;273;2;306;2;unknown;0;no
78;entrepreneur;single;secondary;yes;3690;no;no;cellular;25;jun;170;1;207;1;unknown;0;no
31;retired;single;tertiary;no;2969;yes;no;cellular;4;may;65;10;50;3;unknown;0;no
19;blue-collar;married;secondary;no;-773;no;no;telephone;12;dec;159;10;94;2;failure;0;no
21;management;married;primary;no;-2028;yes;yes;cellular;12;jul;142;1;364;2;unknown;0;yes
60;services;married;secondary;no;-544;yes;no;unknown;15;mar;396;6;368;2;unknown;0;no
29;technician;married;secondary;no;-3014;no;no;cellular;16;jan;69;10;147;4;success;1;yes
34;management;single;secondary;no;2024;no;no;cellular;28;nov;117;7;207;0;failure;0;yes
79;housemaid;single;unknown;no;4950;no;no;cellular;8;aug;69;4;131;2;unknown;0;yes
80;student;single;secondary;no;5664;yes;yes;cellular;14;jun;368;2;355;1;unknown;0;no
78;unemployed;married;secondary;no;-1868;yes;yes;unknown;8;apr;110;2;338;4;success;0;yes
36;unemployed;single;primary;no;3760;no;no;unknown;6;apr;429;11;128;4;unknown;0;yes
62;unemployed;married;secondary;no;1653;no;no;unknown;12;aug;210;8;95;5;unknown;0;no
61;blue-collar;divorced;secondary;no;-5787;no;no;telephone;2;jul;317;10;61;3;unknown;0;yes
31;retired;single;tertiary;no;402;no;no;unknown;22;jul;441;11;307;5;failure;0;yes
57;unemployed;divorced;secondary;no;68;yes;no;cellular;13;aug;20;5;365;5;unknown;0;yes
55;housemaid;married;tertiary;no;5032;yes;yes;cellular;13;dec;170;8;208;5;unknown;0;no
46;retired;married;secondary;no;-1212;yes;no;cellular;15;mar;304;3;188;1;unknown;1;yes
72;unemployed;single;secondary;no;3089;yes;no;unknown;15;aug;259;8;143;2;unknown;0;no
66;blue-collar;married;tertiary;no;1078;yes;no;unknown;26;oct;39;9;315;1;unknown;0;no
56;management;single;secondary;no;-2937;no;no;telephone;17;jun;359;6;13;3;failure;1;yes
70;management;married;tertiary;no;-256;yes;no;unknown;23;may;229;7;122;2;unknown;0;no
72;admin.;divorced;tertiary;no;5994;yes;no;unknown;23;jul;245;5;239;3;unknown;0;yes
58;retired;married;tertiary;no;879;no;no;cellular;2;sep;175;10;38;0;unknown;0;no
37;entrepreneur;divorced;secondary;no;4117;yes;no;cellular;23;may;416;6;136;0;unknown;0;no
72;entrepreneur;married;secondary;no;3953;no;no;telephone;23;feb;329;6;251;1;unknown;0;no
69;student;married;secondary;no;55;no;no;cellular;18;feb;337;5;134;5;unknown;0;no
88;admin.;married;unknown;no;-2450;no;no;cellular;2;jan;135;10;100;2;unknown;0;no
28;housemaid;married;secondary;no;-2055;no;no;cellular;1;nov;76;1;287;1;unknown;0;yes
48;housemaid;divorced;secondary;no;5755;no;yes;cellular;1;feb;112;8;366;3;unknown;0;no
84;retired;divorced;secondary;no;1855;yes;no;unknown;20;aug;418;5;80;5;unknown;0;yes
55;management;divorced;primary;no;-3801;no;yes;telephone;16;mar;138;4;113;0;unknown;0;no
85;management;divorced;primary;no;3901;no;no;cellular;11;jul;224;5;81;2;success;0;yes
18;entrepreneur;single;primary;no;-3960;yes;no;cellular;15;oct;153;9;110;5;unknown;0;no
20;self-employed;married;primary;no;-1078;no;no;cellular;13;feb;283;4;367;5;unknown;0;no
75;entrepreneur;divorced;tertiary;no;1643;yes;no;cellular;9;jun;43;4;300;5;failure;0;no
43;blue-collar;married;secondary;no;8961;no;no;cellular;22;jun;179;11;322;2;unknown;0;no
55;entrepreneur;single;primary;no;3848;yes;yes;cellular;13;oct;439;5;147;3;unknown;0;yes
48;admin.;married;secondary;no;-47;no;no;cellular;16;jul;36;9;42;5;success;1;yes
47;unemployed;single;secondary;no;1484;yes;yes;cellular;26;sep;165;5;52;2;failure;0;no
85;admin.;married;secondary;no;4159;yes;no;cellular;26;aug;430;11;372;5;unknown;0;yes
24;student;married;secondary;no;5665;yes;no;telephone;19;mar;369;5;91;4;unknown;0;yes
73;self-employed;married;primary;no;657;no;no;cellular;26;jul;310;5;36;1;unknown;1;yes
82;blue-collar;married;tertiary;no;744;no;no;cellular;10;nov;297;8;263;1;unknown;0;no
65;retired;married;primary;no;-1090;yes;no;unknown;11;may;294;9;124;3;unknown;0;yes
46;housemaid;married;secondary;no;3395;yes;no;cellular;27;oct;173;3;44;3;unknown;0;yes
29;entrepreneur;married;secondary;no;4477;no;no;unknown;25;aug;440;11;131;5;unknown;0;yes
67;entrepreneur;single;secondary;no;-4416;no;no;cellular;5;feb;126;4;276;1;success;0;yes
51;blue-collar;married;primary;no;209;yes;no;cellular;1;feb;21;10;131;4;failure;0;no
28;services;single;secondary;yes;-2240;no;yes;cellular;5;jul;56;6;378;5;unknown;0;yes
43;admin.;married;secondary;no;1852;no;no;unknown;22;mar;96;7;172;4;unknown;0;yes
87;management;single;primary;no;-2313;yes;no;unknown;7;may;94;4;49;2;success;0;yes
37;blue-collar;married;tertiary;no;-2560;yes;no;cellular;28;jun;77;2;357;5;unknown;1;no
30;retired;married;secondary;no;4770;yes;no;unknown;7;jun;15;2;106;3;unknown;0;yes
67;blue-collar;single;primary;no;903;no;no;cellular;5;sep;294;2;138;2;other;0;yes
32;management;single;secondary;no;1220;no;yes;cellular;2;may;30;8;132;4;unknown;0;no
84;student;married;primary;no;2695;yes;no;cellular;27;feb;329;7;191;0;unknown;0;no
79;retired;married;tertiary;no;4312;no;yes;cellular;9;jun;364;7;232;4;unknown;0;yes
88;self-employed;married;primary;no;144;yes;no;cellular;24;nov;734;11;223;1;unknown;0;no
83;retired;married;secondary;no;211;no;no;cellular;16;may;129;11;256;1;unknown;1;no
35;retired;married;tertiary;no;223;no;no;cellular;5;oct;188;6;105;0;unknown;0;yes
33;unemployed;single;primary;no;4644;no;no;cellular;7;jun;70;9;385;3;unknown;0;no
42;services;married;secondary;no;1195;no;no;cellular;3;mar;14;1;184;0;unknown;0;yes
51;services;single;secondary;yes;526;yes;no;cellular;3;jul;135;7;393;5;unknown;0;no
81;retired;married;unknown;no;2572;yes;yes;cellular;23;jun;64;5;22;0;unknown;0;no
70;housemaid;married;secondary;no;6893;yes;yes;cellular;19;sep;16;3;123;2;unknown;0;no
64;technician;married;secondary;no;1622;no;no;cellular;5;sep;267;5;328;2;unknown;0;no
81;retired;married;primary;no;591;yes;no;cellular;12;feb;5;3;77;0;unknown;0;no
64;entrepreneur;married;secondary;no;7228;yes;no;cellular;7;jan;333;6;253;5;unknown;0;no
45;entrepreneur;single;secondary;no;5389;yes;no;cellular;19;feb;391;6;95;5;unknown;0;yes
47;retired;single;secondary;no;4954;yes;no;cellular;4;sep;47;2;327;5;unknown;0;yes
55;admin.;married;primary;no;-102;yes;no;cellular;7;jun;499;6;241;5;unknown;0;no
24;admin.;married;secondary;no;-399;yes;no;cellular;19;may;300;4;195;0;success;0;no
71;blue-collar;divorced;secondary;no;-4102;yes;no;cellular;22;jun;205;5;102;0;unknown;0;yes
64;housemaid;married;tertiary;no;4294;yes;no;cellular;28;jan;135;10;368;5;unknown;0;no
70;admin.;married;tertiary;no;1630;yes;no;unknown;28;jul;122;5;325;1;unknown;0;yes
56;self-employed;divorced;tertiary;no;-4002;no;no;cellular;20;feb;534;8;180;3;unknown;0;no
74;entrepreneur;married;unknown;no;5005;no;yes;cellular;8;aug;483;3;181;1;unknown;0;no
86;admin.;married;secondary;no;387;no;no;unknown;24;feb;539;11;304;4;unknown;0;no
59;management;married;secondary;no;757;no;no;cellular;18;apr;591;5;-1;5;unknown;0;yes
49;services;single;primary;no;-3138;no;no;cellular;27;dec;494;4;311;0;unknown;0;no
25;student;married;tertiary;no;2876;no;yes;cellular;22;aug;267;1;313;5;unknown;0;yes
74;unemployed;single;secondary;no;2905;yes;yes;unknown;23;nov;331;10;296;2;failure;0;no
83;management;married;secondary;no;1256;yes;no;cellular;16;jun;83;7;165;2;unknown;0;no
68;management;married;secondary;no;145;yes;no;cellular;23;sep;267;2;181;5;unknown;0;no
80;unemployed;married;tertiary;no;9279;no;no;cellular;9;jun;369;7;397;5;unknown;0;yes
80;admin.;single;tertiary;no;-2210;yes;no;cellular;3;aug;372;3;277;3;unknown;0;no
75;services;married;tertiary;no;-764;yes;no;cellular;7;aug;194;8;303;0;unknown;0;no
54;technician;single;secondary;no;3524;no;no;unknown;16;jan;185;2;180;2;unknown;0;no
25;unemployed;married;secondary;no;-1643;yes;yes;cellular;19;aug;82;8;221;2;failure;0;yes
18;entrepreneur;married;tertiary;no;-1864;no;no;telephone;14;feb;315;2;146;5;unknown;0;yes
32;blue-collar;married;secondary;no;4794;no;yes;unknown;14;aug;118;8;43;0;other;0;yes
49;technician;married;secondary;no;3215;yes;no;cellular;6;feb;353;4;321;5;unknown;0;yes
71;retired;married;secondary;no;2852;yes;no;cellular;24;oct;23;9;205;5;unknown;0;no
50;self-employed;single;secondary;no;1945;yes;no;cellular;7;aug;492;6;207;1;unknown;0;no
19;services;divorced;tertiary;no;-676;no;no;telephone;3;jun;32;2;243;1;unknown;0;no
33;technician;single;secondary;no;641;no;no;cellular;5;dec;515;10;270;5;unknown;0;yes
88;technician;single;tertiary;no;1162;no;no;cellular;1;dec;90;10;341;5;unknown;0;no
89;housemaid;married;tertiary;no;3938;yes;no;cellular;28;apr;340;4;293;2;unknown;0;no
45;technician;single;secondary;no;2677;yes;no;cellular;11;dec;33;5;323;4;unknown;0;no
75;unemployed;married;primary;no;-1383;no;no;cellular;23;jun;218;1;282;5;other;0;yes
69;student;single;secondary;no;3768;no;no;cellular;14;may;435;8;374;5;unknown;0;yes
85;entrepreneur;divorced;secondary;no;-3635;yes;no;unknown;26;dec;400;5;44;1;unknown;0;no
81;retired;married;secondary;no;438;yes;no;unknown;18;nov;55;2;282;3;unknown;0;yes
63;services;divorced;tertiary;no;-2026;yes;no;unknown;7;nov;97;8;42;0;unknown;0;no
46;admin.;single;primary;no;-1171;yes;yes;cellular;4;jun;94;3;188;3;failure;0;yes
63;technician;married;secondary;no;7179;no;no;cellular;5;aug;138;3;11;0;unknown;0;yes
40;student;divorced;tertiary;no;-3012;no;no;cellular;17;dec;53;11;161;0;unknown;1;no
43;technician;married;tertiary;no;-1057;yes;no;cellular;1;jan;49;9;148;2;unknown;0;no
61;admin.;married;secondary;no;2931;yes;no;unknown;23;dec;81;2;187;0;unknown;0;yes
59;housemaid;married;secondary;no;-10;yes;no;telephone;9;dec;178;7;336;1;other;0;no
59;retired;single;secondary;no;1866;yes;yes;cellular;26;jun;213;6;116;3;unknown;0;yes
45;management;married;secondary;no;5688;yes;no;unknown;4;jan;217;2;38;5;other;0;yes
47;entrepreneur;divorced;secondary;no;3363;yes;no;cellular;26;may;60;2;51;1;unknown;0;yes
18;blue-collar;married;secondary;no;-6;yes;no;unknown;25;feb;104;10;319;3;failure;0;yes
61;student;married;secondary;no;998;no;no;cellular;15;sep;156;2;98;2;failure;0;no
59;blue-collar;single;secondary;no;2991;no;no;unknown;14;may;383;7;146;3;success;0;no
85;entrepreneur;married;secondary;no;3304;no;yes;unknown;26;may;84;11;275;0;unknown;0;no
54;self-employed;single;secondary;no;1462;yes;no;cellular;23;jul;115;5;353;4;unknown;0;yes
51;blue-collar;married;secondary;no;2481;yes;no;cellular;16;aug;155;8;26;3;unknown;0;no
22;management;divorced;secondary;no;2484;yes;no;cellular;10;feb;132;5;306;3;unknown;0;no
32;student;single;secondary;yes;1123;yes;no;unknown;3;jun;103;7;152;0;unknown;0;no
42;services;married;unknown;no;-415;yes;no;cellular;27;feb;140;4;204;5;unknown;0;no
45;admin.;married;secondary;no;3627;yes;no;unknown;28;jul;43;3;65;1;unknown;0;yes
44;unemployed;married;secondary;no;2275;no;no;unknown;25;apr;204;7;44;0;unknown;0;no
46;student;divorced;secondary;no;-4842;no;no;cellular;1;may;303;2;273;0;failure;0;no
73;admin.;single;tertiary;yes;-1077;no;no;cellular;13;mar;112;7;247;4;success;0;no
27;self-employed;married;secondary;no;-42;no;no;cellular;9;oct;322;7;129;0;unknown;0;no
41;self-employed;married;secondary;no;796;no;no;cellular;13;apr;158;11;141;5;unknown;0;no
29;student;divorced;tertiary;no;5011;no;no;cellular;2;aug;167;3;206;3;unknown;0;yes
40;retired;married;primary;no;11006;no;no;cellular;16;aug;158;2;171;1;unknown;0;yes
67;services;single;secondary;no;-5976;yes;yes;cellular;16;sep;181;3;333;0;unknown;0;no
21;blue-collar;single;secondary;no;2313;no;no;cellular;7;jan;55;9;82;0;unknown;0;no
42;technician;married;unknown;no;1608;no;no;cellular;16;oct;145;5;208;4;unknown;0;no
19;self-employed;married;tertiary;no;858;yes;no;cellular;16;aug;443;2;258;2;unknown;0;yes
86;entrepreneur;married;primary;no;3028;yes;yes;cellular;18;oct;262;3;115;4;unknown;0;yes
70;blue-collar;married;tertiary;no;1849;no;no;telephone;7;sep;111;9;74;2;unknown;0;no
35;blue-collar;divorced;tertiary;no;315;no;no;cellular;4;jul;432;11;236;1;success;0;no
32;entrepreneur;single;secondary;no;1487;yes;yes;cellular;10;sep;792;2;154;5;unknown;0;no
25;blue-collar;single;secondary;no;3069;yes;no;unknown;1;apr;80;7;389;2;unknown;0;no
52;self-employed;married;primary;no;2784;yes;yes;unknown;20;may;212;11;78;5;failure;0;yes
72;student;married;secondary;no;1965;yes;no;cellular;8;may;353;1;224;1;unknown;0;yes
60;student;single;secondary;no;-350;yes;no;unknown;9;may;106;2;164;3;unknown;0;no
81;unemployed;married;tertiary;no;9857;yes;yes;cellular;2;jul;85;6;133;1;unknown;0;no
42;housemaid;married;secondary;no;2478;yes;no;telephone;15;sep;410;1;225;1;unknown;0;yes
38;management;married;secondary;no;3687;yes;no;cellular;1;mar;209;7;306;4;unknown;0;no
52;admin.;single;secondary;no;-123;no;no;cellular;14;apr;81;8;114;0;success;0;no
32;retired;single;secondary;no;1968;yes;yes;unknown;8;oct;108;4;245;3;success;0;no
88;self-employed;married;primary;no;1944;yes;yes;cellular;18;oct;285;11;332;2;unknown;0;yes
31;technician;divorced;secondary;no;-4335;yes;no;cellular;28;mar;60;10;386;5;success;0;no
52;unemployed;married;primary;no;-749;no;no;unknown;16;feb;16;8;248;0;success;0;yes
55;services;married;secondary;no;-805;yes;no;cellular;23;may;28;6;57;5;unknown;0;yes
22;retired;married;secondary;no;-401;no;no;cellular;6;feb;152;2;335;5;success;0;no
51;technician;single;tertiary;no;-1809;yes;no;cellular;11;aug;0;3;395;1;unknown;0;yes
50;housemaid;married;primary;no;1531;yes;no;telephone;23;sep;30;11;379;3;unknown;0;no
36;housemaid;married;secondary;no;5592;no;no;telephone;11;sep;408;6;277;4;unknown;0;no
27;housemaid;married;secondary;no;1791;yes;yes;cellular;26;may;253;5;42;5;unknown;0;yes
21;entrepreneur;single;primary;no;-2143;yes;yes;cellular;27;may;223;8;243;2;unknown;0;yes
18;services;single;primary;no;-1692;yes;no;cellular;21;jun;307;3;67;1;unknown;0;no
52;blue-collar;married;secondary;no;268;yes;no;cellular;19;oct;8;4;302;2;unknown;0;yes
24;technician;divorced;secondary;no;-2846;no;yes;cellular;10;dec;292;5;14;1;unknown;0;yes
87;retired;married;unknown;no;2313;no;no;cellular;24;nov;305;10;55;3;other;0;no
35;blue-collar;married;primary;no;5459;no;no;telephone;28;may;15;6;276;5;unknown;0;no
64;entrepreneur;single;tertiary;no;-327;yes;no;unknown;25;feb;339;1;98;3;unknown;0;yes
66;technician;single;tertiary;no;1628;yes;no;cellular;10;jan;267;6;30;4;unknown;0;yes
53;housemaid;married;secondary;no;113;no;yes;cellular;5;nov;272;4;42;5;unknown;0;no
81;blue-collar;single;secondary;no;-488;yes;no;cellular;26;dec;553;6;118;5;other;0;yes
25;self-employed;married;unknown;no;1968;no;no;cellular;1;jul;244;11;193;5;failure;0;yes
34;blue-collar;single;secondary;no;-589;no;no;cellular;23;jan;35;4;284;2;unknown;1;yes
36;unemployed;single;tertiary;no;-1025;yes;no;cellular;8;jun;246;3;202;2;unknown;0;no
27;entrepreneur;divorced;secondary;no;-3457;no;no;cellular;22;sep;222;6;164;1;unknown;0;yes
39;self-employed;married;tertiary;no;1593;yes;no;cellular;17;oct;1;1;360;4;unknown;0;no
40;technician;single;unknown;no;4601;no;yes;unknown;4;oct;184;3;309;3;other;1;yes
73;blue-collar;single;tertiary;no;3521;yes;no;cellular;26;oct;206;1;173;5;unknown;0;yes
39;admin.;married;secondary;no;5875;no;no;cellular;27;feb;408;10;399;5;unknown;0;no
81;blue-collar;married;tertiary;no;-623;yes;no;cellular;9;sep;410;9;285;4;unknown;0;no
73;housemaid;divorced;primary;no;3952;yes;no;unknown;5;dec;276;2;142;5;unknown;0;yes
82;self-employed;married;secondary;no;-1907;no;no;unknown;24;may;534;4;158;4;success;1;no
25;management;single;secondary;no;3527;yes;no;cellular;13;jul;254;2;24;0;unknown;0;yes
88;retired;married;secondary;no;6332;yes;no;cellular;19;apr;180;9;317;3;unknown;0;no
62;unemployed;single;secondary;no;2895;yes;yes;cellular;24;oct;260;2;239;4;unknown;0;no
88;retired;married;primary;no;6385;no;yes;cellular;19;may;73;8;41;4;unknown;0;no
43;technician;divorced;secondary;no;-396;yes;no;cellular;14;dec;33;7;55;2;unknown;0;yes
86;management;single;primary;no;997;no;no;cellular;21;jul;24;9;36;0;unknown;0;yes
60;retired;married;secondary;no;-1347;no;no;cellular;3;may;124;10;58;2;unknown;0;no
23;blue-collar;single;tertiary;no;1504;no;yes;telephone;15;jul;393;11;124;1;unknown;0;yes
47;student;single;tertiary;no;2209;no;no;unknown;17;jan;69;4;301;4;unknown;1;no
27;blue-collar;married;tertiary;no;1478;no;no;cellular;19;dec;25;9;398;2;unknown;0;no
85;retired;married;tertiary;no;-22;yes;no;telephone;7;jun;381;2;165;5;success;0;yes
39;entrepreneur;single;secondary;no;-72;no;no;unknown;23;jun;148;2;210;5;other;0;yes
34;housemaid;single;secondary;no;2435;yes;yes;cellular;10;may;180;10;212;4;unknown;0;no
57;retired;married;secondary;no;922;yes;no;cellular;17;aug;145;10;258;1;unknown;0;no
48;blue-collar;divorced;primary;no;-2055;yes;no;telephone;20;oct;606;8;273;2;unknown;0;no
24;services;married;secondary;no;-4291;yes;no;cellular;2;aug;332;4;33;0;unknown;0;yes
76;self-employed;married;tertiary;no;-386;yes;yes;unknown;27;feb;270;5;226;0;unknown;0;yes
78;self-employed;single;secondary;no;-2746;yes;no;cellular;15;sep;259;9;152;2;failure;0;no
71;technician;married;tertiary;no;-1106;no;no;unknown;1;aug;301;3;322;1;failure;1;yes
62;management;married;primary;no;130;no;no;cellular;17;dec;589;6;371;2;other;0;no
46;services;married;tertiary;no;961;yes;no;unknown;8;apr;145;5;137;4;unknown;0;yes
57;student;married;secondary;no;-598;yes;no;cellular;25;oct;253;2;225;5;unknown;0;yes
55;admin.;married;tertiary;no;7973;yes;no;cellular;5;nov;225;7;97;0;other;0;yes
29;services;single;secondary;no;-2383;yes;no;cellular;1;jan;400;8;17;2;unknown;1;yes
23;management;married;secondary;no;5027;no;no;cellular;21;nov;560;3;52;1;unknown;0;yes
36;unemployed;single;secondary;no;912;yes;no;cellular;2;oct;102;8;339;3;unknown;0;yes
50;services;single;secondary;no;-572;yes;no;cellular;6;oct;310;11;124;1;unknown;0;no
29;blue-collar;married;secondary;no;3162;yes;no;cellular;11;dec;255;10;37;5;unknown;0;yes
25;housemaid;married;secondary;no;41;yes;no;cellular;25;mar;58;11;90;3;success;0;yes
79;self-employed;single;secondary;no;-1020;yes;no;cellular;23;jan;414;5;245;5;unknown;0;no
44;technician;married;tertiary;no;6769;no;no;cellular;17;aug;532;8;166;3;unknown;0;no
60;technician;married;secondary;no;-5183;no;no;unknown;14;aug;383;9;55;5;unknown;0;yes
55;technician;single;secondary;no;665;yes;no;telephone;19;nov;93;11;185;2;unknown;0;yes
70;student;single;tertiary;no;1970;no;no;cellular;9;aug;51;6;348;4;unknown;0;no
71;entrepreneur;single;secondary;no;5624;no;no;unknown;25;feb;348;10;180;2;unknown;1;no
39;blue-collar;married;tertiary;no;204;yes;yes;unknown;20;jul;4;7;389;2;unknown;0;yes
79;housemaid;married;secondary;no;9383;no;no;cellular;17;may;24;10;143;2;other;0;yes
44;unemployed;married;secondary;no;3677;no;yes;cellular;15;nov;261;4;99;4;unknown;0;no
78;services;single;primary;no;-5701;no;yes;cellular;18;sep;367;1;232;4;unknown;0;yes
47;blue-collar;married;primary;no;-2961;yes;yes;cellular;17;oct;152;4;338;3;unknown;0;no
25;entrepreneur;married;secondary;no;2110;no;no;unknown;20;sep;178;4;322;1;success;0;no
72;admin.;married;tertiary;no;-2031;no;no;cellular;12;mar;197;9;361;2;unknown;1;yes
20;unemployed;single;primary;no;3043;no;no;cellular;9;nov;36;8;15;3;unknown;0;no
73;blue-collar;single;tertiary;no;38;yes;yes;cellular;21;feb;143;7;302;3;success;0;no
21;admin.;married;secondary;no;-2188;yes;no;cellular;9;apr;103;3;7;2;unknown;0;yes
32;services;married;secondary;no;-1493;no;no;unknown;1;feb;367;8;309;5;unknown;0;yes
61;retired;married;tertiary;no;3955;no;no;unknown;3;feb;777;8;101;0;unknown;0;no
85;management;married;tertiary;no;-4668;no;no;unknown;1;nov;232;11;278;0;unknown;0;no
47;management;married;secondary;no;4535;yes;no;cellular;15;feb;458;3;151;1;unknown;0;yes
26;entrepreneur;married;secondary;no;4623;yes;yes;telephone;20;feb;167;8;22;5;unknown;0;yes
34;retired;single;primary;no;405;no;no;unknown;9;feb;49;1;274;1;other;0;no
82;blue-collar;single;secondary;no;-2813;no;no;telephone;1;aug;670;9;138;4;other;0;no
70;housemaid;divorced;tertiary;no;3067;yes;no;unknown;18;mar;50;9;56;5;unknown;1;no
25;technician;divorced;secondary;no;-59;no;no;cellular;10;sep;409;9;118;1;failure;0;yes
45;management;married;tertiary;no;-3145;yes;yes;cellular;23;apr;263;5;69;5;unknown;0;no
37;admin.;married;secondary;no;7127;yes;no;cellular;11;mar;457;5;78;2;other;0;yes
30;student;married;secondary;no;-1253;yes;no;unknown;19;feb;206;1;171;2;unknown;0;yes
78;services;single;secondary;no;-3016;yes;no;cellular;18;mar;12;6;180;2;failure;0;yes
62;self-employed;married;secondary;no;2255;no;no;unknown;8;mar;87;8;128;1;unknown;0;yes
30;services;married;secondary;no;1196;yes;no;cellular;22;nov;690;11;99;2;failure;0;yes
64;management;married;unknown;no;5858;no;no;telephone;23;jul;283;2;329;0;failure;1;no
47;unemployed;married;tertiary;no;258;yes;no;telephone;24;jun;655;7;207;0;success;0;no
22;self-employed;single;tertiary;no;290;no;no;cellular;9;nov;146;3;88;1;unknown;0;no
50;technician;single;primary;no;2405;yes;no;cellular;8;jun;362;5;189;1;failure;0;no
31;services;married;tertiary;no;1998;yes;no;cellular;9;nov;36;9;398;2;unknown;0;yes
35;self-employed;divorced;tertiary;no;2090;no;no;unknown;5;may;225;1;-1;2;unknown;0;no
81;management;married;tertiary;no;2215;no;yes;cellular;25;dec;664;1;368;3;unknown;0;yes
69;services;married;secondary;no;1893;no;no;cellular;28;mar;63;3;47;0;failure;0;yes
27;housemaid;married;primary;no;150;yes;no;unknown;24;jul;81;3;96;4;unknown;0;no
79;technician;single;tertiary;no;3898;yes;no;cellular;2;jun;385;9;232;0;failure;0;yes
59;self-employed;single;secondary;no;320;yes;no;cellular;27;nov;242;3;82;1;unknown;1;yes
80;self-employed;married;secondary;no;3813;yes;no;unknown;23;apr;599;11;391;5;unknown;0;no
71;self-employed;divorced;secondary;no;5563;yes;no;unknown;2;may;171;11;292;5;unknown;0;no
42;management;married;secondary;no;-632;no;no;cellular;1;apr;233;9;227;3;unknown;0;no
56;technician;married;secondary;no;8613;no;no;unknown;8;aug;283;6;152;1;unknown;0;yes
56;retired;single;tertiary;no;-737;yes;no;telephone;14;mar;4;9;371;5;unknown;0;yes
69;management;divorced;secondary;no;-716;no;no;cellular;10;jun;39;2;139;5;unknown;0;no
35;student;single;secondary;no;3019;no;no;cellular;18;aug;57;10;396;3;other;0;no
41;unemployed;divorced;primary;no;2724;yes;yes;unknown;20;mar;441;4;395;1;failure;0;no
35;student;married;tertiary;no;1615;no;no;telephone;14;apr;202;5;271;2;unknown;0;no
39;housemaid;single;secondary;no;3854;no;no;cellular;11;feb;40;10;277;0;unknown;0;no
29;entrepreneur;single;secondary;no;2157;yes;no;cellular;16;feb;112;2;233;4;other;0;yes
20;technician;married;secondary;no;7597;yes;no;cellular;3;dec;424;2;380;5;unknown;0;no
85;admin.;married;secondary;no;1240;yes;no;cellular;1;oct;30;7;229;3;unknown;0;yes
23;admin.;divorced;secondary;no;-1163;yes;no;cellular;23;mar;357;11;378;3;unknown;0;no
81;unemployed;married;primary;no;-255;no;no;unknown;5;jul;96;11;75;3;unknown;0;no
18;services;married;tertiary;no;2813;yes;no;cellular;28;feb;82;11;168;1;unknown;0;no
73;student;divorced;primary;no;2857;yes;no;cellular;16;nov;568;5;61;0;unknown;0;no
41;technician;divorced;unknown;no;2019;no;no;cellular;15;oct;134;7;-1;1;success;0;yes
55;student;divorced;secondary;no;-1148;no;no;unknown;24;oct;477;9;115;1;unknown;0;yes
38;entrepreneur;divorced;primary;no;4725;no;no;cellular;6;apr;691;3;374;4;unknown;0;yes
53;technician;married;secondary;no;7210;no;no;cellular;16;may;136;10;128;0;unknown;0;no
50;admin.;divorced;secondary;no;1487;no;no;cellular;14;nov;86;10;327;5;other;0;yes
56;retired;married;unknown;no;6831;no;yes;cellular;14;jul;212;1;106;0;unknown;0;yes
46;management;single;tertiary;no;3998;yes;no;unknown;26;jul;278;6;271;3;unknown;0;yes
56;management;married;secondary;no;8056;yes;no;cellular;28;dec;295;5;72;5;unknown;0;no
77;blue-collar;single;secondary;no;2817;yes;no;cellular;12;oct;374;9;189;1;unknown;0;no
49;technician;single;unknown;no;1809;yes;no;unknown;11;may;498;5;300;4;other;0;no
44;technician;single;secondary;no;3927;yes;no;cellular;8;jan;14;11;353;0;failure;0;no
27;entrepreneur;married;secondary;no;99;yes;no;cellular;11;mar;594;5;145;1;unknown;1;no
43;student;married;secondary;no;2621;yes;no;cellular;13;oct;163;6;229;5;unknown;0;yes
27;management;married;secondary;no;5392;no;no;unknown;3;feb;292;3;230;1;unknown;0;yes
31;student;married;tertiary;no;3858;yes;no;unknown;7;apr;206;10;175;3;unknown;1;no
86;management;single;secondary;no;1307;yes;no;cellular;22;dec;65;6;155;2;unknown;0;no
24;management;married;tertiary;no;2001;no;no;cellular;21;jun;19;6;372;1;failure;0;no
52;admin.;single;secondary;no;3673;yes;no;cellular;2;mar;262;8;172;1;unknown;0;no
78;retired;married;secondary;no;3573;yes;no;cellular;25;jul;27;9;293;3;failure;0;no
86;blue-collar;married;secondary;no;3650;yes;no;cellular;4;dec;175;8;166;3;unknown;0;yes
28;entrepreneur;single;tertiary;no;2418;no;no;cellular;5;mar;137;2;211;4;unknown;0;no
29;technician;married;secondary;no;-1073;no;no;cellular;2;aug;147;11;227;1;unknown;0;no
44;services;married;tertiary;no;-595;yes;no;cellular;5;oct;139;10;72;2;unknown;0;no
57;retired;married;secondary;no;2783;no;yes;cellular;6;aug;413;9;88;2;failure;0;yes
87;admin.;married;tertiary;no;3894;no;yes;unknown;25;nov;387;7;270;1;unknown;0;yes
32;technician;single;tertiary;no;3505;no;no;cellular;13;may;445;9;393;5;unknown;0;no
29;unemployed;married;tertiary;no;-625;no;no;unknown;6;oct;292;8;269;1;unknown;0;no
36;student;married;secondary;no;946;no;no;cellular;2;may;303;4;238;2;unknown;0;no
80;unemployed;single;tertiary;no;-2122;yes;no;cellular;7;jan;263;6;399;3;unknown;0;no
20;technician;married;secondary;no;-2774;yes;no;cellular;12;apr;44;1;276;5;unknown;0;yes
45;student;single;primary;no;1644;yes;yes;unknown;13;feb;399;1;353;0;unknown;0;yes
26;blue-collar;married;tertiary;no;5474;yes;yes;unknown;14;sep;447;6;134;3;other;0;no
29;entrepreneur;divorced;tertiary;no;1699;no;no;cellular;6;may;431;9;323;0;unknown;0;yes
84;services;married;primary;no;7124;yes;no;cellular;4;sep;568;9;343;2;unknown;0;no
18;unemployed;married;tertiary;no;907;yes;no;cellular;14;sep;420;10;327;5;unknown;0;no
41;admin.;divorced;secondary;no;1493;no;no;cellular;2;jul;53;5;143;3;unknown;0;no
83;unemployed;single;tertiary;no;-1573;yes;no;cellular;25;dec;223;6;295;5;unknown;0;yes
61;services;single;tertiary;no;358;yes;no;unknown;9;jun;297;9;332;4;unknown;0;yes
23;student;divorced;tertiary;no;-2169;yes;no;telephone;19;sep;523;1;235;1;unknown;0;no
51;admin.;married;tertiary;no;-3236;yes;yes;unknown;19;aug;169;7;86;5;unknown;0;no
87;entrepreneur;single;unknown;no;-2118;yes;no;cellular;2;sep;93;5;69;4;unknown;0;no
46;technician;single;secondary;no;1655;yes;no;cellular;18;jun;110;4;333;0;unknown;1;yes
56;entrepreneur;married;secondary;no;-810;no;no;cellular;18;jun;394;7;67;4;other;1;yes
56;blue-collar;married;secondary;no;-99;yes;no;unknown;4;oct;261;4;380;3;failure;0;no
65;student;married;tertiary;no;2629;no;no;cellular;17;nov;46;7;234;5;unknown;0;yes
31;entrepreneur;divorced;primary;no;-3246;yes;no;cellular;3;jan;374;8;76;4;unknown;0;no
78;retired;married;tertiary;no;1643;yes;no;cellular;13;dec;151;6;78;0;unknown;0;no
89;admin.;married;secondary;no;3944;yes;no;cellular;6;nov;44;7;7;2;unknown;0;yes
28;unemployed;single;tertiary;no;4203;no;no;cellular;10;aug;486;5;235;4;unknown;0;yes
76;retired;single;secondary;no;2949;no;no;cellular;25;jul;192;1;328;3;failure;0;no
76;admin.;married;tertiary;no;1243;yes;no;unknown;26;jun;248;4;293;0;unknown;0;yes
71;unemployed;single;unknown;no;-471;no;no;telephone;27;jul;197;7;230;0;unknown;0;no
44;services;married;secondary;no;1152;yes;no;unknown;27;mar;107;4;233;1;unknown;0;yes
51;services;single;tertiary;yes;6360;no;no;unknown;15;may;285;1;93;1;unknown;0;yes
78;admin.;married;secondary;no;2219;no;no;cellular;25;dec;81;6;327;3;unknown;0;no
29;retired;married;tertiary;no;1079;yes;no;cellular;26;jul;556;7;211;2;unknown;0;no
77;services;single;tertiary;no;3091;yes;no;cellular;8;may;420;10;332;1;unknown;0;yes
84;admin.;married;secondary;no;1549;yes;yes;cellular;4;mar;264;11;393;2;unknown;0;no
67;retired;married;primary;no;2077;no;no;unknown;12;oct;278;7;351;1;unknown;0;yes
42;services;married;secondary;no;659;yes;no;unknown;19;jun;108;2;376;4;unknown;0;yes
58;technician;single;primary;no;155;yes;no;cellular;4;jul;93;9;298;0;failure;0;yes
21;blue-collar;divorced;tertiary;no;4388;no;no;cellular;19;may;462;6;118;5;unknown;0;no
85;admin.;single;secondary;no;-4451;yes;no;cellular;10;jan;255;7;110;4;unknown;0;yes
42;student;divorced;tertiary;no;2835;no;no;cellular;13;apr;283;9;273;0;unknown;0;no
22;blue-collar;divorced;unknown;no;-30;yes;no;cellular;11;aug;423;7;92;3;unknown;0;yes
75;student;married;tertiary;no;-4315;no;no;unknown;21;mar;546;5;201;2;unknown;0;no
65;self-employed;married;secondary;no;-1523;no;no;cellular;10;jul;511;10;275;3;unknown;0;no
62;student;divorced;secondary;no;1291;yes;no;unknown;14;nov;329;4;110;2;unknown;0;no
21;blue-collar;divorced;tertiary;no;1704;yes;no;cellular;18;mar;165;8;37;1;unknown;0;yes
72;retired;divorced;tertiary;no;3620;yes;no;cellular;24;nov;306;7;52;5;unknown;1;yes
63;entrepreneur;single;unknown;no;3824;no;no;cellular;13;feb;213;10;277;1;failure;0;no
75;admin.;married;secondary;no;-3240;yes;no;cellular;4;jun;377;10;45;4;failure;0;yes
77;self-employed;divorced;primary;no;2532;no;yes;cellular;16;aug;106;3;314;3;unknown;0;yes
33;management;divorced;unknown;no;3585;no;no;cellular;1;mar;400;10;3;5;unknown;0;no
33;admin.;single;tertiary;no;2056;no;no;cellular;19;mar;229;7;305;2;unknown;0;no
84;services;divorced;secondary;no;2907;yes;no;cellular;11;jun;297;3;253;3;other;0;no
56;services;single;tertiary;no;-4397;yes;no;cellular;19;jan;19;7;100;5;unknown;0;no
49;admin.;divorced;primary;no;-1570;yes;yes;cellular;4;dec;165;11;103;3;success;0;no
38;entrepreneur;married;secondary;no;5498;yes;no;telephone;14;apr;309;7;207;2;failure;0;yes
64;technician;divorced;secondary;no;560;yes;no;cellular;6;oct;183;2;231;5;unknown;0;no
72;self-employed;married;secondary;no;8069;yes;yes;cellular;16;apr;249;6;334;5;unknown;1;no
18;retired;married;secondary;no;-2435;no;no;unknown;2;oct;26;3;301;0;unknown;0;yes
57;entrepreneur;married;secondary;no;6091;yes;no;cellular;15;mar;288;3;204;1;failure;0;yes
89;management;married;secondary;no;-432;yes;no;unknown;13;sep;520;8;-1;5;failure;0;yes
38;technician;married;secondary;no;3987;yes;no;cellular;4;sep;173;2;368;5;other;0;no
38;technician;divorced;secondary;no;513;no;no;telephone;21;sep;122;10;173;2;unknown;0;no
81;entrepreneur;single;secondary;no;1747;no;no;cellular;24;jan;430;10;338;2;failure;0;no
22;entrepreneur;divorced;tertiary;no;3186;no;no;telephone;16;feb;222;3;104;5;unknown;0;yes
46;services;married;secondary;no;-440;yes;yes;telephone;15;nov;368;4;142;0;unknown;0;yes
50;management;married;secondary;no;3803;no;no;cellular;10;may;160;4;243;0;unknown;0;yes
75;student;single;primary;no;602;no;no;cellular;8;oct;138;1;290;3;unknown;0;yes
27;self-employed;single;tertiary;no;1934;yes;no;telephone;1;oct;384;1;52;0;unknown;0;no
49;retired;married;tertiary;no;-6535;yes;no;cellular;14;sep;354;9;316;1;unknown;0;no
28;services;single;unknown;no;387;no;no;cellular;15;mar;155;6;225;0;unknown;0;no
74;management;single;unknown;no;5190;yes;no;cellular;1;may;4;3;324;5;failure;0;no
63;blue-collar;single;secondary;no;3484;yes;no;cellular;10;jan;113;6;231;0;other;0;yes
53;unemployed;divorced;tertiary;no;4059;yes;no;telephone;16;jan;87;3;216;5;failure;0;yes
46;services;single;secondary;no;1559;no;yes;cellular;7;nov;93;7;253;0;unknown;0;no
29;admin.;single;tertiary;no;6428;yes;no;cellular;17;jun;283;2;199;5;unknown;0;no
84;blue-collar;married;unknown;no;2265;no;no;cellular;13;oct;113;3;35;1;unknown;0;yes
64;housemaid;married;tertiary;no;-580;no;no;unknown;27;feb;100;10;131;2;unknown;0;no
40;technician;married;secondary;no;3965;no;no;cellular;5;feb;295;4;391;0;unknown;0;no
47;retired;single;secondary;no;4167;yes;no;cellular;2;jul;533;4;96;1;unknown;0;no
70;technician;single;secondary;no;3288;yes;no;cellular;10;jul;437;9;171;0;unknown;0;no
69;services;married;secondary;no;191;no;no;cellular;23;may;148;5;83;1;other;0;yes
51;unemployed;single;tertiary;no;2244;no;no;cellular;26;jan;298;2;180;2;unknown;0;yes
39;management;married;tertiary;no;5579;no;no;cellular;18;apr;411;9;310;2;unknown;0;yes
65;services;married;secondary;no;2832;no;no;cellular;18;feb;120;1;285;3;unknown;0;no
65;student;divorced;tertiary;no;-3033;no;no;unknown;21;feb;172;5;35;5;unknown;0;no
61;technician;married;secondary;yes;-486;yes;no;telephone;28;apr;286;5;369;0;unknown;0;yes
23;services;married;secondary;no;-625;yes;yes;unknown;27;aug;317;8;251;1;unknown;0;yes
52;student;married;secondary;no;-862;yes;no;unknown;18;sep;295;7;271;3;unknown;1;no
62;unemployed;married;secondary;no;-4933;yes;no;cellular;10;oct;364;7;306;2;unknown;0;yes
86;admin.;single;tertiary;no;7071;yes;yes;telephone;3;apr;263;10;264;3;success;0;yes
55;retired;divorced;tertiary;no;-1228;yes;no;cellular;5;jul;94;7;348;1;unknown;0;yes
42;unemployed;single;tertiary;no;-1011;yes;no;unknown;19;oct;130;1;276;1;success;0;yes
58;services;single;secondary;no;-4425;yes;yes;unknown;2;jun;64;1;395;4;unknown;0;no
30;unemployed;married;tertiary;no;3999;no;no;cellular;25;jan;127;4;269;1;other;0;yes
24;entrepreneur;single;secondary;no;1127;no;no;cellular;14;jun;332;1;333;0;unknown;0;yes
66;services;married;secondary;no;347;no;no;cellular;26;jan;65;10;213;3;unknown;0;yes
89;housemaid;married;secondary;no;505;no;no;unknown;25;may;433;9;128;3;unknown;1;no
78;retired;divorced;tertiary;no;3163;yes;yes;cellular;16;apr;22;8;203;4;unknown;0;yes
60;student;married;tertiary;no;-40;yes;no;cellular;12;nov;260;8;56;3;unknown;0;yes
20;admin.;married;secondary;no;-4566;yes;no;unknown;4;sep;387;7;187;1;failure;0;no
89;management;married;tertiary;no;-2474;yes;no;cellular;27;aug;309;4;289;2;unknown;0;no
50;entrepreneur;single;secondary;no;-2630;no;no;cellular;19;dec;149;1;303;3;unknown;0;yes
38;self-employed;married;secondary;no;2225;no;yes;cellular;12;dec;246;2;153;0;unknown;0;yes
82;services;married;tertiary;no;4190;yes;no;cellular;5;apr;72;6;183;0;unknown;0;yes
71;student;single;tertiary;no;5797;no;no;cellular;24;jul;44;3;227;5;unknown;0;yes
71;services;married;tertiary;no;-3504;yes;no;cellular;2;jul;264;11;49;4;unknown;0;yes
37;retired;divorced;tertiary;no;3260;yes;no;cellular;19;jan;29;10;248;4;unknown;0;yes
89;management;married;secondary;no;-445;no;no;cellular;6;jan;268;8;192;3;unknown;0;no
50;retired;single;unknown;no;10170;no;no;unknown;18;may;511;5;296;5;unknown;0;no
56;self-employed;divorced;tertiary;no;5550;no;no;unknown;3;jan;280;9;252;2;unknown;0;yes
72;housemaid;married;secondary;no;6505;no;no;cellular;23;sep;173;5;65;0;unknown;0;no
65;housemaid;single;primary;no;3807;yes;no;cellular;13;jan;187;6;223;3;unknown;1;yes
30;services;married;secondary;no;2545;no;no;unknown;13;mar;402;8;131;0;unknown;0;no
39;student;single;tertiary;no;192;no;no;cellular;27;feb;158;4;244;5;unknown;0;yes
44;retired;divorced;unknown;no;-397;yes;no;unknown;6;jun;126;6;249;3;unknown;1;no
86;entrepreneur;single;tertiary;no;-1000;yes;no;unknown;19;nov;33;4;149;3;unknown;0;no
69;entrepreneur;divorced;secondary;no;3252;no;no;unknown;16;jan;41;2;243;4;unknown;0;no
44;entrepreneur;single;primary;no;6081;yes;no;cellular;20;aug;398;9;64;2;unknown;0;no
70;unemployed;single;secondary;no;329;no;no;cellular;19;jul;122;11;148;3;success;0;no
71;blue-collar;married;secondary;no;-767;yes;no;cellular;23;nov;331;6;286;2;unknown;0;no
46;entrepreneur;single;primary;no;-3050;yes;no;cellular;10;aug;347;1;204;1;unknown;1;no
47;self-employed;divorced;primary;no;2134;no;no;cellular;7;nov;28;4;9;1;unknown;0;yes
82;retired;single;primary;no;5087;no;no;cellular;19;sep;60;10;178;0;failure;0;no
58;blue-collar;married;secondary;no;5237;yes;no;telephone;17;oct;335;8;97;5;unknown;0;yes
28;technician;married;tertiary;yes;5535;yes;no;cellular;26;jun;248;3;357;2;unknown;0;no
69;management;single;secondary;no;2646;yes;no;cellular;20;may;184;11;372;3;failure;0;no
60;housemaid;divorced;secondary;no;1670;no;no;cellular;7;jul;312;2;21;1;unknown;0;yes
54;entrepreneur;married;secondary;no;5246;yes;yes;cellular;9;feb;422;5;143;2;unknown;0;no
70;services;married;unknown;no;-1930;yes;no;telephone;20;sep;212;6;232;2;success;0;yes
83;unemployed;married;tertiary;no;77;yes;no;unknown;11;feb;106;2;129;5;unknown;0;no
41;housemaid;married;secondary;no;6532;yes;no;unknown;26;dec;243;3;289;5;success;0;yes
48;technician;divorced;tertiary;no;-1823;yes;no;unknown;20;jan;59;8;44;3;unknown;0;no
31;admin.;married;tertiary;no;1296;yes;no;cellular;11;feb;248;1;338;1;unknown;0;yes
64;retired;married;tertiary;no;3293;no;no;unknown;23;mar;220;5;95;0;unknown;0;yes
46;entrepreneur;married;secondary;no;1648;no;no;cellular;20;mar;56;8;91;5;unknown;0;yes
42;management;married;secondary;no;4848;yes;no;unknown;11;jan;139;7;131;4;unknown;1;no
68;self-employed;divorced;secondary;no;5977;yes;no;cellular;12;dec;155;5;373;2;unknown;0;yes
47;self-employed;married;secondary;no;2838;no;yes;telephone;18;sep;366;11;107;5;unknown;0;no
51;blue-collar;married;secondary;no;5570;yes;yes;cellular;7;apr;44;6;97;4;failure;0;yes
49;retired;married;secondary;no;-1386;yes;no;cellular;19;may;58;6;95;4;unknown;0;no
36;admin.;divorced;secondary;no;927;no;no;cellular;10;mar;145;8;54;1;unknown;0;yes
27;self-employed;divorced;secondary;no;8615;yes;yes;cellular;27;jul;332;4;371;2;unknown;0;yes
77;self-employed;married;secondary;no;7228;yes;no;cellular;17;may;365;5;260;2;success;0;yes
24;retired;single;primary;no;-2430;no;no;unknown;23;jun;272;11;221;4;unknown;1;no
41;blue-collar;married;secondary;no;1361;no;no;cellular;16;may;362;3;49;5;other;0;yes
66;housemaid;single;secondary;no;1808;no;yes;telephone;6;apr;452;8;14;2;unknown;0;no
27;entrepreneur;married;tertiary;no;2649;yes;yes;unknown;19;jul;251;9;118;3;unknown;0;no
65;technician;single;secondary;no;5222;yes;no;cellular;18;feb;59;4;372;2;unknown;0;no
70;entrepreneur;divorced;primary;no;6917;no;no;unknown;5;jul;204;4;209;2;unknown;0;no
65;student;married;primary;no;1512;no;yes;cellular;27;jul;52;4;322;3;unknown;0;no
39;housemaid;married;secondary;no;4765;no;yes;cellular;3;feb;298;5;117;5;unknown;0;no
19;blue-collar;married;secondary;no;3344;yes;no;cellular;11;nov;121;7;34;0;success;1;yes
81;blue-collar;married;secondary;no;1336;no;no;unknown;4;dec;242;9;86;1;unknown;0;yes
41;services;married;secondary;no;-3694;yes;no;cellular;22;sep;203;4;89;1;unknown;0;no
75;entrepreneur;married;tertiary;no;4455;no;no;cellular;13;dec;143;6;238;3;unknown;0;no
32;services;divorced;secondary;yes;3215;no;no;cellular;16;dec;265;9;72;3;unknown;0;no
29;management;married;primary;no;2568;yes;no;unknown;26;sep;195;1;391;5;unknown;0;yes
74;services;divorced;secondary;no;-1543;yes;no;unknown;13;may;93;3;274;0;unknown;0;yes
85;management;married;tertiary;no;7277;no;no;cellular;14;mar;0;2;159;4;unknown;0;no
79;retired;married;secondary;no;1857;no;no;cellular;16;nov;291;3;238;2;unknown;0;no
72;admin.;married;tertiary;no;-2024;yes;yes;telephone;26;jun;21;10;283;0;unknown;0;no
35;entrepreneur;divorced;secondary;no;-2506;yes;no;unknown;12;sep;578;3;305;4;failure;0;yes
83;retired;married;primary;no;3432;no;no;cellular;7;nov;477;11;1;0;unknown;0;yes
66;student;married;secondary;no;3521;yes;no;telephone;9;dec;97;10;200;5;unknown;1;no
30;technician;single;tertiary;no;10;yes;no;cellular;16;sep;345;5;153;1;failure;0;no
27;entrepreneur;single;unknown;no;2787;yes;yes;cellular;22;apr;447;2;116;1;unknown;0;yes
80;technician;single;tertiary;no;3402;yes;no;cellular;25;jan;102;3;256;1;unknown;1;no
37;unemployed;married;secondary;no;1819;yes;no;unknown;15;oct;290;7;92;5;unknown;0;yes
73;blue-collar;married;tertiary;no;-704;no;yes;telephone;14;jan;194;6;97;4;unknown;0;no
27;retired;single;secondary;no;4284;no;no;cellular;27;jul;356;10;263;2;unknown;0;no
38;entrepreneur;single;secondary;no;3912;yes;yes;telephone;19;apr;130;4;20;2;unknown;0;no
38;self-employed;single;tertiary;yes;3103;yes;no;cellular;1;jun;422;2;145;0;unknown;0;yes
38;management;married;unknown;no;-1101;no;no;cellular;19;nov;191;8;300;3;unknown;0;yes
66;self-employed;married;secondary;no;-2593;yes;yes;unknown;22;jun;156;11;156;4;unknown;0;no
83;services;divorced;secondary;no;1629;no;no;cellular;22;feb;349;7;112;0;unknown;0;no
83;management;single;secondary;no;4188;yes;no;unknown;5;jun;400;8;79;0;failure;0;no
71;management;married;secondary;no;4521;no;no;unknown;15;feb;247;7;193;4;unknown;0;no
32;student;divorced;primary;no;3153;yes;no;telephone;22;nov;360;3;313;4;unknown;0;no
87;technician;single;tertiary;no;48;no;no;cellular;27;jan;288;7;30;2;unknown;0;no
57;retired;married;primary;no;-1012;no;no;unknown;25;dec;87;11;241;4;unknown;0;yes
57;retired;married;tertiary;no;1349;yes;no;cellular;23;mar;44;11;312;3;unknown;0;yes
68;housemaid;single;secondary;no;1377;no;no;cellular;22;aug;145;10;83;3;unknown;0;no
73;blue-collar;married;secondary;no;4721;yes;no;cellular;10;nov;802;6;272;1;success;0;yes
86;student;single;secondary;no;-39;yes;no;cellular;17;mar;46;1;163;4;unknown;0;no
59;housemaid;single;secondary;no;210;no;no;telephone;1;dec;397;5;1;4;unknown;0;no
61;entrepreneur;married;secondary;no;7564;no;no;cellular;4;jun;67;10;280;4;success;0;no
71;housemaid;divorced;secondary;no;6053;yes;no;cellular;8;jul;70;11;285;1;unknown;0;no
36;technician;married;tertiary;no;-1248;yes;no;cellular;27;may;97;7;274;2;unknown;0;no
40;retired;married;secondary;no;5806;yes;yes;unknown;7;dec;64;1;26;1;unknown;0;yes
63;unemployed;single;secondary;no;-1965;yes;no;telephone;10;sep;93;10;176;3;unknown;0;no
22;services;single;tertiary;no;97;yes;no;cellular;23;may;75;10;65;2;unknown;0;no
41;technician;married;secondary;no;439;yes;no;unknown;1;jan;1;7;259;2;unknown;1;no
69;technician;single;tertiary;no;1167;yes;no;unknown;5;nov;190;5;176;5;unknown;0;no
88;housemaid;divorced;unknown;no;3259;no;no;telephone;1;aug;253;9;246;3;failure;0;yes
55;entrepreneur;single;tertiary;no;1719;no;no;cellular;17;feb;62;4;350;5;unknown;0;yes
46;management;single;secondary;no;3244;no;yes;cellular;21;jun;345;10;28;3;unknown;0;no
49;housemaid;married;tertiary;no;194;yes;no;cellular;27;apr;87;4;91;4;failure;0;yes
67;entrepreneur;married;secondary;no;2522;yes;no;unknown;24;apr;189;9;230;1;unknown;0;yes
57;housemaid;single;secondary;yes;1636;yes;no;cellular;21;jun;213;8;370;2;unknown;0;no
19;student;married;unknown;no;-2764;yes;no;telephone;23;jan;236;1;13;2;unknown;1;no
56;self-employed;single;secondary;no;2849;yes;no;unknown;26;mar;670;1;333;4;unknown;0;no
46;technician;married;tertiary;no;1688;yes;no;cellular;16;jan;378;8;318;3;unknown;0;yes
68;housemaid;married;secondary;no;-741;no;yes;cellular;4;dec;185;5;73;1;failure;0;no
81;retired;married;primary;yes;125;no;yes;cellular;18;nov;11;10;329;4;failure;0;no
87;retired;married;secondary;no;199;yes;no;telephone;9;feb;546;9;231;4;failure;0;yes
61;entrepreneur;married;tertiary;no;665;yes;no;cellular;26;jul;187;11;15;0;unknown;0;no
44;unemployed;single;secondary;no;6676;no;yes;cellular;15;mar;85;3;14;2;failure;0;yes
49;retired;single;tertiary;no;7670;no;yes;cellular;19;jul;90;9;128;3;unknown;0;no
30;student;married;secondary;no;-6778;yes;no;cellular;15;jun;634;5;210;5;failure;0;yes
85;technician;married;tertiary;no;2864;no;no;cellular;10;jan;196;4;311;5;unknown;0;no
79;technician;single;secondary;no;4264;yes;no;cellular;26;oct;310;5;34;1;unknown;0;yes
79;admin.;married;tertiary;no;751;no;yes;cellular;27;oct;179;10;263;2;unknown;1;yes
41;housemaid;married;secondary;no;4184;no;no;cellular;26;jan;206;6;265;0;unknown;0;yes
41;retired;married;secondary;no;6362;yes;no;cellular;28;mar;135;1;150;0;unknown;0;yes
79;retired;single;tertiary;no;-2715;yes;yes;unknown;1;feb;504;6;102;2;unknown;0;yes
57;entrepreneur;divorced;primary;no;1801;no;no;cellular;18;may;228;9;100;5;unknown;0;no
68;retired;single;secondary;no;7270;no;no;cellular;12;jun;61;9;176;2;unknown;0;yes
53;unemployed;divorced;tertiary;no;-2313;no;no;cellular;16;aug;298;6;113;1;unknown;0;no
49;admin.;divorced;tertiary;no;1054;yes;no;cellular;13;aug;197;9;225;1;unknown;0;no
63;technician;married;tertiary;no;54;no;no;cellular;27;feb;296;10;43;4;failure;0;no
76;student;married;tertiary;no;4555;no;no;telephone;23;jun;153;1;278;3;unknown;0;no
42;retired;married;tertiary;no;4973;no;yes;cellular;22;oct;111;6;399;2;unknown;0;no
76;technician;married;secondary;no;1886;yes;no;unknown;19;nov;398;10;84;2;unknown;0;yes
35;retired;single;secondary;no;1496;yes;yes;unknown;4;nov;591;5;268;5;unknown;0;yes
47;management;married;tertiary;no;-3757;no;no;cellular;6;apr;151;11;288;0;unknown;0;no
83;management;married;tertiary;no;5669;yes;no;cellular;27;jul;236;10;217;4;unknown;0;no
86;management;married;primary;no;340;yes;no;cellular;2;feb;111;3;116;5;unknown;0;yes
84;housemaid;single;secondary;no;973;yes;no;cellular;21;may;37;4;393;4;unknown;0;yes
40;technician;single;secondary;no;4314;no;no;cellular;17;apr;211;5;248;3;unknown;0;yes
78;management;divorced;tertiary;no;1992;no;no;unknown;21;apr;292;6;144;3;unknown;0;no
85;blue-collar;married;secondary;no;4411;no;no;cellular;28;nov;123;8;101;5;unknown;0;no
88;blue-collar;married;tertiary;no;3210;no;no;unknown;12;sep;111;10;347;0;unknown;0;no
19;self-employed;divorced;tertiary;no;2011;no;no;cellular;17;nov;460;7;287;4;unknown;0;no
71;student;single;secondary;no;2331;yes;no;unknown;1;may;132;1;355;1;unknown;0;no
89;management;single;secondary;no;-1968;yes;no;cellular;10;may;123;10;296;0;unknown;0;no
73;blue-collar;married;secondary;no;953;no;yes;cellular;8;oct;47;4;43;0;unknown;0;no
34;admin.;married;secondary;no;4652;no;no;cellular;24;jan;38;4;310;0;unknown;0;yes
72;unemployed;divorced;secondary;no;-1295;no;no;cellular;10;sep;513;10;396;3;unknown;1;yes
25;technician;single;secondary;no;-745;yes;no;cellular;9;sep;342;9;3;0;unknown;0;no
52;admin.;single;tertiary;no;-1238;no;yes;telephone;13;may;477;10;298;4;failure;0;no
63;entrepreneur;married;secondary;no;1860;yes;no;unknown;17;dec;51;11;313;0;unknown;0;no
50;technician;married;primary;no;5607;yes;yes;unknown;20;mar;292;2;133;1;other;0;yes
68;blue-collar;married;secondary;no;3041;yes;no;cellular;28;may;429;2;346;2;unknown;0;yes
35;technician;single;tertiary;no;-5130;yes;no;cellular;13;may;335;5;157;5;unknown;0;no
61;housemaid;married;secondary;no;3345;yes;no;unknown;18;may;536;11;166;0;unknown;0;no
64;housemaid;married;secondary;no;73;no;no;unknown;11;may;300;4;22;2;failure;0;yes
63;unemployed;married;tertiary;no;2928;yes;no;cellular;17;jun;219;4;146;0;unknown;0;no
38;self-employed;divorced;primary;no;951;no;no;cellular;7;dec;250;11;312;1;unknown;0;no
39;retired;married;secondary;no;-1181;yes;no;cellular;7;jun;303;11;216;3;unknown;0;yes
36;services;married;secondary;no;1185;yes;no;cellular;22;aug;339;7;117;4;unknown;0;no
51;technician;single;tertiary;no;75;yes;no;unknown;19;sep;449;7;289;3;unknown;0;yes
60;services;single;tertiary;no;2323;yes;no;cellular;23;aug;61;5;132;3;success;0;yes
44;services;single;primary;no;-1258;yes;yes;telephone;21;apr;213;10;150;2;unknown;0;no
47;management;divorced;tertiary;no;-1974;yes;no;cellular;11;apr;98;10;203;1;unknown;0;no
38;services;married;tertiary;no;3596;yes;no;cellular;22;may;102;3;31;3;unknown;0;no
33;unemployed;divorced;tertiary;no;4726;yes;no;cellular;7;may;322;8;199;4;other;0;yes
65;technician;divorced;tertiary;no;3140;no;no;cellular;1;oct;473;6;286;3;unknown;0;yes
76;unemployed;married;tertiary;no;-546;yes;no;cellular;7;jun;480;8;77;0;failure;0;no
38;management;single;secondary;no;-820;yes;no;cellular;20;dec;307;5;220;5;unknown;0;yes
79;entrepreneur;married;secondary;no;-647;yes;no;cellular;19;dec;629;7;-1;1;unknown;0;yes
59;blue-collar;married;tertiary;no;4071;yes;no;unknown;21;sep;141;8;328;3;unknown;0;no
30;self-employed;married;secondary;no;-1075;no;yes;unknown;22;sep;399;5;283;4;unknown;0;yes
44;retired;married;secondary;no;4052;yes;no;cellular;7;feb;43;3;287;5;unknown;0;yes
18;management;divorced;tertiary;no;3310;no;no;unknown;22;feb;408;2;171;3;unknown;0;no
20;unemployed;married;tertiary;no;5113;no;no;cellular;14;sep;123;11;234;5;unknown;0;no
42;entrepreneur;single;tertiary;no;4589;yes;no;cellular;25;dec;195;7;285;2;unknown;0;yes
50;retired;married;tertiary;no;3027;no;yes;cellular;1;oct;266;5;141;0;unknown;0;no
75;unemployed;married;primary;no;-3006;no;no;unknown;22;apr;182;5;151;0;success;0;yes
27;blue-collar;married;tertiary;no;3230;no;no;telephone;20;sep;292;5;126;5;unknown;0;no
78;management;married;unknown;no;1746;no;no;unknown;14;aug;568;5;145;0;unknown;0;no
34;management;single;primary;no;280;yes;no;cellular;25;jan;367;5;270;5;other;0;no
27;self-employed;divorced;secondary;no;5486;yes;no;unknown;8;nov;66;11;362;2;unknown;0;no
68;entrepreneur;married;tertiary;no;945;yes;no;unknown;11;may;282;5;85;5;unknown;0;no
73;technician;divorced;secondary;no;-188;no;no;unknown;11;aug;4;8;103;5;unknown;0;yes
61;student;single;primary;no;4772;yes;yes;unknown;14;may;488;6;11;0;success;0;no
26;entrepreneur;single;secondary;no;184;yes;yes;cellular;8;dec;119;9;149;3;unknown;0;yes
26;admin.;married;secondary;no;-338;no;yes;cellular;20;jun;355;1;316;0;failure;0;yes
46;housemaid;married;secondary;no;-1981;yes;no;cellular;3;nov;348;9;137;1;unknown;0;yes
50;unemployed;divorced;tertiary;no;-1060;yes;no;unknown;1;dec;208;3;-1;5;unknown;0;no
89;student;single;secondary;no;-803;yes;no;cellular;5;jan;202;5;73;5;failure;0;no
38;blue-collar;married;tertiary;no;3263;no;yes;cellular;13;jun;87;7;81;0;unknown;0;no
31;blue-collar;single;primary;no;-1657;yes;no;cellular;1;sep;665;7;76;5;failure;0;yes
86;management;married;secondary;no;-4173;yes;no;cellular;18;nov;28;1;328;1;unknown;0;yes
29;management;single;secondary;no;2309;no;no;cellular;6;sep;444;6;378;2;unknown;0;yes
19;unemployed;married;tertiary;no;-501;yes;no;cellular;22;aug;386;2;176;3;unknown;0;yes
48;self-employed;divorced;unknown;no;1351;yes;yes;unknown;24;may;343;3;32;1;failure;0;no
46;self-employed;married;secondary;no;5247;no;yes;cellular;24;feb;196;6;383;0;unknown;0;yes
62;housemaid;married;unknown;no;1614;yes;no;unknown;16;nov;75;7;282;1;unknown;0;no
81;unemployed;single;primary;no;5928;yes;no;cellular;15;jan;9;6;327;0;unknown;0;no
85;blue-collar;married;secondary;no;1195;no;no;cellular;11;oct;65;5;40;3;unknown;0;yes
38;management;divorced;tertiary;no;4420;no;no;unknown;4;jan;293;1;52;3;unknown;0;yes
88;housemaid;single;secondary;no;-242;yes;no;telephone;7;may;398;1;58;1;unknown;0;no
63;management;married;tertiary;no;1723;no;no;cellular;7;nov;282;5;399;5;unknown;1;yes
23;services;married;secondary;no;-1398;no;no;unknown;17;mar;271;11;291;4;unknown;0;no
85;self-employed;divorced;tertiary;no;-1042;no;no;cellular;1;apr;428;9;333;2;unknown;0;no
27;unemployed;single;secondary;no;726;no;no;cellular;28;mar;197;5;249;2;failure;0;yes
60;management;divorced;secondary;no;-2585;no;no;telephone;4;sep;221;3;137;2;unknown;0;no
74;self-employed;married;secondary;no;1878;yes;no;telephone;10;mar;89;4;137;3;unknown;0;yes
35;student;divorced;tertiary;no;491;yes;no;telephone;10;sep;405;6;33;5;unknown;0;no
37;management;married;secondary;no;2103;yes;no;cellular;24;aug;181;7;93;1;unknown;0;yes
52;blue-collar;single;secondary;no;-2539;yes;no;cellular;18;nov;218;7;256;1;other;0;yes
81;blue-collar;married;primary;no;3505;no;no;cellular;27;aug;37;5;163;2;failure;0;no
34;entrepreneur;married;primary;no;6492;yes;no;cellular;26;may;251;7;214;1;unknown;0;no
65;student;divorced;primary;no;5859;yes;no;cellular;23;feb;191;11;348;3;unknown;0;yes
50;unemployed;divorced;tertiary;no;7111;yes;no;telephone;5;jun;270;5;45;0;other;0;no
26;housemaid;married;secondary;no;1527;no;no;unknown;17;jul;140;1;288;5;other;0;no
69;unemployed;divorced;secondary;no;343;no;no;unknown;17;dec;361;10;389;1;unknown;0;no
77;self-employed;married;secondary;no;2862;yes;no;unknown;9;apr;512;9;358;1;unknown;0;no
59;retired;married;secondary;no;685;no;no;cellular;2;may;472;7;73;1;unknown;0;no
30;retired;married;secondary;no;-3821;yes;yes;cellular;1;nov;147;1;110;4;failure;0;yes
29;retired;married;primary;no;3857;no;no;unknown;11;dec;46;10;244;1;failure;0;no
48;student;married;secondary;no;696;no;no;cellular;21;nov;259;3;182;3;unknown;0;no
54;unemployed;married;tertiary;no;-3002;yes;no;cellular;5;mar;615;11;256;4;other;1;yes
57;technician;married;secondary;no;-124;no;no;cellular;27;feb;209;2;264;4;success;0;no
35;admin.;single;tertiary;no;765;yes;yes;cellular;9;may;387;1;56;3;unknown;0;no
54;blue-collar;single;primary;no;1435;yes;no;unknown;20;apr;376;4;347;3;unknown;0;yes
39;housemaid;single;tertiary;yes;1471;yes;yes;cellular;2;apr;374;6;39;2;unknown;0;no
67;blue-collar;married;unknown;no;5507;yes;yes;cellular;2;dec;474;10;241;0;unknown;0;yes
75;unemployed;single;primary;no;-2465;no;no;cellular;15;jul;43;1;369;0;unknown;0;no
64;housemaid;married;secondary;no;943;no;no;unknown;4;apr;27;3;13;1;unknown;0;yes
18;blue-collar;single;secondary;no;-1236;no;no;cellular;18;sep;229;8;167;4;unknown;0;yes
89;self-employed;single;tertiary;no;5168;no;no;cellular;12;oct;466;6;175;4;unknown;0;no
19;entrepreneur;married;secondary;no;-284;yes;yes;unknown;7;jun;465;10;162;3;unknown;0;no
89;housemaid;married;secondary;no;368;yes;no;unknown;28;jan;210;6;343;4;failure;1;no
20;housemaid;single;secondary;no;4549;no;no;cellular;12;jun;419;7;22;4;unknown;0;yes
55;unemployed;divorced;primary;no;5374;yes;no;cellular;3;may;135;3;314;3;unknown;1;no
25;admin.;single;tertiary;no;5817;no;yes;unknown;4;mar;54;5;-1;2;unknown;0;yes
24;retired;divorced;secondary;no;-3529;yes;no;unknown;9;aug;45;6;382;1;other;0;yes
67;technician;divorced;tertiary;no;2848;yes;yes;cellular;14;sep;192;7;391;0;unknown;0;no
70;blue-collar;married;tertiary;no;2210;yes;no;cellular;16;may;150;10;297;0;unknown;0;no
26;technician;single;secondary;no;1246;yes;no;cellular;13;may;420;4;334;0;unknown;0;yes
88;blue-collar;married;secondary;no;1599;yes;no;cellular;4;oct;332;8;59;4;unknown;0;no
41;management;married;tertiary;no;5257;yes;no;cellular;8;mar;230;3;55;4;failure;0;no
40;admin.;married;tertiary;no;4515;yes;no;cellular;4;dec;231;5;75;3;success;0;no
39;technician;divorced;tertiary;yes;4090;no;no;unknown;15;jun;136;1;134;3;unknown;0;yes
51;blue-collar;single;unknown;no;2020;yes;no;cellular;2;jul;135;3;134;3;failure;0;yes
30;admin.;married;secondary;no;8211;yes;yes;unknown;22;aug;16;9;60;1;unknown;0;no
48;self-employed;married;tertiary;no;198;yes;no;cellular;15;jun;377;6;40;0;unknown;0;yes
33;housemaid;married;tertiary;no;-3447;yes;no;cellular;8;jan;192;10;325;4;unknown;0;no
21;entrepreneur;single;primary;no;604;yes;no;unknown;9;sep;42;3;275;3;unknown;1;yes
44;technician;divorced;secondary;no;1573;yes;no;cellular;2;nov;493;5;326;5;failure;0;no
66;housemaid;married;secondary;no;5309;yes;no;cellular;2;oct;559;2;139;4;unknown;1;yes
72;unemployed;married;secondary;no;-132;no;no;cellular;19;sep;460;4;340;2;unknown;0;yes
43;retired;single;secondary;no;2873;yes;yes;cellular;15;jan;304;1;73;2;unknown;0;no
41;admin.;married;tertiary;no;-3031;yes;no;cellular;4;oct;277;3;303;2;unknown;0;yes
74;blue-collar;married;tertiary;no;4644;no;no;unknown;21;jun;215;1;89;0;unknown;0;yes
67;housemaid;married;secondary;no;1604;yes;no;unknown;28;apr;252;8;204;1;failure;0;no
77;admin.;married;primary;no;558;yes;no;cellular;19;jun;345;11;375;1;unknown;0;yes
83;admin.;married;secondary;no;7794;yes;no;cellular;25;mar;361;1;29;5;unknown;1;no
77;retired;divorced;primary;no;4609;no;no;cellular;20;apr;310;4;306;1;unknown;0;yes
85;blue-collar;married;secondary;no;-1719;no;no;unknown;26;oct;435;10;220;0;unknown;0;no
47;blue-collar;married;secondary;no;1071;yes;yes;cellular;16;oct;450;1;124;3;unknown;0;yes
46;retired;single;tertiary;no;9608;no;no;cellular;23;jul;259;8;389;1;unknown;0;no
41;services;divorced;secondary;no;7336;yes;no;cellular;22;nov;51;7;311;0;failure;0;no
34;admin.;married;secondary;no;4168;no;no;unknown;10;feb;259;10;331;2;unknown;0;no
71;admin.;married;tertiary;no;-4141;yes;no;cellular;2;nov;280;6;367;0;unknown;0;no
69;technician;single;secondary;no;5396;no;no;cellular;12;jun;94;1;341;2;unknown;0;yes
75;entrepreneur;married;tertiary;no;-505;yes;no;cellular;6;aug;91;7;306;4;other;0;no
30;housemaid;single;primary;no;5370;yes;no;cellular;25;nov;1;11;64;3;unknown;0;yes
53;retired;married;secondary;no;-768;yes;no;cellular;20;oct;25;6;152;5;unknown;0;no
33;admin.;married;primary;no;2866;no;no;cellular;25;dec;334;1;152;5;unknown;0;no
82;retired;married;secondary;no;-520;yes;no;cellular;10;mar;95;2;66;5;success;0;yes
37;student;single;unknown;no;310;yes;no;cellular;16;mar;238;6;113;4;unknown;0;yes
28;services;married;secondary;no;3266;no;no;cellular;7;jan;367;9;313;3;unknown;0;no
59;blue-collar;married;secondary;no;-2556;no;no;unknown;14;sep;133;3;232;0;unknown;0;no
81;blue-collar;married;secondary;no;8517;no;no;telephone;1;jul;375;5;16;2;unknown;0;yes
83;management;single;tertiary;no;-1681;yes;no;cellular;10;aug;491;11;268;5;unknown;0;yes
24;retired;married;secondary;no;-1849;yes;no;cellular;25;may;389;11;110;0;unknown;0;no
41;blue-collar;single;secondary;no;3275;no;no;cellular;18;may;339;10;16;4;unknown;0;no
29;blue-collar;single;unknown;no;5275;yes;no;cellular;24;nov;390;7;25;2;unknown;0;yes
40;entrepreneur;married;secondary;no;428;no;no;unknown;22;mar;298;10;29;5;failure;0;no
56;unemployed;divorced;secondary;no;-1814;no;no;cellular;2;oct;389;6;94;1;unknown;0;no
38;admin.;divorced;primary;no;-1367;no;yes;telephone;14;feb;14;11;257;2;unknown;1;no
22;admin.;married;primary;no;-1690;no;no;cellular;9;may;205;4;121;4;unknown;0;no
54;retired;married;tertiary;no;2324;yes;yes;unknown;4;jan;298;11;351;2;unknown;0;no
21;self-employed;married;secondary;no;1190;no;no;telephone;7;jan;205;6;141;5;failure;0;yes
34;admin.;married;unknown;no;2677;no;no;cellular;1;jan;720;11;16;2;unknown;0;no
18;admin.;married;primary;no;2494;no;yes;cellular;6;apr;181;6;51;2;unknown;0;no
24;entrepreneur;divorced;secondary;no;3872;yes;no;cellular;19;dec;136;10;89;4;unknown;0;yes
49;retired;divorced;tertiary;no;170;yes;no;cellular;8;may;231;6;243;1;unknown;0;yes
79;services;married;secondary;no;-814;no;no;cellular;21;aug;385;9;211;4;unknown;0;no
73;services;married;secondary;no;1868;no;no;unknown;9;sep;45;11;384;4;other;0;no
25;entrepreneur;married;secondary;no;1235;yes;no;cellular;2;nov;212;1;50;5;unknown;0;yes
20;blue-collar;married;tertiary;no;2158;yes;yes;telephone;20;nov;205;5;40;3;unknown;0;yes
42;entrepreneur;married;tertiary;no;-735;yes;no;cellular;5;jan;208;1;211;5;unknown;0;yes
64;management;divorced;secondary;no;3326;yes;no;cellular;28;mar;100;4;282;3;unknown;0;no
71;blue-collar;divorced;secondary;no;-2135;yes;no;cellular;13;oct;439;1;159;2;other;0;yes
77;self-employed;married;secondary;no;78;no;no;cellular;2;oct;653;5;67;5;failure;0;yes
42;management;single;secondary;no;4787;no;yes;cellular;7;dec;52;4;168;2;success;0;no
30;retired;single;primary;no;-1993;yes;no;unknown;10;sep;41;1;255;1;unknown;0;yes
19;technician;single;unknown;no;4550;no;no;cellular;14;jul;132;5;186;4;unknown;0;no
28;entrepreneur;married;secondary;no;-2827;yes;no;cellular;19;may;501;6;60;1;unknown;0;yes
22;admin.;married;secondary;no;-3355;no;no;cellular;9;jun;168;1;17;0;unknown;0;no
79;services;single;secondary;no;-3081;no;no;unknown;9;jan;293;11;354;0;unknown;0;no
37;entrepreneur;married;primary;no;1750;yes;yes;cellular;26;sep;37;4;130;4;unknown;0;yes
77;admin.;single;primary;no;3588;no;no;cellular;6;jan;576;3;3;1;unknown;0;yes
57;student;married;primary;no;5277;yes;no;unknown;21;aug;160;1;164;2;unknown;0;yes
56;retired;single;primary;no;5038;no;no;cellular;5;aug;269;1;82;2;unknown;0;yes
50;retired;single;secondary;no;3988;no;yes;cellular;8;dec;60;8;78;2;unknown;0;yes
76;blue-collar;married;tertiary;no;-1095;no;no;telephone;17;nov;41;1;259;4;unknown;0;no
21;entrepreneur;married;secondary;no;-1121;yes;no;cellular;3;sep;219;2;265;5;unknown;0;yes
24;blue-collar;single;secondary;no;3763;yes;yes;cellular;5;aug;240;8;267;1;unknown;0;no
48;self-employed;married;secondary;no;5663;yes;no;cellular;24;apr;392;4;352;0;unknown;0;no
46;student;single;secondary;no;-1693;yes;no;unknown;3;oct;117;9;179;3;unknown;1;no
57;services;single;secondary;no;5281;yes;no;cellular;5;jul;29;8;293;5;unknown;0;yes
71;entrepreneur;married;secondary;no;-4361;yes;no;cellular;21;jul;82;8;93;1;unknown;0;no
60;management;single;secondary;no;2569;no;no;cellular;14;aug;244;1;258;2;unknown;0;no
36;student;married;secondary;no;1088;yes;no;cellular;10;apr;5;8;246;4;unknown;0;yes
41;services;single;primary;no;787;yes;no;unknown;24;apr;200;10;141;2;unknown;0;yes
72;management;married;tertiary;no;1493;no;no;cellular;26;jan;91;9;396;3;failure;0;no
32;entrepreneur;married;unknown;no;-1161;yes;yes;cellular;4;may;192;11;372;5;unknown;0;no
54;housemaid;married;tertiary;no;2738;no;no;unknown;14;oct;65;10;253;0;unknown;0;yes
56;technician;divorced;primary;no;1582;no;yes;cellular;26;feb;17;11;71;0;unknown;0;yes
72;unemployed;divorced;tertiary;no;4205;yes;no;cellular;4;jun;277;4;66;0;success;0;no
69;management;single;secondary;no;6171;yes;no;unknown;12;nov;442;3;255;3;unknown;0;no
51;unemployed;married;primary;no;1780;no;no;telephone;6;nov;382;7;366;4;unknown;0;no
40;unemployed;married;tertiary;no;-1056;yes;no;cellular;5;dec;442;3;60;0;unknown;1;yes
44;student;single;tertiary;no;-2013;yes;yes;cellular;25;may;466;8;283;4;unknown;0;yes
47;student;single;primary;no;6494;no;no;cellular;19;may;187;11;227;0;unknown;0;no
33;entrepreneur;married;unknown;no;6111;no;no;unknown;4;apr;594;4;237;0;unknown;0;yes
63;entrepreneur;divorced;primary;no;4062;yes;no;telephone;10;may;371;4;52;5;unknown;0;yes
33;self-employed;married;secondary;no;1579;yes;no;cellular;9;sep;30;7;65;1;other;0;yes
64;services;married;primary;yes;3845;no;no;unknown;26;sep;86;7;172;2;other;0;no
72;entrepreneur;divorced;primary;no;5313;yes;yes;cellular;9;aug;250;8;114;1;unknown;0;no
87;housemaid;married;unknown;no;-453;no;yes;cellular;4;jun;396;5;252;2;unknown;0;no
26;technician;married;secondary;no;1489;yes;no;telephone;28;sep;174;1;187;2;failure;0;yes
72;self-employed;single;secondary;no;-1918;yes;no;cellular;2;may;25;3;251;1;unknown;0;no
24;entrepreneur;divorced;tertiary;no;1012;yes;no;cellular;28;feb;378;1;235;0;unknown;0;yes
42;management;married;tertiary;no;6032;no;no;cellular;10;dec;3;2;384;4;unknown;0;no
30;blue-collar;single;tertiary;no;4635;yes;no;cellular;20;feb;280;9;136;3;other;0;yes
29;blue-collar;married;tertiary;no;1805;no;no;cellular;16;nov;228;2;145;3;unknown;0;yes
30;student;married;tertiary;no;-6679;no;no;unknown;7;jul;48;1;257;0;failure;0;yes
21;student;married;secondary;no;-567;no;no;cellular;16;dec;575;3;222;4;unknown;0;yes
77;housemaid;married;secondary;no;1707;no;no;unknown;6;jul;223;6;60;4;unknown;0;yes
22;entrepreneur;married;tertiary;no;752;yes;yes;cellular;15;jan;17;1;97;2;unknown;0;yes
46;technician;married;primary;no;1498;yes;no;telephone;2;feb;229;1;327;3;unknown;0;no
68;student;single;primary;no;2127;yes;no;cellular;7;feb;126;10;29;2;unknown;0;no
89;technician;single;secondary;no;-201;yes;no;cellular;2;jun;292;10;63;4;unknown;0;yes
79;technician;single;secondary;no;1377;yes;no;unknown;18;oct;392;3;286;5;unknown;0;no
27;admin.;single;secondary;no;951;no;no;cellular;27;aug;760;7;382;3;unknown;0;yes
89;student;married;tertiary;no;-709;no;yes;cellular;2;oct;239;9;340;0;unknown;0;no
65;blue-collar;married;secondary;no;6939;yes;yes;cellular;17;jul;88;3;288;5;failure;0;yes
30;services;married;secondary;no;-29;yes;yes;cellular;15;feb;261;6;107;3;failure;0;yes
50;admin.;single;secondary;no;-5362;no;yes;telephone;6;mar;508;10;306;5;unknown;0;no
84;retired;married;tertiary;no;6749;no;no;cellular;20;feb;320;1;147;4;unknown;0;yes
46;entrepreneur;married;primary;no;-1138;no;yes;cellular;22;dec;386;2;127;3;unknown;0;yes
31;student;married;primary;no;4099;yes;no;cellular;26;oct;372;10;107;1;unknown;0;no
81;unemployed;married;secondary;no;-642;yes;no;cellular;3;jan;321;10;120;3;unknown;0;yes
86;unemployed;divorced;secondary;no;3107;no;no;cellular;6;mar;60;8;251;1;unknown;0;no
88;self-employed;single;secondary;no;1255;yes;no;unknown;15;apr;71;11;324;2;unknown;0;no
86;self-employed;married;secondary;no;4400;no;no;cellular;22;sep;95;9;263;3;unknown;0;yes
80;management;single;primary;no;758;yes;no;cellular;6;jan;19;8;332;5;unknown;0;no
50;student;single;tertiary;no;-565;yes;yes;unknown;10;dec;3;1;103;3;success;0;no
31;blue-collar;married;secondary;no;2171;no;no;cellular;13;apr;591;10;231;4;unknown;0;no
62;student;married;secondary;no;252;no;no;cellular;19;nov;78;4;270;2;unknown;0;no
33;technician;single;tertiary;no;-4387;yes;no;unknown;7;sep;239;10;150;1;failure;0;yes
52;technician;married;tertiary;no;-404;no;no;cellular;9;may;171;1;314;0;unknown;0;no
65;self-employed;married;secondary;no;10006;no;no;cellular;4;jan;258;5;221;1;unknown;0;no
86;entrepreneur;married;secondary;yes;-4064;no;no;cellular;6;jul;234;7;103;0;failure;0;no
38;technician;single;primary;no;2123;no;no;cellular;26;jan;31;2;279;4;unknown;0;yes
36;self-employed;divorced;secondary;no;671;no;yes;unknown;21;sep;339;5;15;0;unknown;0;no
70;technician;single;tertiary;no;6909;no;no;cellular;26;mar;84;1;314;2;unknown;0;no
18;entrepreneur;married;primary;no;-1933;no;yes;unknown;27;dec;77;6;72;5;unknown;0;no
58;services;married;secondary;no;1703;no;no;cellular;14;jan;158;2;176;4;failure;0;no
71;admin.;single;tertiary;no;3458;no;no;cellular;5;may;381;3;299;5;unknown;0;yes
57;housemaid;single;tertiary;no;862;no;no;cellular;23;may;95;6;316;5;unknown;0;no
45;self-employed;divorced;tertiary;no;-902;yes;yes;unknown;28;oct;238;5;138;3;unknown;0;no
77;technician;single;tertiary;no;1333;yes;no;cellular;6;mar;300;1;254;0;failure;0;yes
44;technician;married;secondary;no;471;no;no;cellular;22;oct;271;9;28;1;unknown;0;no
69;unemployed;single;secondary;no;463;no;no;cellular;12;apr;260;6;336;3;unknown;0;yes
51;admin.;divorced;secondary;no;4192;yes;no;cellular;26;jan;60;4;93;1;unknown;0;no
19;housemaid;single;tertiary;no;2608;no;yes;cellular;7;nov;245;4;319;5;unknown;0;yes
56;student;single;secondary;yes;3055;yes;no;unknown;19;mar;37;2;200;2;unknown;0;yes
21;housemaid;married;primary;no;2390;yes;no;cellular;3;jun;131;10;161;3;failure;0;no
85;services;single;primary;no;4279;no;yes;cellular;27;aug;127;9;131;0;failure;0;yes
61;services;married;tertiary;no;5312;no;yes;cellular;12;jan;116;1;306;0;failure;0;no
44;entrepreneur;married;primary;no;539;no;no;cellular;14;aug;812;10;116;4;unknown;0;no
53;admin.;single;secondary;no;3858;no;no;unknown;21;jul;415;8;239;4;unknown;0;yes
62;blue-collar;divorced;tertiary;no;-2488;no;no;unknown;7;oct;376;8;2;3;other;0;yes
36;retired;divorced;tertiary;no;-5359;no;no;cellular;21;feb;138;1;263;1;unknown;0;no
38;housemaid;married;secondary;no;6879;no;no;unknown;4;nov;182;4;46;2;failure;0;yes
48;services;married;secondary;no;399;yes;no;unknown;13;jan;734;6;86;2;unknown;0;no
36;housemaid;married;tertiary;no;2157;yes;no;cellular;10;dec;92;8;288;1;unknown;1;yes
72;entrepreneur;single;secondary;no;-2275;yes;no;cellular;13;apr;270;4;308;5;unknown;0;yes
25;services;single;secondary;no;-2414;yes;yes;cellular;17;jan;588;9;37;2;unknown;0;no
77;management;divorced;tertiary;no;-738;yes;no;unknown;17;apr;75;7;40;5;unknown;0;yes
43;admin.;married;secondary;no;3328;yes;no;unknown;6;jun;249;10;42;3;unknown;1;no
58;retired;single;secondary;no;-149;yes;yes;cellular;27;feb;216;1;73;3;other;0;no
29;services;single;primary;no;392;no;no;cellular;19;apr;42;4;96;5;other;0;no
45;technician;married;primary;no;-833;yes;yes;unknown;5;apr;374;6;136;0;unknown;0;no
72;unemployed;divorced;secondary;no;4897;yes;no;telephone;5;feb;3;9;204;3;unknown;0;no
37;unemployed;single;tertiary;no;4005;yes;yes;unknown;12;jun;375;6;303;2;unknown;1;no
27;admin.;married;secondary;no;-52;yes;no;telephone;28;jan;305;4;27;1;unknown;1;yes
55;services;married;tertiary;no;3452;no;no;cellular;26;apr;399;10;162;1;unknown;0;yes
29;admin.;divorced;tertiary;no;664;no;no;cellular;7;feb;181;1;8;1;unknown;0;yes
40;entrepreneur;single;tertiary;no;387;no;no;cellular;16;jan;297;1;245;4;unknown;0;yes
50;management;single;primary;no;1250;no;no;cellular;10;jun;425;4;360;3;unknown;0;yes
58;admin.;single;tertiary;no;3329;no;no;cellular;23;nov;61;2;366;4;failure;0;no
64;services;married;primary;no;-1276;no;no;unknown;21;may;21;4;21;4;success;0;yes
66;student;single;tertiary;no;2907;yes;no;unknown;13;aug;336;11;283;3;unknown;0;yes
78;services;divorced;secondary;no;8893;yes;no;cellular;10;feb;384;5;316;1;unknown;0;no
22;entrepreneur;married;tertiary;no;1949;no;no;cellular;26;sep;247;6;331;3;unknown;0;no
44;blue-collar;single;secondary;no;1507;no;no;cellular;12;sep;403;5;13;3;success;0;yes
18;technician;married;secondary;no;1147;no;no;telephone;25;may;147;8;48;1;unknown;0;yes
18;management;married;primary;no;2834;yes;no;cellular;1;apr;473;5;145;5;success;1;no
33;admin.;married;primary;no;-3431;no;no;cellular;13;jul;205;4;18;2;unknown;1;no
61;housemaid;divorced;secondary;no;6503;yes;no;cellular;16;aug;64;1;133;2;unknown;0;yes
82;management;married;secondary;no;4343;no;no;unknown;1;sep;504;7;92;5;unknown;0;no
73;blue-collar;married;tertiary;no;-533;yes;no;cellular;2;mar;385;9;342;2;unknown;0;no
64;technician;single;tertiary;no;1494;yes;no;cellular;16;may;129;5;358;5;failure;0;yes
74;self-employed;married;secondary;no;-272;yes;no;unknown;21;oct;133;4;111;2;other;0;yes
30;services;single;tertiary;no;2297;yes;no;cellular;6;oct;340;10;290;4;failure;0;no
78;unemployed;divorced;tertiary;no;1584;yes;no;cellular;26;oct;19;11;3;5;unknown;0;yes
82;self-employed;married;tertiary;no;2085;no;no;telephone;7;oct;284;5;148;5;unknown;0;no
24;entrepreneur;married;primary;no;-1684;yes;no;cellular;2;jan;186;3;364;1;unknown;0;no
51;unemployed;divorced;secondary;no;-44;yes;no;cellular;13;apr;262;8;363;4;unknown;1;no
77;self-employed;married;tertiary;no;4838;yes;no;unknown;4;apr;184;7;150;1;unknown;0;yes
52;technician;married;secondary;no;-201;no;no;cellular;13;apr;38;4;260;3;unknown;0;yes
78;student;divorced;secondary;no;-6530;yes;no;unknown;2;jun;270;9;14;4;unknown;1;no
85;unemployed;divorced;secondary;no;948;yes;no;cellular;25;mar;430;3;318;4;unknown;0;no
52;retired;single;secondary;no;8634;no;yes;cellular;18;oct;193;1;92;5;unknown;0;yes
22;services;single;secondary;no;3946;yes;no;cellular;1;jul;364;3;29;1;failure;1;no
42;housemaid;divorced;secondary;no;-352;no;no;telephone;26;jan;76;9;211;0;unknown;0;yes
33;student;single;secondary;no;1248;yes;no;unknown;9;oct;130;7;331;5;unknown;0;no
52;entrepreneur;single;secondary;no;3439;no;no;cellular;15;apr;275;8;247;3;other;0;yes
60;admin.;single;secondary;no;-3868;no;no;unknown;18;jul;207;6;192;2;unknown;0;no
51;blue-collar;single;tertiary;no;-1168;yes;no;telephone;12;jun;372;2;104;2;failure;0;yes
32;housemaid;married;secondary;no;2595;no;no;unknown;18;may;168;8;28;0;unknown;0;no
39;retired;married;primary;no;6183;yes;no;telephone;5;apr;170;8;7;5;unknown;0;no
66;housemaid;married;secondary;no;82;yes;no;telephone;9;may;350;10;9;1;unknown;0;no
19;entrepreneur;married;secondary;no;6101;no;no;unknown;19;jan;112;2;133;4;unknown;0;no
33;admin.;married;tertiary;no;-862;no;no;telephone;5;sep;38;1;223;3;unknown;1;no
82;unemployed;married;secondary;no;-8756;yes;no;unknown;9;aug;312;4;-1;5;success;0;yes
25;technician;single;primary;no;3631;no;no;cellular;8;jul;27;9;232;3;unknown;0;no
47;blue-collar;married;primary;no;3021;yes;yes;cellular;4;nov;503;2;290;5;other;0;yes
32;retired;married;primary;no;3608;yes;yes;cellular;25;jul;148;10;67;3;failure;0;no
25;housemaid;married;secondary;no;3491;yes;no;cellular;28;may;160;11;173;3;success;0;yes
48;self-employed;married;tertiary;no;1975;no;no;cellular;8;aug;545;8;118;3;unknown;0;no
55;blue-collar;single;secondary;no;623;no;no;unknown;24;oct;615;11;310;5;unknown;0;yes
30;blue-collar;married;tertiary;no;737;yes;yes;cellular;14;sep;201;8;154;3;unknown;0;no
23;unemployed;married;primary;no;18;no;no;unknown;7;jul;440;1;314;5;unknown;1;no
27;entrepreneur;single;secondary;no;198;no;no;cellular;27;aug;375;11;-1;4;unknown;0;yes
64;unemployed;married;tertiary;no;-4033;yes;no;cellular;4;dec;121;9;360;3;unknown;0;no
79;housemaid;married;secondary;no;-2242;yes;no;cellular;4;sep;313;10;387;1;unknown;0;yes
30;student;single;tertiary;no;909;no;no;unknown;12;sep;47;2;271;3;unknown;0;yes
41;self-employed;single;secondary;no;-5322;yes;no;cellular;25;aug;92;5;330;1;success;0;yes
42;technician;single;secondary;no;-4623;yes;no;unknown;9;dec;320;3;285;4;unknown;0;no
43;blue-collar;single;secondary;no;397;yes;no;cellular;21;dec;332;8;95;0;unknown;0;yes
35;blue-collar;divorced;primary;no;1015;yes;no;cellular;25;may;17;7;52;2;unknown;0;no
21;blue-collar;married;tertiary;no;459;yes;no;unknown;14;sep;191;6;336;3;unknown;0;no
55;blue-collar;single;secondary;no;-5739;no;no;cellular;4;aug;17;2;-1;2;unknown;0;no
43;entrepreneur;single;primary;no;6057;no;no;cellular;27;jul;127;2;241;2;unknown;0;no
42;retired;married;tertiary;no;-2908;no;no;cellular;23;jul;132;11;3;0;failure;0;no
37;services;divorced;tertiary;no;-1054;no;yes;cellular;3;nov;368;3;66;5;unknown;0;yes
84;blue-collar;married;tertiary;no;-2385;yes;no;unknown;17;nov;119;11;126;0;failure;0;no
61;self-employed;divorced;tertiary;no;5297;yes;no;cellular;24;nov;32;6;314;2;failure;0;no
48;management;single;secondary;no;2664;yes;no;cellular;16;apr;563;1;33;5;unknown;0;no
32;admin.;married;secondary;no;-19;no;no;cellular;6;may;318;5;33;3;failure;0;yes
75;student;married;unknown;no;-230;yes;no;cellular;27;feb;399;10;90;2;success;0;no
81;services;divorced;secondary;no;1938;yes;yes;unknown;10;oct;341;7;166;2;unknown;0;yes
20;unemployed;single;secondary;no;-2339;no;no;telephone;1;sep;408;11;115;0;unknown;0;yes
84;housemaid;married;tertiary;no;2542;yes;no;unknown;4;dec;307;9;300;2;other;0;yes
68;management;married;primary;no;-245;no;no;cellular;13;sep;313;10;191;3;failure;0;no
25;management;single;tertiary;no;2958;yes;no;cellular;14;mar;245;9;358;2;unknown;0;no
72;management;married;secondary;no;2857;yes;no;cellular;18;apr;132;8;353;2;failure;0;yes
25;technician;single;tertiary;no;-380;no;yes;unknown;5;may;397;3;110;3;unknown;1;no
21;technician;single;secondary;no;-4758;yes;no;cellular;3;oct;167;7;296;2;unknown;0;yes
26;services;married;secondary;no;659;yes;no;cellular;8;may;243;3;238;2;unknown;0;yes
51;blue-collar;single;tertiary;no;-2948;no;no;cellular;2;dec;294;8;253;5;unknown;0;yes
62;blue-collar;married;primary;no;1635;no;no;unknown;2;aug;310;7;335;0;unknown;0;no
47;admin.;divorced;secondary;no;630;yes;no;cellular;18;may;17;9;70;3;success;0;yes
26;self-employed;divorced;tertiary;no;-363;yes;no;cellular;9;dec;260;5;345;0;unknown;0;no
32;entrepreneur;married;unknown;no;-2486;yes;no;cellular;5;jul;15;4;225;0;failure;0;no
79;admin.;married;unknown;yes;4960;yes;no;cellular;5;apr;255;11;-1;3;unknown;1;yes
87;self-employed;married;secondary;no;38;yes;no;cellular;23;may;375;4;155;0;success;1;yes
72;admin.;divorced;secondary;no;8460;yes;no;cellular;20;oct;579;7;32;2;unknown;0;yes
25;unemployed;married;secondary;no;1504;no;yes;cellular;2;feb;335;10;128;1;unknown;0;yes
77;blue-collar;single;secondary;no;2454;no;no;cellular;18;oct;392;3;70;5;unknown;0;no
67;blue-collar;divorced;secondary;no;1517;yes;no;cellular;18;feb;2;5;260;1;other;0;no
55;student;married;primary;no;2424;yes;no;cellular;19;sep;327;2;-1;0;failure;0;no
28;student;single;primary;no;4678;yes;yes;unknown;23;sep;3;2;28;0;failure;0;yes
89;management;married;secondary;no;4712;yes;no;cellular;19;aug;460;8;356;1;failure;0;no
49;unemployed;single;secondary;no;-3899;no;no;cellular;20;mar;6;2;158;0;unknown;0;no
21;student;married;secondary;no;3966;yes;no;cellular;3;jul;24;4;20;4;unknown;0;no
33;housemaid;divorced;secondary;no;2891;no;yes;cellular;26;oct;370;2;311;0;unknown;1;yes
46;self-employed;married;tertiary;no;1507;no;no;telephone;6;apr;555;3;365;4;unknown;0;yes
22;retired;married;unknown;no;6537;no;no;cellular;22;dec;431;9;125;1;unknown;0;no
41;management;single;secondary;no;6658;no;no;cellular;21;feb;149;3;118;0;failure;0;yes
51;blue-collar;single;tertiary;no;4113;no;yes;unknown;14;nov;22;6;223;2;unknown;0;no
86;housemaid;single;tertiary;yes;-230;no;yes;unknown;14;may;134;8;24;1;unknown;0;no
24;student;single;secondary;no;-2177;yes;no;telephone;26;sep;245;11;396;3;failure;0;no
59;entrepreneur;married;primary;no;3663;no;yes;cellular;18;mar;204;8;147;1;unknown;0;yes
83;entrepreneur;single;secondary;no;5478;yes;no;cellular;8;aug;14;5;97;5;unknown;0;no
76;blue-collar;married;primary;no;-4685;yes;no;cellular;2;aug;477;2;289;5;unknown;0;no
84;management;married;secondary;no;4658;no;no;cellular;4;jun;481;5;153;2;unknown;0;no
30;retired;divorced;secondary;no;635;no;no;cellular;11;nov;596;8;48;5;unknown;0;yes
75;blue-collar;single;tertiary;no;-4027;yes;no;telephone;19;nov;112;1;185;5;unknown;0;yes
88;housemaid;married;secondary;no;2808;no;yes;cellular;13;feb;58;7;381;5;unknown;0;no
41;unemployed;married;secondary;no;4128;yes;no;unknown;22;oct;270;1;194;1;unknown;0;yes
53;housemaid;divorced;unknown;no;345;no;yes;cellular;20;aug;220;9;65;0;unknown;0;no
56;admin.;married;unknown;no;-1772;no;no;cellular;20;jul;130;11;83;3;unknown;0;no
53;housemaid;married;tertiary;no;6536;yes;no;cellular;26;feb;48;1;358;4;success;0;no
38;blue-collar;married;tertiary;no;-605;yes;yes;telephone;3;aug;20;11;306;2;unknown;0;no
87;student;married;unknown;no;4878;no;no;cellular;17;may;625;3;-1;3;unknown;0;no
86;blue-collar;married;secondary;no;-3139;yes;no;cellular;10;jan;65;1;82;2;failure;1;yes
45;blue-collar;divorced;tertiary;no;2648;no;no;telephone;22;mar;91;9;292;4;unknown;0;no
75;technician;married;primary;no;2562;yes;no;cellular;23;feb;17;4;115;4;unknown;0;yes
46;housemaid;married;secondary;no;4020;yes;no;cellular;19;apr;258;5;191;1;unknown;0;yes
75;entrepreneur;single;secondary;no;5878;no;yes;telephone;21;mar;165;11;349;5;unknown;0;yes
60;self-employed;single;primary;no;-1040;yes;no;unknown;26;nov;302;10;305;0;unknown;0;yes
51;technician;single;primary;no;2962;yes;no;cellular;16;apr;78;6;267;4;failure;0;yes
27;services;single;primary;no;-2699;no;no;telephone;23;jun;237;8;260;0;unknown;0;no
65;self-employed;single;secondary;no;-2733;yes;no;cellular;3;sep;236;4;94;1;other;0;no
41;admin.;single;primary;no;-335;yes;no;cellular;7;feb;534;1;73;3;unknown;0;no
33;blue-collar;single;secondary;no;2627;no;no;cellular;26;may;575;8;326;1;unknown;0;yes
31;retired;single;tertiary;no;6430;yes;yes;unknown;7;mar;189;5;14;5;unknown;0;no
88;student;single;secondary;no;6976;no;no;cellular;1;jul;390;11;257;4;unknown;0;no
25;self-employed;married;secondary;no;335;no;no;unknown;26;nov;252;4;158;0;success;0;no
75;self-employed;single;primary;no;2316;no;no;cellular;11;jul;374;3;5;1;unknown;0;yes
80;management;single;tertiary;no;4229;yes;no;cellular;17;may;296;9;229;3;unknown;0;no
20;unemployed;married;primary;no;3696;no;yes;cellular;22;feb;367;6;47;0;success;0;yes
60;entrepreneur;divorced;secondary;no;891;yes;no;cellular;13;dec;390;2;339;1;unknown;0;no
59;student;married;secondary;no;1628;no;no;cellular;1;jun;304;8;94;0;unknown;0;yes
43;admin.;married;tertiary;no;1069;no;no;cellular;20;jul;247;10;89;0;unknown;0;no
66;student;divorced;unknown;no;774;no;no;telephone;19;jul;428;7;269;5;success;0;no
47;management;married;tertiary;no;375;yes;no;telephone;8;jul;193;9;116;3;unknown;0;no
49;technician;married;tertiary;no;1041;yes;no;unknown;19;feb;104;2;142;1;other;1;yes
49;unemployed;married;secondary;no;182;yes;no;cellular;23;jun;90;7;132;2;unknown;1;yes
75;housemaid;divorced;secondary;no;-2006;no;yes;unknown;28;jun;305;8;199;3;unknown;0;yes
63;technician;married;primary;no;3987;yes;no;cellular;15;oct;358;7;288;4;unknown;0;yes
45;admin.;single;secondary;no;2948;yes;no;cellular;2;jun;124;11;310;1;unknown;0;yes
84;self-employed;single;unknown;no;7029;yes;no;cellular;25;nov;97;11;45;2;unknown;0;yes
75;student;single;unknown;no;2508;yes;no;unknown;13;aug;370;6;184;2;failure;0;yes
85;technician;divorced;secondary;no;149;yes;no;cellular;19;feb;191;10;205;0;success;0;yes
70;self-employed;single;secondary;no;-479;yes;no;cellular;25;nov;231;1;380;1;unknown;0;yes
46;student;married;secondary;no;1542;yes;no;cellular;8;may;402;11;233;4;success;0;no
73;student;divorced;secondary;no;3058;yes;yes;cellular;1;sep;198;2;330;4;unknown;0;no
41;services;married;secondary;no;665;yes;no;cellular;28;apr;296;10;205;3;unknown;1;yes
37;unemployed;married;secondary;no;-3010;no;no;telephone;5;oct;3;5;202;5;other;0;yes
50;student;married;primary;no;-817;no;no;cellular;12;nov;290;4;215;5;unknown;0;no
87;self-employed;single;primary;no;1454;yes;no;cellular;23;jan;47;10;33;3;unknown;0;no
58;unemployed;married;secondary;no;3620;no;no;cellular;22;sep;39;2;170;4;other;0;no
45;services;single;tertiary;no;-3057;yes;no;cellular;5;sep;119;7;378;1;unknown;0;yes
51;admin.;married;secondary;no;2195;no;no;cellular;8;apr;329;4;394;0;unknown;1;no
38;services;married;secondary;no;2063;yes;no;cellular;20;may;230;3;64;1;unknown;1;yes
65;admin.;married;secondary;no;45;no;no;cellular;12;may;62;11;176;4;unknown;0;no
43;services;single;tertiary;no;-360;no;yes;cellular;15;jun;395;2;325;4;unknown;0;yes
57;admin.;married;secondary;no;-808;no;no;cellular;21;jun;283;11;333;3;unknown;0;no
44;housemaid;married;tertiary;no;1822;yes;no;cellular;25;nov;429;1;254;3;unknown;0;yes
41;unemployed;married;secondary;no;4780;no;yes;telephone;20;dec;41;3;219;0;unknown;0;no
87;blue-collar;married;secondary;no;4993;yes;no;cellular;5;dec;506;5;349;1;failure;0;no
42;housemaid;single;secondary;no;-1971;yes;no;cellular;27;jun;536;3;242;4;unknown;0;no
23;retired;married;tertiary;no;839;no;no;cellular;16;sep;402;3;316;5;unknown;0;no
45;retired;married;unknown;no;-5180;no;no;cellular;23;jan;317;8;323;4;other;0;yes
56;services;divorced;tertiary;no;1727;no;no;unknown;18;jan;319;1;102;1;failure;0;no
24;retired;married;tertiary;no;3192;no;yes;telephone;10;sep;286;7;392;5;unknown;0;no
40;technician;married;primary;no;6112;no;yes;cellular;19;aug;54;5;145;2;success;0;no
29;unemployed;single;secondary;no;-3959;yes;no;cellular;25;feb;100;7;51;2;unknown;0;yes
54;student;single;secondary;no;-1864;yes;no;cellular;24;aug;199;4;90;2;success;0;no
70;blue-collar;single;secondary;no;1832;yes;no;cellular;26;aug;13;10;229;4;unknown;0;no
87;management;married;secondary;no;-3455;no;no;cellular;2;sep;506;4;366;4;unknown;0;no
46;entrepreneur;married;tertiary;no;1916;no;no;unknown;27;jul;320;7;68;4;unknown;0;yes
80;self-employed;married;tertiary;no;3269;no;no;unknown;10;oct;576;5;268;0;success;1;yes
33;blue-collar;married;tertiary;no;-2443;no;yes;unknown;26;oct;378;7;13;2;success;0;yes
74;services;married;secondary;yes;1797;yes;yes;cellular;15;aug;59;5;199;0;unknown;0;no
58;entrepreneur;divorced;tertiary;no;-2236;yes;no;unknown;20;jul;481;8;358;1;unknown;0;no
72;services;single;tertiary;no;5526;no;no;telephone;22;oct;129;3;257;4;unknown;0;yes
72;student;married;tertiary;no;2019;yes;no;cellular;23;mar;492;6;397;2;unknown;0;yes
56;management;married;secondary;no;-520;yes;no;unknown;9;dec;521;10;381;5;unknown;0;no
36;management;single;secondary;no;-2314;no;no;unknown;19;nov;490;7;274;0;unknown;0;yes
55;entrepreneur;married;tertiary;no;2567;yes;no;cellular;16;jul;434;3;1;5;unknown;0;yes
77;admin.;married;unknown;no;5473;yes;no;unknown;9;nov;306;9;158;1;failure;0;no
87;services;married;primary;no;-914;no;no;unknown;2;sep;217;4;41;3;unknown;0;yes
84;technician;single;secondary;no;81;yes;no;cellular;23;jun;597;11;301;5;unknown;0;no
31;retired;single;secondary;no;-856;no;yes;cellular;12;jun;274;10;61;0;unknown;0;yes
61;unemployed;married;secondary;no;6066;no;no;cellular;7;aug;142;11;394;1;unknown;1;yes
25;technician;married;tertiary;no;-4325;yes;no;unknown;10;apr;308;10;249;1;unknown;0;yes
66;management;single;primary;no;5256;no;no;cellular;13;jul;449;8;365;4;failure;0;no
89;housemaid;single;secondary;no;268;yes;no;cellular;28;may;442;8;322;5;unknown;0;yes
21;student;single;tertiary;no;1185;yes;no;cellular;10;jul;2;3;344;0;unknown;0;yes
65;admin.;married;secondary;no;378;no;yes;cellular;4;may;436;5;13;4;other;0;no
86;unemployed;single;primary;no;2118;no;no;cellular;5;feb;357;10;202;2;unknown;0;no
78;admin.;divorced;secondary;no;-789;yes;no;cellular;26;sep;150;7;359;4;other;0;no
46;blue-collar;single;secondary;no;4575;yes;no;unknown;23;jun;55;8;81;4;unknown;0;yes
25;self-employed;married;unknown;no;4696;yes;no;cellular;1;mar;506;3;143;3;unknown;0;no
84;housemaid;single;tertiary;no;-1550;yes;yes;unknown;14;mar;525;5;48;5;failure;0;no
84;services;married;unknown;no;3402;yes;no;unknown;8;jul;533;3;202;1;unknown;0;yes
59;services;married;secondary;no;330;no;yes;cellular;15;oct;41;7;22;0;unknown;1;no
88;housemaid;married;tertiary;no;1554;no;no;cellular;17;apr;178;6;31;3;unknown;1;yes
18;self-employed;divorced;secondary;no;5975;yes;yes;cellular;15;nov;231;5;132;4;unknown;0;yes
62;management;married;tertiary;no;-622;yes;no;unknown;14;oct;520;9;315;1;failure;0;no
20;admin.;divorced;secondary;no;4179;yes;no;cellular;20;jan;381;10;10;5;failure;0;yes
85;retired;married;secondary;no;2771;yes;yes;unknown;20;feb;175;11;334;0;failure;0;no
66;unemployed;married;primary;no;817;no;no;unknown;5;sep;252;4;268;0;failure;0;no
83;retired;married;tertiary;no;2502;no;yes;cellular;20;jul;362;6;379;5;unknown;0;yes
58;student;single;tertiary;no;2145;yes;no;unknown;15;feb;369;5;329;0;unknown;0;yes
23;housemaid;married;primary;no;-2075;no;no;unknown;12;dec;556;11;298;5;failure;0;no
19;housemaid;married;secondary;no;-420;no;no;cellular;8;jan;511;9;317;1;unknown;0;no
42;admin.;married;tertiary;no;-1735;yes;yes;unknown;16;may;469;11;284;0;unknown;0;no
71;self-employed;married;secondary;no;570;no;no;cellular;28;jan;67;3;28;1;failure;0;yes
28;housemaid;married;secondary;no;5435;yes;no;cellular;14;nov;79;6;258;4;failure;0;yes
79;retired;married;tertiary;no;3143;no;yes;cellular;2;jun;21;7;75;1;unknown;0;no
35;unemployed;married;secondary;no;-2897;no;no;telephone;7;aug;304;5;63;3;unknown;0;yes
53;self-employed;divorced;tertiary;no;579;yes;no;unknown;26;oct;126;5;387;3;failure;0;no
32;self-employed;married;secondary;no;2100;yes;no;cellular;23;apr;339;10;361;3;unknown;0;no
51;unemployed;married;tertiary;no;3632;no;yes;cellular;2;apr;368;5;398;1;unknown;0;no
50;admin.;married;primary;no;-552;no;no;cellular;23;aug;269;5;-1;4;unknown;0;no
18;unemployed;married;tertiary;no;-2312;no;no;cellular;4;dec;401;2;388;4;failure;0;yes
58;entrepreneur;single;secondary;no;1230;yes;yes;cellular;9;mar;96;7;-1;3;unknown;0;yes
74;admin.;married;tertiary;no;3107;no;no;unknown;26;jun;69;1;368;3;unknown;0;yes
85;housemaid;married;tertiary;no;2104;yes;no;cellular;19;apr;84;9;47;2;unknown;0;no
41;services;single;secondary;no;-1254;yes;no;cellular;19;mar;393;7;53;2;unknown;0;yes
81;self-employed;married;secondary;no;6663;yes;no;cellular;7;mar;594;11;11;5;unknown;0;no
81;unemployed;divorced;primary;no;1103;no;yes;unknown;10;jun;522;7;314;5;unknown;0;no
89;management;divorced;secondary;no;1981;no;no;cellular;3;feb;186;8;320;1;unknown;0;yes
44;admin.;married;secondary;no;-585;yes;no;cellular;17;aug;418;11;80;3;failure;1;no
79;admin.;married;primary;no;4719;no;no;cellular;14;mar;50;3;319;4;unknown;0;yes
58;housemaid;married;primary;no;3115;no;no;cellular;5;jul;536;4;98;1;failure;0;no
22;retired;married;unknown;no;2343;yes;no;telephone;9;mar;332;6;345;1;success;0;yes
37;self-employed;married;secondary;no;-2054;yes;no;cellular;2;jun;386;1;193;0;unknown;0;no
66;services;single;secondary;no;4682;yes;no;telephone;2;feb;154;3;226;0;unknown;0;yes
29;student;married;secondary;no;3670;yes;no;cellular;2;mar;320;6;320;3;unknown;0;no
49;student;married;secondary;no;4444;yes;no;cellular;10;apr;597;3;186;2;unknown;0;yes
73;technician;married;secondary;no;1511;no;no;cellular;8;sep;288;1;173;4;unknown;0;yes
28;entrepreneur;divorced;tertiary;no;1175;yes;no;cellular;6;jun;211;9;230;4;unknown;0;no
53;student;divorced;secondary;no;853;no;no;cellular;6;may;178;3;85;4;unknown;1;yes
33;management;married;primary;no;8236;no;no;cellular;27;jul;85;1;178;2;failure;0;no
56;admin.;single;secondary;no;-227;yes;no;telephone;12;dec;247;8;363;4;other;0;yes
35;self-employed;married;primary;no;-2158;yes;no;cellular;15;oct;13;3;254;5;unknown;0;yes
87;blue-collar;single;tertiary;no;280;yes;no;cellular;25;may;319;6;110;4;unknown;1;no
23;admin.;single;primary;no;-199;no;yes;cellular;28;jul;451;9;367;3;unknown;0;no
87;self-employed;divorced;secondary;no;5179;yes;no;cellular;11;mar;144;4;307;3;failure;0;no
75;entrepreneur;married;secondary;no;-2667;no;no;unknown;22;sep;306;7;389;1;unknown;0;no
79;admin.;married;secondary;yes;-283;no;no;unknown;12;nov;217;9;304;1;other;0;no
79;services;divorced;secondary;no;1971;no;no;cellular;8;nov;308;9;-1;5;unknown;1;no
31;admin.;married;secondary;yes;5204;yes;no;unknown;4;mar;412;4;30;4;unknown;0;yes
85;student;married;unknown;no;3539;no;no;cellular;10;sep;312;5;-1;5;unknown;0;yes
60;admin.;single;primary;no;6257;no;no;cellular;28;mar;402;2;174;2;failure;0;yes
87;housemaid;single;secondary;no;2437;no;no;cellular;5;jan;334;2;180;4;unknown;0;no
81;blue-collar;single;tertiary;no;789;yes;no;unknown;5;sep;402;4;47;0;success;1;no
59;unemployed;single;primary;no;3966;no;no;cellular;8;jun;293;11;33;5;unknown;0;yes
44;housemaid;single;secondary;no;-2701;no;no;cellular;10;apr;296;11;287;5;unknown;0;no
26;self-employed;married;tertiary;no;-3729;no;no;unknown;11;jul;368;10;284;3;unknown;0;yes
25;technician;single;tertiary;no;4328;no;yes;unknown;27;jun;215;3;295;1;unknown;0;no
46;admin.;single;tertiary;no;2031;yes;no;unknown;27;mar;319;7;242;4;unknown;0;yes
76;technician;divorced;tertiary;no;4292;yes;no;cellular;13;jun;51;4;116;0;unknown;0;yes
54;entrepreneur;married;secondary;no;-1157;no;no;cellular;25;jan;132;4;223;0;unknown;0;yes
52;unemployed;married;tertiary;no;5254;no;no;cellular;10;oct;248;2;270;1;unknown;0;yes
35;admin.;single;secondary;no;3411;yes;no;cellular;12;dec;70;11;297;2;unknown;0;yes
58;services;married;secondary;no;1306;yes;no;cellular;21;jul;615;8;162;1;success;0;yes
63;blue-collar;married;tertiary;no;2022;yes;no;unknown;25;aug;69;8;72;4;unknown;0;yes
88;housemaid;single;tertiary;no;2440;yes;yes;cellular;1;sep;382;4;221;1;other;0;yes
70;management;married;tertiary;no;-1170;no;no;cellular;17;jun;87;11;350;4;unknown;0;yes
61;student;married;primary;no;244;yes;no;cellular;9;dec;224;3;272;3;unknown;0;yes
83;student;married;tertiary;no;2393;no;no;cellular;11;apr;5;3;279;3;unknown;0;no
48;housemaid;married;secondary;no;124;yes;no;unknown;17;sep;13;7;334;1;unknown;0;yes
85;retired;single;tertiary;no;-3008;no;no;cellular;15;apr;285;11;265;3;unknown;0;no
44;self-employed;married;tertiary;no;2284;yes;no;unknown;28;apr;149;9;194;5;unknown;0;no
27;housemaid;married;secondary;no;3908;no;no;cellular;13;jun;377;11;265;3;unknown;0;yes
48;blue-collar;married;tertiary;no;4605;yes;no;cellular;28;oct;478;7;279;2;unknown;0;no
27;retired;married;secondary;no;2996;yes;no;cellular;20;may;90;3;174;3;unknown;0;no
26;self-employed;married;secondary;no;3854;no;no;cellular;18;nov;438;6;106;2;unknown;0;yes
81;unemployed;married;unknown;no;4362;yes;yes;unknown;15;may;27;6;149;0;unknown;0;no
75;services;married;secondary;no;1638;yes;no;telephone;10;jun;153;11;183;4;success;0;yes
33;student;married;secondary;no;-4956;no;no;cellular;17;jul;60;4;266;2;unknown;0;yes
78;admin.;married;primary;no;4879;no;no;unknown;16;aug;54;4;29;0;other;0;yes
22;entrepreneur;married;secondary;no;-1279;yes;no;telephone;3;jun;169;5;267;5;unknown;1;yes
38;entrepreneur;married;primary;no;-1992;no;no;cellular;27;jun;139;6;189;1;unknown;0;no
68;unemployed;married;secondary;no;-1910;yes;no;unknown;25;jan;232;7;35;4;unknown;0;no
39;admin.;married;secondary;no;8853;yes;no;unknown;19;feb;145;3;145;4;unknown;0;yes
70;blue-collar;married;secondary;no;2721;yes;yes;telephone;19;feb;138;9;298;3;unknown;0;no
80;self-employed;married;tertiary;no;-1724;yes;no;cellular;5;sep;171;6;367;2;unknown;0;yes
22;services;single;primary;no;-650;yes;no;cellular;17;may;222;6;319;5;failure;0;yes
19;entrepreneur;married;secondary;no;1397;no;no;unknown;28;jun;377;6;100;0;other;0;yes
85;self-employed;single;tertiary;no;3027;yes;no;telephone;4;jul;269;11;224;1;unknown;0;no
55;student;single;secondary;no;2237;yes;yes;unknown;26;may;593;9;397;2;unknown;0;no
54;blue-collar;married;secondary;no;-1385;yes;no;unknown;10;feb;212;7;193;0;unknown;0;no
51;management;married;primary;no;2351;yes;no;unknown;7;jun;283;6;79;1;unknown;0;yes
49;entrepreneur;married;secondary;no;-433;no;no;cellular;26;may;215;3;202;0;unknown;0;yes
67;blue-collar;married;tertiary;no;4540;yes;no;cellular;19;jul;63;2;237;5;unknown;0;yes
59;unemployed;married;primary;no;1568;yes;no;cellular;23;aug;187;11;84;0;unknown;0;no
29;housemaid;married;secondary;yes;-878;yes;no;cellular;25;oct;387;11;126;0;unknown;0;no
63;entrepreneur;single;tertiary;no;3466;yes;no;cellular;1;jul;395;4;390;5;unknown;0;no
66;services;married;secondary;no;2549;no;yes;cellular;7;nov;291;3;359;0;unknown;0;yes
26;housemaid;single;tertiary;no;-24;no;no;cellular;7;dec;536;10;349;1;unknown;0;no
45;blue-collar;single;secondary;no;3590;no;no;cellular;26;sep;311;3;189;3;failure;0;no
74;student;married;primary;no;3287;yes;no;cellular;15;dec;285;8;337;0;other;0;no
62;entrepreneur;divorced;tertiary;no;5005;yes;no;cellular;6;dec;520;10;100;1;unknown;0;yes
27;self-employed;divorced;secondary;no;3530;no;no;cellular;20;nov;76;11;120;5;unknown;0;no
20;student;married;primary;no;758;no;no;cellular;11;feb;505;8;62;5;unknown;0;no
59;student;married;tertiary;no;-3671;yes;no;telephone;17;sep;25;2;275;3;unknown;0;no
51;housemaid;married;secondary;no;1959;no;no;cellular;27;feb;166;10;297;1;unknown;0;yes
87;unemployed;married;tertiary;no;2425;yes;no;cellular;8;apr;147;3;250;5;success;0;yes
55;technician;married;secondary;no;1553;no;no;cellular;27;oct;270;4;356;2;failure;0;no
85;retired;married;primary;no;-7632;yes;no;cellular;21;jul;485;2;77;2;unknown;0;no
33;blue-collar;married;tertiary;no;3436;yes;no;unknown;1;aug;32;1;305;4;other;0;no
50;housemaid;single;secondary;no;-1336;yes;no;unknown;12;may;163;3;391;4;unknown;0;yes
28;unemployed;married;secondary;no;3457;no;no;cellular;25;nov;175;5;204;0;unknown;1;no
59;retired;married;tertiary;no;6502;no;no;cellular;24;may;176;1;200;3;unknown;0;yes
31;technician;married;secondary;no;641;no;no;unknown;20;sep;10;3;367;5;failure;0;yes
53;entrepreneur;single;secondary;no;2715;no;no;telephone;20;oct;227;2;47;4;unknown;0;yes
42;retired;single;tertiary;no;1498;yes;yes;cellular;25;jan;534;9;201;4;unknown;0;yes
31;admin.;married;secondary;no;2976;yes;no;cellular;4;nov;119;8;204;4;unknown;0;yes
24;management;single;secondary;no;1710;no;no;unknown;13;sep;266;3;83;2;unknown;0;yes
54;self-employed;married;tertiary;no;-150;yes;no;cellular;10;mar;264;10;35;1;unknown;0;yes
86;technician;single;secondary;no;-1314;yes;no;telephone;28;mar;140;1;88;2;unknown;0;yes
32;retired;single;tertiary;no;6171;yes;no;unknown;22;jan;275;2;310;1;unknown;0;no
47;blue-collar;married;tertiary;no;2715;yes;no;cellular;21;jun;143;6;254;0;unknown;0;no
34;admin.;single;secondary;no;3891;yes;no;unknown;3;jan;303;10;317;3;unknown;0;no
76;technician;divorced;secondary;no;2597;no;yes;unknown;22;sep;205;4;324;2;unknown;1;yes
47;student;single;unknown;no;4327;no;yes;telephone;24;jan;61;11;328;4;unknown;0;no
88;unemployed;married;tertiary;no;-1287;yes;no;cellular;12;aug;139;3;277;1;unknown;0;yes
35;services;single;secondary;no;1649;yes;no;cellular;25;sep;207;7;24;1;unknown;0;yes
23;technician;married;secondary;no;2916;no;no;cellular;11;may;137;4;43;1;unknown;0;no
59;retired;single;secondary;no;5278;no;no;cellular;19;may;386;7;48;0;unknown;0;no
64;entrepreneur;single;tertiary;no;9419;no;no;cellular;6;sep;73;4;181;4;unknown;0;no
89;housemaid;married;tertiary;no;2622;yes;no;cellular;15;nov;170;3;36;4;unknown;0;no
80;services;married;tertiary;no;-583;no;yes;cellular;2;dec;89;5;20;4;other;0;no
81;entrepreneur;married;secondary;no;-2186;no;no;telephone;4;aug;53;4;257;4;unknown;0;yes
63;self-employed;married;tertiary;no;-1314;yes;no;unknown;26;mar;660;7;367;2;other;0;no
43;services;married;primary;no;-922;no;no;cellular;20;may;60;6;110;5;unknown;0;no
48;admin.;married;secondary;no;-7303;yes;no;cellular;17;feb;50;6;35;0;unknown;0;yes
27;student;single;secondary;no;-626;no;no;cellular;12;jan;41;2;56;3;failure;0;yes
49;blue-collar;married;secondary;no;3550;no;no;cellular;16;feb;234;7;364;0;failure;0;no
44;housemaid;married;secondary;no;1626;yes;no;telephone;20;oct;105;9;391;4;unknown;0;no
20;management;single;secondary;no;624;yes;yes;cellular;10;jun;277;2;139;5;unknown;0;no
32;management;married;secondary;no;-3465;yes;no;cellular;10;jul;73;3;190;3;unknown;0;no
56;services;married;tertiary;no;4551;no;yes;cellular;21;apr;102;1;231;0;unknown;0;yes
44;services;single;primary;no;2935;no;no;unknown;16;jan;78;3;196;0;unknown;0;no
89;blue-collar;divorced;secondary;no;1361;yes;no;unknown;12;jun;201;11;280;3;unknown;0;no
52;technician;single;secondary;no;-5207;no;no;cellular;13;jun;362;2;228;2;failure;0;yes
87;self-employed;married;secondary;no;-72;yes;no;cellular;23;feb;383;3;332;0;unknown;0;no
65;blue-collar;married;secondary;no;2701;yes;no;cellular;15;aug;501;2;196;3;success;0;yes
20;student;divorced;tertiary;no;1314;yes;yes;cellular;3;mar;42;10;283;4;unknown;1;no
32;blue-collar;single;secondary;no;1975;no;no;cellular;24;jul;12;7;97;3;unknown;0;no
68;management;single;secondary;no;3456;no;no;cellular;7;may;36;1;198;2;unknown;0;no
57;blue-collar;single;tertiary;no;1864;no;no;cellular;3;feb;219;3;269;5;unknown;0;yes
39;technician;married;primary;no;3349;no;yes;unknown;8;dec;4;8;100;1;unknown;1;no
55;self-employed;married;tertiary;no;-1130;yes;no;telephone;4;aug;82;9;231;5;unknown;0;yes
83;entrepreneur;single;secondary;no;-2268;yes;no;telephone;1;apr;356;7;75;0;unknown;0;no
45;technician;divorced;tertiary;no;2832;no;yes;unknown;20;mar;434;7;335;0;failure;0;no
21;unemployed;married;primary;no;3447;yes;yes;cellular;19;jan;358;6;270;5;unknown;0;yes
40;blue-collar;single;secondary;no;2956;yes;no;telephone;9;oct;284;10;157;0;unknown;0;yes
85;services;married;secondary;no;1794;yes;no;unknown;20;apr;87;5;156;2;unknown;0;yes
72;technician;divorced;secondary;no;427;yes;no;cellular;2;mar;224;11;308;4;unknown;0;yes
78;housemaid;married;tertiary;no;2032;yes;yes;cellular;12;dec;448;10;287;0;success;0;no
83;services;single;primary;no;2537;yes;no;cellular;17;dec;352;11;389;1;success;0;yes
26;blue-collar;married;secondary;no;2717;no;no;cellular;23;jun;396;8;310;0;unknown;0;no
38;services;single;tertiary;no;9221;yes;no;telephone;8;aug;410;4;150;4;other;1;yes
22;entrepreneur;single;tertiary;no;-1362;no;no;unknown;27;oct;154;8;95;4;other;0;yes
18;admin.;married;secondary;no;11077;yes;no;unknown;11;aug;346;6;279;4;unknown;0;yes
78;management;single;secondary;no;-2370;no;no;cellular;21;apr;144;11;4;1;other;0;no
85;unemployed;divorced;tertiary;no;2557;yes;no;cellular;6;oct;339;10;8;5;unknown;0;yes
29;retired;divorced;tertiary;no;-2184;yes;no;unknown;19;feb;465;1;196;2;success;0;yes
69;unemployed;married;tertiary;no;2318;yes;no;unknown;16;jul;530;9;364;1;unknown;0;yes
56;technician;single;tertiary;no;4346;yes;no;cellular;13;jun;338;9;125;1;unknown;0;yes
22;retired;single;secondary;no;1497;no;yes;unknown;8;aug;298;7;283;2;unknown;0;no
83;housemaid;single;secondary;no;4319;yes;no;unknown;16;sep;497;11;35;2;unknown;0;no
80;management;married;secondary;no;128;yes;no;cellular;12;jan;47;1;249;5;unknown;0;no
58;technician;single;primary;no;-4749;no;no;cellular;9;nov;509;11;168;4;unknown;0;no
68;self-employed;married;tertiary;no;3280;no;no;unknown;15;apr;246;1;36;3;unknown;0;yes
46;housemaid;married;secondary;no;1491;yes;no;telephone;7;mar;247;2;152;0;unknown;0;yes
75;entrepreneur;married;primary;no;-38;yes;no;cellular;19;jul;129;8;391;2;unknown;0;no
50;housemaid;married;secondary;no;168;no;no;unknown;1;dec;14;9;85;1;unknown;0;no
89;housemaid;married;secondary;no;2619;yes;no;unknown;7;nov;514;10;362;3;unknown;0;no
22;housemaid;married;primary;no;-1043;no;no;cellular;14;jun;300;1;127;5;unknown;0;yes
30;blue-collar;single;secondary;no;2525;yes;no;cellular;4;aug;146;10;116;5;unknown;0;yes
87;admin.;married;tertiary;no;4965;no;no;unknown;7;jul;290;8;12;3;failure;0;yes
38;unemployed;married;secondary;no;7580;no;no;cellular;12;sep;152;5;20;1;unknown;0;yes
40;management;single;primary;no;5613;no;yes;cellular;14;nov;120;8;384;5;other;0;yes
74;housemaid;divorced;secondary;no;1885;no;no;unknown;10;feb;184;5;158;3;success;0;yes
31;blue-collar;divorced;primary;no;2172;no;no;unknown;23;may;61;6;285;0;unknown;0;no
54;self-employed;single;tertiary;no;199;no;no;cellular;15;jul;267;3;6;0;unknown;0;no
38;unemployed;divorced;secondary;no;3;no;no;cellular;11;oct;537;4;68;5;unknown;0;no
32;unemployed;single;tertiary;no;4016;no;yes;unknown;15;feb;91;8;213;0;unknown;0;no
87;student;divorced;primary;no;477;yes;no;cellular;10;jul;378;3;223;4;unknown;0;no
32;blue-collar;divorced;primary;no;2498;no;no;cellular;2;oct;92;9;293;0;unknown;0;yes
24;retired;married;secondary;no;-1487;no;no;unknown;13;feb;215;4;261;0;unknown;0;yes
66;retired;divorced;tertiary;no;5510;no;no;unknown;11;mar;44;11;170;0;unknown;0;no
80;self-employed;single;tertiary;no;432;no;yes;cellular;14;jan;343;2;209;2;unknown;0;no
27;housemaid;single;secondary;no;4663;no;no;cellular;15;nov;489;4;338;4;other;0;no
68;technician;divorced;secondary;no;-711;no;no;cellular;8;dec;258;4;239;2;unknown;0;no
56;blue-collar;married;primary;no;-870;no;no;cellular;13;jun;327;7;355;1;failure;0;no
77;retired;married;secondary;no;5384;no;no;unknown;17;nov;326;6;346;5;unknown;0;yes
27;entrepreneur;single;secondary;no;-478;yes;no;cellular;7;aug;170;1;388;3;unknown;0;no
88;admin.;single;tertiary;no;-3303;yes;no;cellular;1;dec;481;6;355;3;unknown;0;no
62;entrepreneur;divorced;secondary;no;-1719;yes;yes;cellular;6;feb;116;6;203;4;failure;0;no
78;housemaid;divorced;tertiary;no;3970;yes;no;cellular;14;sep;94;7;5;4;unknown;0;yes
44;services;single;tertiary;no;3681;no;no;cellular;20;sep;35;6;215;0;unknown;0;no
85;technician;divorced;primary;no;-887;no;yes;cellular;19;aug;343;8;203;5;unknown;0;yes
63;unemployed;married;secondary;no;-495;yes;no;cellular;22;jun;142;8;369;3;unknown;0;no
27;services;divorced;tertiary;no;3419;no;no;unknown;14;mar;238;2;179;1;failure;0;yes
84;student;married;secondary;no;5347;no;yes;unknown;25;mar;172;8;304;3;failure;0;yes
75;housemaid;single;secondary;no;1193;no;no;cellular;28;aug;256;10;10;0;unknown;0;no
39;student;married;tertiary;no;3062;yes;no;cellular;1;jul;438;6;71;5;unknown;1;no
57;blue-collar;single;secondary;no;4020;yes;no;cellular;5;jun;525;5;362;2;other;1;no
45;student;married;tertiary;no;7859;no;yes;cellular;12;jan;26;6;32;0;unknown;1;yes
57;admin.;married;secondary;no;-2067;no;no;unknown;13;may;406;3;396;5;failure;0;yes
87;management;single;secondary;no;-606;no;no;unknown;6;nov;259;5;230;2;unknown;0;no
82;admin.;single;secondary;no;-119;no;no;cellular;9;sep;24;2;282;4;unknown;0;yes
33;entrepreneur;married;secondary;no;3882;yes;no;telephone;2;oct;318;4;341;4;unknown;0;no
87;blue-collar;single;primary;no;644;yes;no;cellular;26;feb;589;9;104;0;unknown;0;no
49;management;married;primary;no;2336;no;yes;cellular;23;jun;72;11;158;2;unknown;0;no
68;management;married;secondary;no;1765;yes;no;cellular;6;jul;174;6;20;5;unknown;0;no
73;entrepreneur;married;secondary;no;1405;no;no;cellular;12;oct;101;11;233;3;failure;0;yes
52;technician;single;secondary;no;1722;no;no;cellular;15;oct;196;3;108;3;unknown;0;yes
50;blue-collar;single;primary;no;4489;no;no;cellular;13;feb;252;3;266;5;unknown;0;no
50;unemployed;single;primary;no;-1511;no;no;cellular;12;oct;614;11;240;2;unknown;0;yes
80;services;single;secondary;no;954;yes;no;cellular;16;jan;33;7;132;2;other;0;yes
45;services;single;secondary;no;-2245;yes;no;cellular;26;jun;412;7;110;2;failure;0;yes
38;management;single;secondary;no;2079;no;no;cellular;15;mar;280;4;152;5;unknown;0;no
44;unemployed;divorced;primary;no;813;no;no;cellular;16;may;666;7;295;3;unknown;0;yes
32;services;married;secondary;no;4607;no;no;cellular;8;jun;255;11;-1;3;unknown;0;no
46;retired;married;tertiary;no;1385;yes;no;cellular;14;jul;209;3;392;5;unknown;0;no
26;blue-collar;married;tertiary;no;68;no;no;cellular;19;jan;389;9;176;1;success;0;yes
24;services;single;secondary;no;659;yes;no;unknown;17;feb;317;5;80;2;unknown;0;no
70;unemployed;married;tertiary;no;6570;yes;no;cellular;14;sep;407;4;81;3;success;0;yes
23;technician;married;secondary;no;-3310;no;yes;unknown;20;feb;332;4;397;3;unknown;0;yes
58;technician;divorced;secondary;no;-482;yes;yes;cellular;7;mar;75;10;222;1;unknown;1;yes
74;services;divorced;secondary;no;1508;yes;no;unknown;1;oct;324;3;196;0;unknown;0;yes
70;management;married;secondary;no;-509;yes;no;cellular;9;mar;319;5;201;2;unknown;0;yes
50;admin.;married;secondary;no;2872;no;yes;unknown;7;feb;72;10;163;2;failure;0;no
31;student;married;secondary;no;1230;yes;no;cellular;26;jun;277;6;89;1;unknown;0;no
85;management;married;tertiary;no;2167;yes;no;unknown;7;jun;147;2;74;5;failure;0;yes
78;housemaid;divorced;secondary;no;1753;yes;no;cellular;26;feb;271;11;43;1;unknown;0;no
62;self-employed;single;primary;no;1090;no;no;telephone;12;may;356;1;23;4;unknown;0;yes
24;housemaid;married;primary;no;-2472;yes;no;cellular;21;nov;411;10;259;5;unknown;0;yes
20;self-employed;married;primary;no;1928;no;no;cellular;17;dec;360;5;296;5;success;1;yes
40;technician;married;secondary;no;-3890;no;no;cellular;1;jan;42;8;162;5;failure;0;no
29;retired;married;primary;yes;-615;yes;no;cellular;26;sep;73;8;266;0;success;0;yes
79;housemaid;married;secondary;no;2867;yes;no;cellular;14;sep;408;3;144;4;unknown;0;no
32;unemployed;single;secondary;no;4969;yes;no;cellular;16;oct;300;4;305;2;unknown;0;yes
38;admin.;married;secondary;no;8448;yes;no;cellular;8;oct;318;2;327;5;unknown;0;yes
88;unemployed;divorced;tertiary;no;115;yes;no;cellular;6;sep;556;3;81;3;success;0;yes
76;housemaid;married;tertiary;no;-1195;no;no;cellular;2;nov;101;1;253;1;unknown;0;yes
33;self-employed;single;secondary;no;2966;yes;no;telephone;15;apr;580;1;297;0;failure;0;no
45;retired;married;secondary;no;7009;yes;yes;unknown;9;feb;107;5;241;4;unknown;0;yes
55;services;married;tertiary;no;5998;yes;no;cellular;13;may;384;10;249;3;unknown;1;yes
65;management;divorced;tertiary;no;-1705;yes;no;unknown;28;mar;217;5;72;1;unknown;0;no
85;management;single;secondary;no;978;yes;yes;cellular;19;mar;150;9;155;2;unknown;0;no
80;management;married;primary;no;3951;yes;no;cellular;21;jan;81;4;12;4;unknown;0;yes
88;management;married;tertiary;no;4159;no;no;unknown;18;jul;85;8;64;0;unknown;1;yes
20;blue-collar;single;primary;no;3175;yes;yes;telephone;5;oct;313;6;233;1;unknown;1;yes
35;admin.;divorced;tertiary;no;53;yes;no;cellular;19;jan;291;9;263;0;unknown;0;no
58;management;single;primary;no;3148;no;no;cellular;25;aug;410;8;150;3;success;0;yes
21;management;married;primary;no;4188;no;no;cellular;28;nov;81;10;363;2;failure;0;no
43;technician;married;tertiary;no;-1396;no;no;cellular;2;jun;369;7;184;4;unknown;0;no
29;self-employed;married;tertiary;no;5390;yes;no;unknown;1;mar;233;3;319;0;unknown;0;no
85;entrepreneur;married;secondary;no;4375;yes;no;unknown;28;sep;346;1;161;2;unknown;0;yes
22;student;single;tertiary;no;-825;yes;no;cellular;22;mar;322;9;393;2;unknown;0;no
28;unemployed;single;tertiary;no;4174;no;no;cellular;1;feb;125;3;351;4;unknown;0;yes
32;technician;married;secondary;no;3839;no;no;cellular;24;jun;270;2;55;5;unknown;0;no
28;self-employed;single;unknown;no;3953;yes;no;telephone;27;jan;312;5;375;1;unknown;1;no
58;blue-collar;single;secondary;no;6127;yes;no;cellular;7;apr;377;11;257;2;unknown;0;no
44;entrepreneur;single;primary;no;1368;yes;no;unknown;6;oct;521;4;308;3;unknown;0;no
83;retired;married;tertiary;no;2394;yes;no;cellular;22;feb;93;7;138;3;success;0;no
36;blue-collar;married;secondary;no;-6516;yes;no;cellular;9;jul;13;6;28;1;failure;0;yes
56;blue-collar;married;tertiary;no;4747;no;yes;cellular;3;dec;477;9;133;2;unknown;0;yes
65;management;married;primary;no;4458;yes;no;telephone;20;mar;37;9;76;4;unknown;0;no
63;unemployed;married;primary;no;5468;yes;no;unknown;16;apr;426;6;130;0;other;0;yes
75;housemaid;married;primary;no;-1410;no;no;cellular;8;sep;38;5;171;4;unknown;0;yes
32;admin.;married;secondary;yes;4286;yes;no;cellular;10;sep;94;5;262;4;failure;0;no
54;technician;married;tertiary;no;4456;no;no;cellular;14;jun;204;8;84;5;unknown;0;no
75;self-employed;divorced;secondary;no;-552;yes;yes;cellular;7;sep;70;8;312;4;unknown;1;no
80;unemployed;single;primary;no;4567;no;no;cellular;2;aug;25;3;52;1;unknown;0;yes
62;student;married;secondary;no;2789;yes;no;cellular;19;mar;114;4;218;2;unknown;0;yes
64;unemployed;divorced;secondary;no;-3694;yes;no;unknown;9;oct;353;8;341;4;success;1;no
80;entrepreneur;married;secondary;no;3153;yes;no;cellular;12;apr;217;7;278;1;unknown;0;yes
62;self-employed;married;secondary;no;-901;no;no;unknown;9;sep;222;9;181;4;unknown;0;no
86;entrepreneur;single;primary;no;-3627;yes;no;unknown;5;jul;207;1;137;4;unknown;0;yes
27;management;married;secondary;no;2499;yes;no;cellular;16;jul;216;10;252;0;failure;0;yes
43;blue-collar;married;secondary;no;1204;yes;yes;unknown;17;nov;123;10;196;1;unknown;0;no
26;services;married;secondary;yes;5611;yes;yes;telephone;15;nov;411;10;347;1;failure;0;no
24;management;married;secondary;no;1945;no;yes;unknown;15;sep;132;2;59;2;unknown;0;yes
51;entrepreneur;single;secondary;no;3735;no;no;cellular;21;aug;68;7;306;4;unknown;0;yes
34;technician;married;secondary;no;2926;no;yes;unknown;2;apr;491;7;15;1;failure;0;no
47;entrepreneur;married;primary;no;4462;yes;no;cellular;22;sep;273;4;377;0;unknown;0;no
49;unemployed;married;secondary;no;-1259;no;no;cellular;23;jan;184;10;178;2;unknown;0;no
62;management;married;tertiary;no;1995;no;no;unknown;5;feb;283;1;-1;5;unknown;0;yes
86;admin.;married;secondary;no;977;yes;no;unknown;28;aug;97;8;390;5;unknown;0;yes
79;entrepreneur;divorced;tertiary;no;3361;yes;no;cellular;13;apr;480;7;77;2;failure;0;yes
45;self-employed;single;secondary;no;2167;no;no;cellular;10;jun;404;6;368;1;unknown;0;yes
41;housemaid;married;secondary;no;-442;no;no;unknown;9;dec;639;9;290;2;unknown;0;yes
73;retired;single;tertiary;yes;386;yes;no;cellular;28;may;160;6;358;2;unknown;0;yes
26;entrepreneur;married;secondary;no;6345;no;no;cellular;16;jun;23;1;248;1;unknown;0;no
56;retired;married;secondary;no;-3683;no;yes;cellular;28;aug;111;5;141;3;failure;0;yes
48;management;married;primary;no;3528;no;no;cellular;21;sep;116;11;186;3;unknown;0;no
31;management;married;secondary;no;5124;no;no;cellular;14;dec;297;1;298;1;unknown;0;yes
62;services;single;secondary;no;3136;yes;no;telephone;1;apr;146;1;181;4;unknown;1;yes
41;student;divorced;tertiary;no;7313;yes;no;cellular;26;nov;218;9;374;5;unknown;0;no
31;entrepreneur;married;secondary;no;4215;no;yes;cellular;7;mar;17;2;217;4;unknown;0;no
65;technician;married;secondary;no;2552;no;no;cellular;22;aug;117;11;18;0;other;0;no
30;self-employed;single;secondary;no;0;yes;no;unknown;4;jan;496;6;23;2;unknown;0;yes
66;technician;married;secondary;no;2608;no;yes;cellular;24;dec;420;8;175;0;unknown;0;yes
29;unemployed;married;tertiary;no;3445;no;no;cellular;1;oct;365;8;6;2;unknown;0;no
49;technician;divorced;primary;no;1410;yes;no;unknown;4;may;347;10;145;3;unknown;0;no
76;management;single;tertiary;no;-828;yes;no;unknown;9;nov;167;11;100;5;unknown;0;no
34;entrepreneur;divorced;primary;no;-2212;yes;no;cellular;22;feb;210;10;336;3;unknown;0;yes
73;student;married;secondary;no;1956;yes;no;unknown;28;may;94;8;351;1;unknown;0;no
69;student;married;primary;no;-3040;no;yes;cellular;7;jun;26;4;228;1;unknown;0;no
82;self-employed;married;tertiary;no;-14;yes;no;cellular;17;aug;245;4;319;3;unknown;0;no
30;services;divorced;secondary;no;-5895;no;yes;unknown;21;aug;3;4;399;0;unknown;0;no
69;technician;married;secondary;no;3899;yes;no;cellular;25;jan;357;11;377;1;unknown;0;no
85;self-employed;married;tertiary;no;4862;no;no;cellular;7;oct;210;6;16;0;unknown;0;no
72;student;married;secondary;no;1636;yes;no;unknown;4;feb;160;1;172;5;unknown;0;no
31;management;single;primary;no;6894;no;no;cellular;22;dec;98;2;121;1;unknown;1;no
77;admin.;single;tertiary;no;5442;yes;no;unknown;1;may;310;7;96;2;unknown;0;yes
25;entrepreneur;single;secondary;no;2839;no;no;cellular;26;jul;355;1;218;2;unknown;1;yes
60;admin.;married;primary;no;1060;yes;no;cellular;12;may;43;8;16;4;unknown;0;no
53;admin.;single;secondary;no;351;yes;no;cellular;15;may;115;1;83;3;failure;0;yes
56;student;married;tertiary;no;3087;yes;no;cellular;14;jun;182;8;75;1;unknown;0;yes
55;blue-collar;married;secondary;no;976;yes;no;unknown;13;apr;284;6;387;3;unknown;0;no
20;technician;married;tertiary;no;3044;no;no;unknown;1;nov;281;8;366;4;unknown;0;yes
54;entrepreneur;married;tertiary;no;3267;yes;no;cellular;5;aug;199;6;275;4;unknown;0;yes
85;retired;married;secondary;no;711;no;yes;telephone;10;jun;361;5;171;1;unknown;0;no
49;blue-collar;divorced;secondary;no;4687;yes;yes;cellular;7;sep;192;1;240;0;unknown;0;yes
37;self-employed;married;tertiary;no;714;yes;yes;telephone;23;jan;59;7;260;4;unknown;0;no
89;services;married;secondary;no;1464;no;yes;cellular;28;aug;487;2;49;3;unknown;0;no
25;entrepreneur;single;primary;no;-1532;yes;no;cellular;6;mar;415;10;76;0;unknown;0;no
53;self-employed;single;secondary;no;588;no;no;cellular;21;mar;55;9;315;0;unknown;0;yes
54;retired;married;tertiary;no;7874;yes;no;cellular;15;aug;255;11;366;0;unknown;0;yes
52;student;single;secondary;no;-1301;no;yes;cellular;22;jun;480;6;388;3;unknown;0;yes
84;retired;married;secondary;no;2713;no;no;cellular;22;mar;159;11;95;1;unknown;1;no
48;blue-collar;married;primary;no;36;yes;yes;unknown;23;jan;374;9;319;1;failure;1;no
88;self-employed;single;primary;no;-5241;no;no;cellular;27;aug;442;10;268;5;unknown;0;yes
22;unemployed;single;unknown;no;3076;yes;no;cellular;17;jul;273;3;223;3;unknown;0;yes
70;self-employed;married;secondary;no;-268;no;no;cellular;26;mar;648;9;56;0;failure;0;yes
60;housemaid;married;tertiary;no;2357;yes;yes;cellular;13;mar;349;7;271;2;unknown;0;yes
35;entrepreneur;married;tertiary;no;4369;yes;yes;cellular;2;sep;240;9;34;2;unknown;0;yes
34;services;married;secondary;no;2103;yes;no;unknown;10;nov;186;3;210;4;unknown;1;yes
69;retired;divorced;tertiary;no;2384;no;no;cellular;20;dec;210;3;133;3;unknown;1;no
63;self-employed;married;unknown;no;-1203;no;no;unknown;1;oct;107;11;9;0;success;0;no
62;unemployed;divorced;tertiary;no;3520;no;no;cellular;24;mar;2;5;145;1;failure;0;yes
21;management;married;tertiary;no;830;no;no;unknown;23;sep;40;11;347;3;unknown;0;yes
61;management;single;secondary;no;-4595;no;no;cellular;7;may;191;3;307;1;unknown;0;yes
88;housemaid;married;tertiary;no;3881;no;no;cellular;25;feb;380;4;88;1;unknown;0;no
19;technician;married;primary;no;4798;yes;no;unknown;22;mar;285;5;295;5;unknown;0;yes
51;technician;married;tertiary;no;5843;yes;no;cellular;10;jun;253;2;121;0;success;0;yes
53;housemaid;married;secondary;no;7912;no;yes;cellular;26;apr;644;5;161;1;unknown;0;no
82;management;divorced;secondary;no;3720;yes;yes;telephone;15;mar;556;2;365;3;unknown;1;yes
38;housemaid;single;tertiary;no;2941;no;no;cellular;13;oct;37;2;202;4;unknown;0;no
52;blue-collar;single;secondary;no;4674;yes;no;cellular;17;jan;360;2;297;4;unknown;0;yes
69;student;married;primary;no;-1260;yes;yes;unknown;28;dec;17;4;394;1;unknown;0;no
22;blue-collar;single;tertiary;no;-3615;no;no;cellular;19;may;273;7;217;3;unknown;0;yes
75;self-employed;single;tertiary;no;-31;yes;no;unknown;15;apr;54;5;192;4;unknown;0;no
77;self-employed;single;secondary;no;5231;no;no;unknown;19;apr;98;2;97;0;unknown;0;yes
69;services;single;tertiary;no;-583;no;no;unknown;21;sep;344;11;238;3;unknown;0;yes
64;student;single;tertiary;no;2796;no;no;cellular;6;dec;129;3;328;3;failure;0;no
71;housemaid;married;tertiary;no;3119;no;no;cellular;15;apr;4;8;380;1;unknown;0;no
74;technician;divorced;secondary;no;2132;yes;no;unknown;20;dec;82;5;210;4;unknown;1;no
83;admin.;married;secondary;no;-2432;yes;yes;unknown;6;nov;31;1;96;2;failure;0;yes
48;services;married;tertiary;no;2428;no;no;telephone;22;dec;302;9;215;0;unknown;0;yes
50;admin.;divorced;tertiary;no;135;yes;no;unknown;1;aug;460;2;397;2;unknown;0;yes
63;management;married;primary;no;6508;yes;no;cellular;1;jan;180;2;71;2;unknown;0;yes
31;student;married;secondary;no;4810;yes;no;cellular;11;apr;425;1;241;4;unknown;0;no
79;blue-collar;married;secondary;no;241;no;no;cellular;18;jul;105;2;172;1;unknown;0;yes
73;admin.;married;tertiary;no;6697;no;no;cellular;4;oct;199;4;295;4;unknown;0;yes
63;blue-collar;divorced;tertiary;no;2431;yes;no;cellular;12;jan;576;1;138;4;unknown;0;yes
39;services;single;secondary;no;-3614;yes;no;cellular;6;jul;184;2;187;3;unknown;0;no
43;self-employed;married;primary;no;1165;no;no;cellular;25;aug;433;1;113;2;unknown;0;yes
49;admin.;divorced;secondary;no;6305;yes;no;cellular;21;jan;75;3;383;0;unknown;0;no
65;housemaid;single;tertiary;no;-1059;yes;no;cellular;27;jul;215;2;186;1;unknown;1;no
74;retired;divorced;secondary;no;1195;yes;no;cellular;11;jun;48;4;363;1;unknown;0;yes
66;admin.;married;primary;no;-2679;no;yes;cellular;17;jun;233;9;335;3;unknown;0;no
84;entrepreneur;married;secondary;no;-2203;yes;no;cellular;11;sep;267;2;199;5;unknown;0;no
87;blue-collar;married;tertiary;no;-1102;yes;no;cellular;12;jan;371;11;122;4;unknown;0;yes
68;housemaid;married;secondary;no;-2282;yes;no;cellular;16;oct;104;6;222;5;unknown;0;no
44;unemployed;single;primary;no;-454;yes;no;cellular;27;feb;186;3;93;2;unknown;0;no
61;housemaid;married;secondary;no;6614;no;no;unknown;25;sep;457;2;195;0;unknown;0;no
48;blue-collar;married;unknown;no;1291;no;no;cellular;8;apr;21;3;352;5;unknown;0;no
63;admin.;single;secondary;no;3756;no;no;cellular;9;jul;275;9;266;5;unknown;0;yes
76;technician;married;secondary;no;4674;yes;no;unknown;14;mar;89;2;307;3;unknown;0;no
44;blue-collar;married;primary;no;-1925;yes;no;cellular;22;dec;342;7;216;2;unknown;0;no
54;retired;single;secondary;no;-1094;no;no;cellular;10;mar;236;1;223;0;unknown;1;no
21;housemaid;divorced;tertiary;no;3697;yes;no;unknown;2;may;28;5;237;4;unknown;0;yes
71;retired;married;tertiary;no;-502;no;no;cellular;5;nov;234;10;270;5;unknown;0;no
53;self-employed;divorced;secondary;no;3498;yes;no;unknown;12;may;146;9;108;2;other;0;no
51;services;single;tertiary;no;6431;no;no;cellular;26;jan;93;6;28;4;failure;0;yes
56;retired;single;secondary;no;-2966;yes;no;unknown;20;mar;151;3;82;0;unknown;1;no
33;housemaid;married;tertiary;no;329;yes;no;unknown;8;mar;368;4;293;1;unknown;0;yes
61;technician;single;primary;no;805;yes;no;unknown;17;jan;164;4;383;3;failure;0;no
71;management;single;secondary;no;-179;yes;no;cellular;23;dec;82;3;355;1;unknown;0;no
43;housemaid;married;tertiary;no;-423;yes;no;cellular;8;oct;565;8;379;0;unknown;0;yes
27;unemployed;divorced;tertiary;no;-76;yes;no;cellular;22;nov;21;2;186;2;unknown;0;yes
45;housemaid;divorced;tertiary;no;1354;no;no;cellular;19;jul;294;11;115;4;failure;0;yes
32;blue-collar;married;secondary;no;1894;yes;no;unknown;19;may;387;2;335;0;unknown;0;no
44;self-employed;single;tertiary;no;4260;yes;no;cellular;4;nov;304;7;157;2;success;0;yes
63;self-employed;married;tertiary;no;1324;yes;yes;cellular;4;oct;173;8;225;5;unknown;0;no
26;student;single;secondary;no;4754;yes;no;cellular;13;sep;143;8;371;0;unknown;0;no
71;technician;single;secondary;no;-375;no;yes;cellular;12;feb;454;8;8;0;unknown;0;no
34;unemployed;married;secondary;no;-2204;yes;yes;cellular;9;nov;13;5;311;5;unknown;0;yes
82;technician;married;secondary;no;485;no;no;cellular;26;aug;414;2;-1;1;unknown;0;yes
70;services;married;tertiary;no;2787;no;no;cellular;7;sep;442;7;237;3;unknown;0;yes
37;management;divorced;secondary;no;3981;yes;no;cellular;11;nov;24;3;45;3;other;0;yes
58;entrepreneur;married;primary;no;5780;yes;no;unknown;2;apr;27;3;304;3;unknown;0;yes
25;retired;divorced;secondary;no;2270;yes;no;cellular;1;jun;141;10;385;4;unknown;0;no
25;self-employed;married;tertiary;no;3659;yes;no;cellular;10;may;403;2;214;3;unknown;0;yes
86;management;married;primary;no;5506;yes;no;cellular;21;mar;100;6;382;5;unknown;0;no
75;unemployed;divorced;tertiary;no;-937;no;no;cellular;17;jul;238;5;275;3;failure;0;no
29;housemaid;single;primary;no;769;no;no;cellular;20;jul;119;2;10;0;other;0;no
38;student;married;secondary;no;9712;yes;no;unknown;22;apr;377;11;141;3;unknown;0;no
32;services;married;tertiary;no;3969;no;no;cellular;17;sep;93;8;143;0;unknown;0;yes
46;housemaid;married;secondary;no;2932;no;no;telephone;13;apr;75;6;379;2;unknown;0;no
38;admin.;married;tertiary;no;4081;yes;no;cellular;11;nov;13;10;378;4;unknown;0;yes
41;blue-collar;married;primary;no;-2607;yes;yes;telephone;2;sep;7;4;309;5;unknown;1;no
56;retired;single;secondary;no;-540;yes;no;unknown;10;may;432;4;218;1;unknown;0;no
31;student;married;secondary;no;-1636;yes;no;telephone;14;sep;148;1;18;0;unknown;0;yes
81;housemaid;married;tertiary;no;2655;yes;no;cellular;7;apr;29;9;315;0;unknown;1;no
70;student;married;primary;no;293;yes;no;cellular;4;aug;114;11;161;2;unknown;1;no
72;self-employed;married;secondary;no;1686;no;no;cellular;17;sep;165;10;76;0;unknown;0;no
30;retired;divorced;secondary;no;466;yes;no;cellular;14;mar;55;1;338;1;unknown;0;yes
68;housemaid;married;unknown;no;-3479;no;no;cellular;28;mar;17;4;35;5;unknown;1;no
78;admin.;married;tertiary;no;4054;yes;no;telephone;23;feb;65;11;249;2;unknown;0;no
30;unemployed;single;tertiary;no;-3886;yes;no;unknown;22;mar;244;11;128;4;unknown;0;no
72;admin.;divorced;secondary;no;-782;yes;no;cellular;14;sep;12;3;327;0;unknown;0;yes
43;entrepreneur;single;secondary;no;-2546;yes;no;telephone;19;mar;158;5;275;2;success;0;yes
74;student;single;tertiary;no;-1239;yes;no;cellular;25;nov;397;7;67;2;unknown;0;no
52;entrepreneur;divorced;tertiary;no;2005;yes;no;cellular;16;may;109;2;371;3;failure;0;yes
75;self-employed;single;tertiary;no;5105;no;no;cellular;8;apr;7;5;20;3;unknown;0;yes
28;services;divorced;tertiary;no;-3282;yes;no;cellular;20;jun;431;9;310;5;failure;1;no
46;student;married;tertiary;no;-271;yes;no;cellular;4;aug;202;9;202;5;unknown;0;no
37;unemployed;single;primary;no;-3847;yes;no;unknown;15;sep;185;2;160;5;unknown;0;no
35;entrepreneur;divorced;secondary;no;-416;yes;no;cellular;24;sep;324;6;189;4;unknown;0;yes
40;housemaid;divorced;unknown;no;1615;yes;no;cellular;24;feb;202;3;145;3;unknown;0;no
45;entrepreneur;married;secondary;no;3701;yes;no;cellular;22;nov;233;9;311;4;unknown;0;no
27;management;single;primary;no;-4955;yes;no;cellular;17;jun;94;8;347;5;unknown;0;no
68;unemployed;married;secondary;no;3051;yes;yes;cellular;10;nov;52;8;338;3;unknown;0;no
57;entrepreneur;single;secondary;no;-1517;no;no;telephone;7;aug;592;6;204;4;unknown;0;no
77;self-employed;married;tertiary;yes;-2248;no;no;cellular;14;jan;11;5;374;3;success;0;no
68;blue-collar;single;tertiary;no;1602;yes;no;cellular;16;jul;233;1;179;3;unknown;0;no
28;blue-collar;single;primary;no;3281;yes;yes;cellular;9;oct;568;9;181;2;unknown;0;yes
23;blue-collar;married;secondary;no;1098;no;no;cellular;7;oct;357;9;109;2;unknown;0;yes
48;technician;married;primary;no;-1879;yes;no;cellular;22;sep;278;5;321;2;unknown;0;yes
52;admin.;married;tertiary;no;1097;yes;no;cellular;15;nov;59;1;274;5;unknown;0;no
35;admin.;single;primary;no;-775;no;yes;unknown;14;jul;95;7;229;0;unknown;1;yes
74;entrepreneur;single;secondary;no;3212;yes;no;unknown;23;mar;158;3;55;1;unknown;0;no
59;retired;single;secondary;no;4626;yes;no;cellular;28;jan;287;11;141;2;unknown;0;no
71;self-employed;married;secondary;no;4434;yes;no;cellular;21;nov;474;7;151;3;unknown;0;no
25;entrepreneur;single;secondary;no;1340;yes;no;cellular;22;aug;243;11;226;0;failure;0;no
76;technician;single;tertiary;no;4767;yes;no;unknown;8;nov;105;9;299;0;failure;0;no
32;technician;married;secondary;no;-1662;yes;no;cellular;25;oct;200;10;63;1;unknown;0;no
50;retired;married;primary;no;6748;no;no;cellular;21;may;324;6;268;0;unknown;0;no
49;student;married;secondary;no;-1679;yes;no;unknown;16;mar;287;11;226;4;unknown;0;no
77;admin.;married;secondary;no;-4690;yes;no;cellular;4;oct;170;5;48;0;unknown;0;no
37;services;married;secondary;no;5496;yes;no;unknown;15;nov;4;5;80;5;unknown;0;no
35;admin.;married;tertiary;no;-730;no;no;cellular;19;jul;435;11;139;1;unknown;0;yes
42;retired;married;secondary;no;1750;yes;no;cellular;6;mar;167;4;222;3;other;0;no
43;student;married;tertiary;no;-1692;yes;no;cellular;9;oct;269;4;154;4;unknown;0;yes
31;entrepreneur;married;primary;no;8490;no;no;unknown;22;nov;84;6;293;2;unknown;0;no
30;blue-collar;single;tertiary;no;6865;yes;no;cellular;18;sep;79;7;88;1;unknown;0;yes
34;technician;married;secondary;no;6039;yes;no;cellular;7;jul;319;6;167;4;unknown;0;yes
51;management;married;secondary;no;1665;yes;yes;cellular;25;dec;33;8;75;4;success;0;no
42;blue-collar;single;secondary;no;4342;no;no;cellular;24;dec;12;6;86;3;unknown;0;yes
46;management;married;secondary;no;1240;no;no;telephone;4;mar;521;11;200;5;unknown;0;no
69;entrepreneur;married;secondary;no;4766;yes;no;cellular;2;apr;385;10;75;4;failure;0;yes
35;student;married;tertiary;no;168;no;no;cellular;20;sep;303;9;130;3;unknown;0;yes
83;services;married;secondary;no;6154;no;no;telephone;3;feb;5;4;262;4;success;0;no
72;services;single;unknown;no;17;yes;no;cellular;20;jan;264;2;240;4;unknown;0;no
30;technician;married;tertiary;no;358;yes;yes;telephone;16;jul;205;1;285;4;unknown;1;yes
40;entrepreneur;married;secondary;no;0;yes;no;cellular;22;dec;131;9;254;4;unknown;0;no
31;blue-collar;single;tertiary;no;1977;yes;no;unknown;1;nov;202;2;376;5;failure;0;no
37;management;divorced;secondary;no;235;no;no;cellular;28;mar;66;7;381;2;unknown;0;no
44;services;married;secondary;no;2861;yes;no;cellular;3;mar;193;5;161;3;unknown;0;no
27;admin.;married;secondary;no;-42;yes;no;unknown;14;may;279;9;233;1;unknown;0;no
19;blue-collar;married;tertiary;no;3772;yes;no;unknown;23;dec;252;10;33;2;unknown;0;yes
49;entrepreneur;single;primary;no;5955;yes;no;cellular;4;nov;270;2;327;4;unknown;0;yes
68;services;single;secondary;no;1632;no;no;cellular;21;nov;373;6;232;4;other;0;yes
39;admin.;single;secondary;no;8054;yes;no;unknown;20;jun;322;11;363;1;unknown;0;yes
79;blue-collar;married;secondary;no;4782;yes;no;unknown;25;jan;516;5;44;5;unknown;0;no
44;entrepreneur;married;secondary;no;7814;no;no;cellular;16;aug;455;9;166;2;unknown;0;yes
82;management;single;secondary;no;1216;no;no;cellular;9;nov;231;9;204;4;unknown;0;no
34;services;married;tertiary;no;-3584;yes;no;cellular;23;may;251;10;64;0;unknown;0;no
56;technician;divorced;secondary;no;-718;yes;no;unknown;5;mar;264;1;113;4;unknown;0;no
72;housemaid;married;secondary;no;-412;no;no;cellular;23;jul;86;10;107;3;unknown;0;no
22;self-employed;married;unknown;no;-1459;yes;no;unknown;5;mar;404;1;260;3;unknown;0;no
84;housemaid;married;tertiary;no;-5187;no;no;cellular;21;nov;337;2;271;0;unknown;0;yes
44;blue-collar;married;primary;no;4473;no;yes;telephone;2;may;111;2;256;3;unknown;0;no
53;entrepreneur;single;secondary;no;-4180;no;yes;cellular;12;nov;529;9;124;4;unknown;0;yes
63;retired;married;primary;no;4186;no;no;cellular;25;aug;134;2;46;1;success;1;no
64;admin.;single;tertiary;no;7956;no;no;cellular;14;jun;195;8;47;2;failure;0;no
19;retired;single;secondary;no;-934;yes;no;unknown;1;jun;191;4;316;3;unknown;0;no
80;entrepreneur;divorced;secondary;no;2562;no;no;telephone;26;sep;185;8;50;4;unknown;0;yes
62;entrepreneur;single;secondary;yes;204;no;no;cellular;17;mar;698;8;338;4;unknown;1;yes
89;student;divorced;secondary;no;3881;yes;no;unknown;13;jun;167;5;129;2;unknown;0;no
51;student;divorced;primary;no;-2183;no;no;cellular;25;nov;155;11;245;2;unknown;0;no
62;services;married;tertiary;no;1004;no;no;unknown;17;dec;223;3;52;4;unknown;0;no
49;admin.;divorced;secondary;no;4763;no;no;cellular;17;jan;50;1;327;0;unknown;0;no
82;management;divorced;secondary;no;1253;yes;no;cellular;20;sep;278;7;366;5;other;0;no
77;self-employed;married;tertiary;no;-3485;yes;no;cellular;5;nov;55;1;378;2;unknown;0;yes
83;housemaid;single;secondary;no;5124;no;no;unknown;4;jun;320;4;-1;2;success;1;yes
54;technician;married;primary;no;-2487;no;no;telephone;18;mar;11;6;364;0;unknown;0;yes
74;technician;single;secondary;no;1636;yes;no;cellular;22;jun;102;11;88;2;failure;0;no
43;unemployed;married;tertiary;no;3147;yes;no;unknown;27;nov;19;8;230;2;failure;0;no
51;entrepreneur;single;primary;no;1759;no;yes;unknown;1;mar;113;7;371;4;unknown;0;yes
72;student;married;tertiary;no;9012;yes;no;telephone;3;apr;137;6;256;5;unknown;0;yes
23;housemaid;single;secondary;no;3601;no;no;cellular;28;dec;269;4;321;5;unknown;0;no
69;services;married;secondary;no;792;no;yes;cellular;5;aug;155;10;89;5;unknown;0;no
19;admin.;single;secondary;no;3207;yes;no;cellular;16;apr;87;1;369;1;unknown;0;no
59;unemployed;married;primary;no;2029;no;no;cellular;14;sep;566;2;252;2;unknown;0;no
52;unemployed;single;secondary;no;1533;yes;no;cellular;5;mar;148;2;350;4;unknown;0;yes
51;student;married;tertiary;no;2131;yes;no;cellular;22;sep;361;7;-1;4;unknown;1;yes
53;unemployed;married;secondary;no;97;yes;no;cellular;22;jun;281;4;164;0;unknown;0;no
53;blue-collar;married;secondary;no;2038;no;no;cellular;8;nov;7;1;325;5;unknown;0;yes
47;management;divorced;tertiary;no;-116;no;no;unknown;24;sep;135;2;31;5;failure;0;yes
50;admin.;married;primary;no;-4288;yes;yes;cellular;17;feb;368;8;84;5;unknown;1;yes
58;self-employed;single;secondary;no;4820;no;no;cellular;6;sep;355;6;331;4;success;1;yes
72;self-employed;married;secondary;no;-296;yes;no;cellular;8;aug;393;6;380;3;unknown;0;no
57;technician;single;primary;no;1824;no;no;cellular;2;apr;88;8;145;5;unknown;0;no
64;entrepreneur;married;unknown;no;-881;no;no;cellular;16;jul;336;6;58;0;unknown;0;yes
78;retired;married;unknown;no;-790;yes;no;cellular;15;apr;99;10;40;0;unknown;0;no
89;retired;married;secondary;no;-1716;yes;no;cellular;6;sep;422;7;328;3;unknown;0;no
25;self-employed;married;tertiary;yes;4244;yes;no;cellular;18;mar;416;8;307;0;failure;0;no
69;self-employed;married;primary;no;4969;yes;yes;unknown;9;may;54;4;264;1;unknown;0;no
34;services;married;unknown;no;1477;no;yes;cellular;5;aug;275;7;4;2;unknown;0;yes
32;management;married;tertiary;no;-209;no;no;cellular;6;jan;0;3;139;4;other;0;no
75;self-employed;divorced;secondary;no;-3679;yes;no;unknown;16;dec;385;3;82;0;unknown;0;no
22;student;married;secondary;no;3786;yes;no;cellular;26;jan;5;11;220;5;unknown;0;no
79;admin.;divorced;tertiary;no;-629;yes;no;telephone;15;nov;284;10;260;0;unknown;1;yes
73;self-employed;married;secondary;no;-1951;no;no;telephone;18;aug;367;5;348;4;unknown;0;no
89;blue-collar;married;secondary;no;1487;no;yes;cellular;25;jul;233;4;91;0;unknown;0;no
66;unemployed;married;secondary;no;397;yes;no;cellular;19;jun;392;7;224;4;unknown;0;no
80;admin.;married;primary;no;-3154;yes;no;cellular;23;may;278;8;20;0;unknown;0;no
26;entrepreneur;married;primary;no;-2742;yes;no;unknown;16;sep;533;1;67;5;other;0;no
82;entrepreneur;divorced;secondary;no;2409;yes;no;unknown;4;may;0;9;271;0;unknown;0;no
29;entrepreneur;single;tertiary;no;-567;yes;no;telephone;19;jul;143;1;219;2;unknown;0;no
40;housemaid;single;secondary;no;2930;yes;no;cellular;20;oct;163;1;117;2;unknown;0;no
27;student;married;secondary;no;1839;no;no;cellular;13;aug;160;6;188;2;unknown;0;yes
46;self-employed;married;secondary;no;4542;yes;no;telephone;15;aug;17;8;366;3;unknown;0;yes
71;housemaid;single;secondary;no;-1096;no;no;cellular;3;jul;57;4;125;4;unknown;0;no
37;student;married;secondary;no;2098;no;yes;unknown;14;jan;91;11;19;0;unknown;0;no
77;entrepreneur;married;primary;no;3314;yes;yes;unknown;26;jan;125;5;35;0;unknown;0;no
61;entrepreneur;married;secondary;no;-478;yes;yes;cellular;5;jan;270;8;135;3;unknown;0;no
63;blue-collar;married;secondary;no;4781;yes;no;cellular;18;apr;315;6;213;0;success;0;no
85;housemaid;single;secondary;no;-3598;no;no;cellular;21;jun;420;6;358;3;unknown;0;no
49;admin.;married;secondary;no;-1098;yes;no;cellular;21;mar;408;4;217;0;unknown;1;no
42;blue-collar;married;tertiary;no;-3711;no;no;cellular;25;jul;5;5;26;1;unknown;0;no
89;retired;divorced;primary;no;-807;no;yes;telephone;6;nov;71;5;71;3;unknown;0;no
58;student;divorced;tertiary;no;936;yes;no;cellular;6;dec;258;2;349;1;unknown;0;yes
62;admin.;married;secondary;no;3894;yes;no;cellular;10;aug;261;9;50;3;success;0;no
39;entrepreneur;married;primary;no;934;yes;no;cellular;1;feb;496;3;333;5;unknown;0;no
33;services;single;secondary;yes;-386;yes;yes;cellular;1;sep;162;1;312;2;unknown;0;no
30;self-employed;married;secondary;no;-3247;yes;no;cellular;18;oct;373;10;47;1;unknown;0;yes
34;self-employed;married;secondary;no;-2242;no;no;unknown;9;oct;191;8;219;1;unknown;0;yes
32;services;married;tertiary;yes;2330;yes;no;cellular;28;nov;291;5;220;5;unknown;0;no
71;self-employed;married;tertiary;no;4044;yes;yes;unknown;24;jan;297;9;36;5;failure;0;no
22;blue-collar;divorced;secondary;no;142;no;no;cellular;20;may;215;2;42;1;unknown;0;no
63;student;single;unknown;no;5033;no;no;telephone;23;aug;24;4;72;0;success;0;yes
86;housemaid;divorced;secondary;no;-1449;yes;no;cellular;8;feb;275;5;370;1;unknown;0;no
73;admin.;single;primary;no;228;yes;no;cellular;20;may;348;6;18;4;unknown;1;no
47;services;single;tertiary;no;481;no;yes;cellular;25;mar;241;5;394;5;other;0;yes
22;retired;single;secondary;no;5988;yes;no;unknown;5;mar;332;5;237;0;unknown;0;yes
78;services;single;primary;no;1800;yes;no;cellular;16;aug;184;4;134;3;unknown;0;yes
18;technician;married;primary;no;-3995;no;no;cellular;28;aug;355;5;119;3;unknown;0;no
67;student;married;secondary;no;4254;no;no;cellular;15;jan;24;1;384;4;unknown;0;no
66;self-employed;married;secondary;no;6937;yes;no;telephone;23;sep;433;1;167;4;other;0;no
31;retired;married;secondary;no;650;yes;no;cellular;2;nov;97;5;105;3;unknown;1;no
71;services;married;secondary;no;-1291;no;no;cellular;10;jan;156;8;368;2;unknown;0;no
30;technician;married;tertiary;no;3992;yes;no;telephone;2;oct;261;10;238;5;unknown;0;no
34;student;single;tertiary;no;7292;no;no;cellular;21;sep;35;10;298;1;failure;0;yes
76;management;married;primary;no;3946;yes;no;cellular;17;oct;402;4;91;0;unknown;0;yes
88;admin.;married;primary;no;-3469;no;no;cellular;6;dec;472;7;392;4;failure;0;no
37;retired;married;secondary;no;3664;no;no;cellular;23;sep;0;4;2;0;unknown;0;no
84;retired;married;primary;no;2612;yes;no;unknown;16;may;182;1;381;4;unknown;1;no
83;unemployed;divorced;secondary;yes;-1463;no;no;telephone;22;feb;598;8;136;0;unknown;1;no
73;management;married;secondary;no;5266;yes;yes;unknown;20;nov;439;1;-1;5;unknown;0;yes
28;student;married;tertiary;no;2715;no;no;cellular;27;sep;102;2;173;4;unknown;0;yes
39;entrepreneur;married;secondary;no;5344;no;yes;cellular;7;jun;453;10;159;5;unknown;0;yes
66;student;single;secondary;no;-1784;no;no;unknown;15;aug;464;10;72;1;unknown;0;no
89;retired;single;secondary;no;2596;yes;no;cellular;5;jul;342;7;342;2;success;0;yes
76;entrepreneur;married;tertiary;no;-1285;no;yes;unknown;18;jan;48;6;203;4;success;0;yes
48;retired;married;secondary;no;2143;no;no;cellular;11;apr;311;9;4;5;unknown;0;yes
34;entrepreneur;single;tertiary;no;5831;yes;yes;cellular;18;apr;269;6;371;0;other;1;no
87;housemaid;divorced;tertiary;no;-2879;no;no;unknown;3;aug;246;9;187;2;unknown;0;yes
37;management;married;secondary;no;-2707;yes;no;unknown;11;jun;337;2;324;1;failure;0;no
42;student;married;secondary;no;4266;no;no;unknown;13;jun;120;11;36;2;unknown;0;no
87;self-employed;married;secondary;no;1357;no;no;unknown;1;jul;100;1;161;0;unknown;0;no
58;self-employed;married;secondary;no;4913;yes;no;cellular;4;nov;406;9;277;3;success;0;no
37;services;single;secondary;no;-1021;yes;no;cellular;24;mar;221;10;164;5;unknown;0;yes
18;entrepreneur;divorced;secondary;no;1553;no;no;cellular;14;feb;106;1;1;4;unknown;0;yes
48;technician;divorced;tertiary;no;3464;yes;no;cellular;2;jul;184;3;346;4;unknown;0;yes
88;technician;single;primary;no;2030;yes;yes;cellular;4;nov;167;4;241;0;unknown;0;no
49;student;married;secondary;no;-3966;yes;no;cellular;27;dec;150;5;225;0;success;1;no
68;technician;divorced;secondary;no;9867;yes;no;unknown;5;apr;308;2;67;4;unknown;0;no
36;self-employed;married;secondary;no;2036;yes;yes;telephone;24;may;45;6;163;3;unknown;1;no
73;retired;married;tertiary;no;-2621;yes;no;cellular;7;oct;524;11;347;0;failure;0;no
73;management;single;secondary;no;2342;no;no;telephone;3;feb;264;1;106;2;other;0;no
61;admin.;married;secondary;no;2687;no;no;unknown;24;may;147;10;62;5;unknown;0;yes
73;entrepreneur;single;secondary;no;4381;no;no;unknown;4;jun;275;8;374;5;unknown;0;yes
59;entrepreneur;divorced;secondary;no;4181;yes;no;cellular;23;apr;33;5;140;4;unknown;0;no
45;blue-collar;single;tertiary;no;758;no;no;cellular;21;jun;214;6;192;0;unknown;0;yes
71;housemaid;single;primary;no;-3766;yes;no;cellular;28;dec;189;2;-1;1;unknown;0;no
78;management;married;tertiary;no;2784;no;no;unknown;16;dec;355;10;126;0;unknown;0;no
78;unemployed;married;secondary;no;-3527;no;no;unknown;26;may;353;1;371;0;unknown;0;no
33;management;single;tertiary;no;5045;yes;yes;cellular;19;jun;264;2;359;0;unknown;0;no
66;unemployed;single;secondary;no;-798;no;no;cellular;1;dec;601;8;397;5;unknown;0;yes
18;technician;divorced;secondary;no;3304;no;no;cellular;9;mar;75;2;270;5;unknown;0;yes
59;blue-collar;married;primary;no;-568;yes;no;cellular;1;jul;493;1;298;4;unknown;0;no
59;unemployed;married;tertiary;no;-76;no;no;cellular;25;mar;498;3;353;5;unknown;0;no
44;unemployed;married;secondary;no;-1002;no;no;unknown;12;aug;287;7;26;3;unknown;0;no
89;retired;single;secondary;no;3548;yes;no;cellular;16;jan;311;4;115;0;unknown;0;no
81;entrepreneur;single;tertiary;no;-464;yes;no;cellular;23;mar;410;10;33;4;other;0;no
20;blue-collar;divorced;secondary;no;3705;no;no;telephone;16;sep;156;11;390;3;unknown;0;no
33;management;married;secondary;no;-385;no;no;telephone;26;sep;118;5;236;0;success;1;no
32;services;married;tertiary;no;705;yes;yes;cellular;28;apr;129;7;348;4;unknown;0;no
82;entrepreneur;married;primary;no;1506;yes;no;unknown;6;mar;278;7;238;1;unknown;0;no
55;student;married;unknown;no;1861;yes;no;cellular;22;oct;126;3;252;0;failure;0;no
70;housemaid;married;tertiary;no;-1372;yes;no;cellular;6;dec;75;6;271;0;unknown;0;no
76;entrepreneur;single;unknown;no;3511;yes;no;cellular;20;jul;12;3;389;0;unknown;0;yes
73;student;married;tertiary;no;585;yes;no;unknown;16;sep;23;11;347;2;unknown;1;no
24;self-employed;married;secondary;no;3031;no;yes;cellular;25;sep;92;6;172;0;unknown;0;no
28;blue-collar;single;secondary;no;1351;yes;yes;cellular;6;nov;96;5;249;3;unknown;0;yes
46;technician;single;primary;no;3159;no;no;cellular;28;mar;241;3;197;4;unknown;0;no
42;unemployed;married;tertiary;no;165;no;no;unknown;15;jul;64;2;65;4;unknown;0;yes
71;unemployed;married;primary;no;-968;no;no;telephone;23;feb;318;1;236;5;unknown;0;yes
29;management;single;tertiary;no;2680;no;no;unknown;23;apr;613;4;145;5;unknown;0;no
44;self-employed;single;secondary;no;-81;no;no;cellular;23;jun;469;7;310;0;unknown;0;yes
35;self-employed;single;primary;no;5776;yes;no;unknown;7;dec;7;11;350;2;unknown;0;no
31;management;married;primary;no;1602;yes;no;cellular;6;may;160;8;278;0;unknown;0;yes
30;blue-collar;married;tertiary;no;-2720;yes;no;unknown;3;jan;34;2;65;1;unknown;0;no
32;services;divorced;secondary;no;-356;yes;no;cellular;25;jul;259;1;366;2;unknown;0;no
58;technician;married;secondary;no;-1597;yes;no;cellular;17;jun;270;6;128;5;unknown;0;no
47;services;married;primary;no;4618;yes;no;unknown;25;sep;254;6;184;2;unknown;0;yes
49;retired;divorced;secondary;no;3720;yes;no;unknown;10;jan;10;1;250;1;failure;0;yes
52;management;married;tertiary;no;1216;yes;no;cellular;17;nov;90;7;224;1;unknown;0;yes
71;technician;single;secondary;no;2270;no;yes;cellular;2;sep;411;2;306;4;unknown;0;no
80;retired;divorced;secondary;no;1136;no;yes;cellular;19;aug;299;7;162;1;other;0;no
55;unemployed;married;primary;no;3981;yes;no;cellular;26;nov;46;11;261;4;unknown;0;no
64;management;single;primary;no;2959;yes;no;cellular;18;mar;36;1;314;0;unknown;0;yes
71;blue-collar;married;secondary;no;3499;yes;no;cellular;24;may;205;4;204;5;other;0;yes
67;services;divorced;primary;no;824;yes;no;cellular;16;apr;195;9;285;1;success;0;yes
27;entrepreneur;divorced;primary;no;-494;no;no;cellular;13;apr;37;9;340;5;unknown;0;no
88;entrepreneur;divorced;primary;no;3395;yes;no;cellular;6;nov;158;6;381;5;unknown;0;no
29;student;married;secondary;no;6054;yes;yes;cellular;7;nov;123;11;206;3;unknown;0;no
47;admin.;single;tertiary;no;4718;no;no;cellular;19;mar;102;5;387;2;unknown;0;yes
64;self-employed;divorced;primary;no;6144;yes;yes;unknown;12;mar;134;8;180;1;success;0;yes
47;management;single;secondary;no;1886;no;no;cellular;11;feb;274;5;221;5;unknown;0;yes
35;admin.;single;secondary;no;-1509;yes;no;unknown;16;feb;237;11;52;5;unknown;0;no
84;entrepreneur;married;tertiary;no;-1243;yes;no;unknown;16;dec;471;5;9;5;unknown;0;no
23;technician;divorced;secondary;no;5538;yes;no;cellular;23;mar;259;2;176;5;unknown;0;yes
35;technician;married;tertiary;no;-4185;no;no;telephone;26;jan;380;10;232;3;unknown;0;yes
89;student;married;tertiary;no;5914;yes;no;cellular;4;nov;44;5;192;3;unknown;0;yes
70;services;divorced;unknown;no;-962;yes;no;cellular;4;sep;250;8;257;4;success;0;yes
24;unemployed;divorced;tertiary;no;7170;no;no;cellular;24;sep;145;5;109;3;unknown;0;yes
72;services;divorced;primary;no;1188;no;no;cellular;27;feb;364;4;21;0;unknown;0;no
87;technician;married;tertiary;no;3567;yes;yes;unknown;16;jan;270;3;283;0;unknown;1;no
25;admin.;married;tertiary;no;8555;no;no;cellular;16;aug;535;1;67;3;unknown;0;no
47;admin.;married;secondary;no;409;no;no;cellular;21;jul;33;1;123;5;failure;0;no
51;blue-collar;married;primary;no;359;no;no;telephone;27;mar;77;5;346;5;failure;0;yes
27;retired;divorced;tertiary;no;-684;yes;no;cellular;11;jun;288;9;-1;2;failure;0;no
32;admin.;single;primary;no;-1605;no;yes;cellular;6;nov;194;3;169;3;unknown;0;yes
30;management;married;tertiary;no;410;yes;yes;cellular;23;nov;31;8;252;3;unknown;0;yes
31;management;married;secondary;no;-264;yes;no;cellular;2;jan;294;7;368;2;unknown;0;no
47;unemployed;married;tertiary;no;-2350;yes;no;cellular;3;jan;120;8;133;3;other;0;yes
51;student;divorced;primary;no;768;yes;no;cellular;18;apr;310;8;125;3;unknown;0;no
35;entrepreneur;single;tertiary;yes;2749;no;no;cellular;9;sep;119;10;76;0;unknown;0;yes
38;student;married;secondary;no;-1287;no;no;cellular;15;oct;161;4;392;0;unknown;0;no
31;services;married;tertiary;no;912;yes;no;cellular;14;jul;251;8;83;1;unknown;0;no
75;services;married;secondary;no;5619;yes;yes;cellular;21;jul;253;10;267;1;unknown;0;no
33;housemaid;married;primary;no;-2858;yes;no;cellular;5;jun;359;8;346;4;unknown;0;no
83;management;divorced;secondary;no;7195;no;no;cellular;17;jun;171;11;298;1;failure;0;no
56;self-employed;single;primary;no;-622;yes;no;cellular;21;feb;309;10;203;4;unknown;0;no
75;blue-collar;married;unknown;no;2002;no;no;unknown;15;jun;206;6;237;0;success;0;no
63;services;single;primary;no;5237;yes;no;cellular;9;dec;366;9;131;3;unknown;1;yes
37;self-employed;married;secondary;no;6153;no;yes;cellular;26;jul;87;6;214;4;unknown;0;no
61;unemployed;married;tertiary;no;2809;no;no;cellular;4;aug;300;10;301;4;failure;0;no
37;housemaid;single;secondary;no;-683;yes;yes;cellular;10;dec;470;1;289;3;unknown;0;yes
26;retired;married;secondary;no;-948;no;no;unknown;16;jan;106;11;59;4;unknown;1;no
36;technician;married;secondary;no;-324;no;no;telephone;8;sep;120;10;75;5;unknown;0;yes
37;entrepreneur;single;secondary;no;7067;yes;yes;cellular;19;apr;187;4;285;3;success;0;no
27;technician;divorced;tertiary;no;250;yes;no;cellular;23;jun;116;2;191;4;unknown;0;no
19;entrepreneur;married;secondary;no;2370;no;yes;cellular;15;jan;293;7;173;1;unknown;0;no
85;retired;single;secondary;no;-1731;yes;no;telephone;10;apr;318;7;379;4;unknown;0;yes
54;housemaid;married;secondary;no;-2069;no;no;unknown;17;jul;136;5;59;1;unknown;0;no
46;self-employed;single;tertiary;no;1479;yes;yes;cellular;16;jul;405;8;357;0;unknown;0;yes
84;retired;married;secondary;no;425;no;no;cellular;23;may;22;6;214;0;unknown;0;no
34;self-employed;single;tertiary;no;644;no;no;cellular;18;dec;250;4;372;0;unknown;0;no
47;technician;married;secondary;no;-3037;yes;no;cellular;1;mar;249;6;195;4;unknown;0;no
78;technician;divorced;secondary;no;1179;yes;no;cellular;9;mar;168;2;319;2;unknown;0;no
63;student;divorced;tertiary;no;6047;no;no;unknown;11;jul;158;6;87;1;unknown;0;yes
46;unemployed;married;primary;no;-1159;yes;no;cellular;10;may;341;8;312;0;unknown;0;yes
36;retired;single;secondary;no;4092;yes;no;unknown;25;apr;119;11;78;3;unknown;0;no
20;technician;married;primary;no;-8993;no;no;cellular;2;jan;197;4;369;4;unknown;0;yes
24;management;single;tertiary;no;-1007;yes;no;cellular;21;jul;373;1;228;0;unknown;1;yes
29;entrepreneur;married;secondary;no;-4331;no;no;cellular;8;aug;271;2;304;2;unknown;1;yes
74;self-employed;married;secondary;no;5108;yes;no;cellular;16;jul;260;10;365;2;unknown;0;yes
64;student;single;primary;no;4036;no;no;cellular;10;oct;125;11;30;5;unknown;0;yes
49;retired;married;tertiary;no;-1702;no;no;cellular;2;aug;253;9;130;0;success;0;yes
74;blue-collar;married;secondary;no;2267;yes;yes;cellular;1;aug;321;6;227;0;failure;0;yes
29;technician;married;secondary;no;5005;yes;no;cellular;11;apr;91;11;-1;1;unknown;0;no
33;admin.;married;primary;no;5471;yes;no;unknown;24;oct;6;8;9;5;unknown;0;no
46;retired;married;secondary;no;182;no;yes;unknown;10;nov;377;3;262;0;success;0;yes
84;unemployed;single;secondary;no;-5226;yes;no;telephone;25;oct;590;4;66;4;success;0;yes
62;technician;single;tertiary;no;-1295;yes;no;cellular;26;feb;518;11;195;2;other;0;no
79;retired;married;tertiary;no;3698;no;no;cellular;5;dec;305;2;269;4;unknown;0;yes
35;entrepreneur;married;primary;no;7696;no;yes;telephone;24;jul;470;8;309;1;unknown;0;no
79;housemaid;single;secondary;no;1237;yes;no;cellular;17;jun;93;1;368;2;unknown;0;no
23;student;single;secondary;no;-420;no;no;cellular;16;mar;580;8;3;2;unknown;0;yes
34;management;single;primary;no;8598;no;yes;cellular;13;feb;12;4;-1;2;unknown;0;no
55;retired;married;secondary;no;2617;yes;no;cellular;27;nov;5;1;12;2;success;0;yes
21;self-employed;married;secondary;no;-2283;no;no;cellular;4;jul;209;1;301;4;unknown;0;yes
79;entrepreneur;single;tertiary;no;1043;no;no;cellular;1;nov;139;3;27;0;failure;0;yes
80;management;married;secondary;no;4399;no;no;telephone;1;oct;149;11;179;5;unknown;0;no
56;entrepreneur;married;secondary;no;1188;no;no;cellular;25;oct;408;11;-1;5;unknown;0;no
40;technician;married;unknown;no;3783;yes;yes;cellular;19;may;467;3;328;0;failure;0;yes
25;retired;single;secondary;no;-3415;no;no;cellular;15;may;31;4;325;5;unknown;0;yes
62;management;married;primary;no;-2902;no;no;telephone;3;jun;548;2;251;3;unknown;0;yes
56;student;single;secondary;no;-804;yes;no;cellular;4;jan;26;6;388;5;failure;0;no
72;admin.;single;unknown;no;553;yes;no;unknown;25;sep;99;10;232;1;unknown;0;no
61;self-employed;married;secondary;no;2401;no;no;cellular;25;nov;726;6;272;5;success;0;yes
27;management;single;secondary;no;3310;yes;no;cellular;23;jan;293;9;166;2;unknown;0;no
26;admin.;single;secondary;no;8798;yes;no;cellular;25;nov;88;11;392;2;success;1;yes
74;entrepreneur;married;secondary;no;-815;yes;no;cellular;21;aug;272;11;135;3;unknown;0;no
29;entrepreneur;single;primary;no;458;yes;no;cellular;22;jul;361;4;92;4;unknown;0;no
85;technician;married;secondary;no;-731;yes;no;cellular;24;sep;287;3;198;1;unknown;0;no
25;admin.;married;tertiary;no;4638;yes;no;cellular;13;jan;476;6;65;0;unknown;0;no
70;technician;single;tertiary;no;4801;yes;yes;cellular;3;dec;46;1;267;0;success;0;yes
88;retired;single;primary;no;57;yes;yes;cellular;4;nov;89;5;232;5;unknown;0;no
49;technician;married;secondary;no;7597;no;no;cellular;18;sep;41;8;147;0;failure;0;no
22;entrepreneur;divorced;primary;no;-726;no;no;unknown;6;apr;53;3;1;0;unknown;0;yes
81;admin.;single;secondary;no;4489;yes;yes;unknown;6;feb;228;9;192;0;failure;0;yes
31;housemaid;single;secondary;no;5763;yes;yes;cellular;25;apr;7;10;210;1;unknown;0;yes
55;self-employed;married;secondary;no;-2684;yes;no;unknown;15;jun;278;4;235;0;unknown;0;no
88;entrepreneur;married;tertiary;no;3132;yes;no;cellular;14;dec;346;4;12;2;unknown;0;no
71;student;married;secondary;no;-6775;no;no;unknown;11;may;24;11;-1;0;unknown;0;yes
21;student;single;secondary;no;3872;no;no;unknown;8;sep;93;9;310;1;unknown;0;yes
77;admin.;married;tertiary;no;-1904;yes;no;cellular;4;may;117;9;80;2;unknown;0;yes
29;management;single;tertiary;no;3102;no;yes;cellular;27;jan;176;4;357;2;unknown;0;no
71;housemaid;married;tertiary;no;3664;no;no;unknown;21;oct;187;5;68;2;unknown;0;no
62;management;single;tertiary;no;4760;yes;no;cellular;25;may;401;8;142;0;unknown;0;yes
38;housemaid;single;secondary;no;4070;no;no;cellular;9;jul;415;8;348;0;unknown;0;no
48;housemaid;single;secondary;no;1567;yes;no;unknown;3;may;58;3;44;4;unknown;0;yes
26;student;single;secondary;no;258;no;no;cellular;4;sep;358;1;359;0;unknown;0;no
89;management;divorced;tertiary;no;1176;yes;no;cellular;28;oct;494;1;1;2;unknown;0;no
35;management;married;primary;no;-1948;yes;no;cellular;25;sep;461;4;66;1;unknown;0;no
40;admin.;single;tertiary;no;764;yes;no;unknown;27;nov;260;6;114;0;unknown;0;yes
54;management;divorced;secondary;no;527;yes;no;cellular;4;sep;209;2;277;0;unknown;0;no
66;management;single;tertiary;no;-964;yes;no;unknown;12;jul;60;1;231;0;unknown;0;no
54;retired;married;secondary;no;-3823;no;no;cellular;6;oct;137;4;163;1;unknown;0;no
54;retired;divorced;unknown;no;-2430;yes;no;cellular;17;sep;78;10;221;4;unknown;0;yes
59;self-employed;married;primary;no;-8050;no;no;cellular;1;mar;448;3;216;0;unknown;0;no
79;housemaid;married;secondary;no;476;yes;no;cellular;12;apr;167;8;316;4;unknown;0;yes
46;housemaid;married;tertiary;no;2481;no;no;cellular;15;feb;202;8;160;0;other;0;yes
77;admin.;married;secondary;no;-6647;yes;no;cellular;8;oct;96;7;371;1;failure;0;no
74;blue-collar;married;secondary;no;2110;yes;no;cellular;24;feb;62;10;184;3;unknown;0;no
87;housemaid;married;tertiary;no;1032;yes;no;telephone;3;feb;362;4;337;5;failure;1;no
83;services;divorced;tertiary;no;-2130;yes;no;cellular;24;oct;320;2;274;0;unknown;0;yes
75;retired;married;primary;no;106;yes;no;telephone;1;jan;406;2;158;3;failure;0;yes
35;entrepreneur;married;secondary;no;4552;no;no;unknown;21;dec;130;5;111;2;unknown;0;no
73;housemaid;divorced;secondary;no;-1522;yes;no;telephone;19;mar;483;6;198;4;failure;0;no
71;self-employed;single;secondary;no;1636;yes;no;unknown;14;dec;194;7;2;4;unknown;0;yes
38;retired;married;secondary;no;2439;yes;no;cellular;2;aug;375;10;130;4;unknown;0;no
66;retired;married;primary;no;-1066;no;no;unknown;25;jan;307;2;198;0;unknown;0;yes
36;retired;single;secondary;no;4424;yes;no;unknown;26;oct;302;7;142;1;unknown;0;yes
55;entrepreneur;single;secondary;no;2611;yes;yes;cellular;22;dec;205;4;33;1;failure;0;no
75;retired;single;tertiary;no;644;yes;no;telephone;27;dec;175;8;235;4;unknown;0;yes
31;retired;married;secondary;no;8489;no;yes;telephone;25;nov;200;3;382;3;unknown;0;yes
42;technician;single;secondary;no;4437;no;yes;unknown;24;mar;100;1;169;3;failure;0;yes
75;blue-collar;single;tertiary;no;-3658;yes;no;cellular;7;mar;62;7;132;1;unknown;0;no
50;services;single;tertiary;no;232;yes;no;cellular;24;apr;32;4;278;0;unknown;0;no
87;blue-collar;divorced;secondary;no;8799;yes;no;unknown;17;jul;225;10;2;3;unknown;0;no
18;self-employed;single;unknown;no;-1546;yes;no;unknown;3;oct;482;9;358;5;unknown;1;no
69;housemaid;single;secondary;no;1599;no;no;cellular;1;dec;441;6;189;4;unknown;0;yes
76;blue-collar;single;secondary;no;5092;no;no;cellular;8;jun;266;5;302;1;unknown;0;no
84;student;single;secondary;no;3356;yes;no;cellular;15;jun;122;8;124;5;unknown;0;yes
29;student;married;primary;no;3789;no;no;telephone;28;nov;632;6;77;1;unknown;0;no
88;retired;married;tertiary;no;3612;yes;yes;cellular;25;dec;356;8;272;5;failure;0;no
46;housemaid;single;secondary;yes;1476;no;no;unknown;28;jun;338;9;111;4;unknown;0;yes
43;management;single;tertiary;no;-976;no;no;cellular;21;jul;46;11;280;0;unknown;0;no
43;self-employed;married;secondary;no;2704;no;no;cellular;4;apr;271;4;277;0;other;0;yes
63;retired;married;primary;no;191;yes;no;cellular;22;may;27;7;277;5;unknown;0;yes
65;services;single;secondary;no;-44;yes;no;cellular;11;oct;636;6;313;0;unknown;0;yes
52;technician;single;primary;no;5847;yes;no;cellular;9;feb;51;3;153;0;unknown;0;no
23;self-employed;married;tertiary;no;257;yes;yes;telephone;15;apr;98;3;392;2;unknown;0;no
89;management;married;tertiary;no;6518;yes;no;cellular;12;feb;90;1;342;2;success;0;yes
33;housemaid;married;tertiary;no;2170;no;no;cellular;18;apr;145;4;183;2;unknown;0;yes
24;admin.;divorced;tertiary;no;922;no;no;cellular;28;sep;354;2;13;2;unknown;0;no
61;blue-collar;divorced;secondary;no;-4052;no;no;cellular;9;nov;220;3;10;1;success;0;no
47;retired;single;primary;no;7759;no;no;cellular;8;apr;228;2;184;0;unknown;0;yes
62;retired;married;secondary;no;1382;yes;no;cellular;28;nov;363;1;5;2;other;0;no
81;technician;single;tertiary;no;-5412;yes;no;unknown;3;may;83;6;378;1;unknown;0;yes
25;admin.;married;secondary;no;4363;yes;no;cellular;24;apr;369;11;165;2;unknown;0;no
38;management;divorced;primary;no;1249;no;no;cellular;11;dec;246;5;163;4;unknown;0;yes
55;blue-collar;married;secondary;no;-1393;yes;no;cellular;27;jul;79;6;207;0;unknown;0;yes
74;housemaid;married;secondary;no;4193;yes;no;cellular;22;mar;246;7;392;1;unknown;0;no
61;blue-collar;single;secondary;no;-6246;yes;no;cellular;4;mar;242;7;236;5;unknown;0;yes
45;services;married;primary;no;-742;no;no;cellular;15;may;304;1;282;3;other;0;yes
61;services;single;secondary;no;501;no;no;cellular;8;feb;494;5;220;3;unknown;0;yes
88;unemployed;single;secondary;no;3956;no;no;unknown;2;nov;461;10;160;5;unknown;0;yes
52;retired;married;tertiary;no;8120;yes;no;cellular;18;aug;41;3;29;2;unknown;0;yes
81;self-employed;married;tertiary;no;665;yes;no;cellular;19;dec;68;2;271;0;failure;0;no
74;retired;single;primary;no;2779;yes;no;unknown;23;mar;490;8;196;5;unknown;0;yes
39;unemployed;single;tertiary;no;9645;no;no;cellular;21;oct;352;8;378;0;unknown;0;yes
35;admin.;married;tertiary;no;1414;yes;no;cellular;18;sep;297;8;50;4;unknown;0;no
73;services;married;secondary;no;2804;yes;no;telephone;17;may;307;8;338;1;other;0;yes
32;self-employed;single;tertiary;no;-2312;yes;no;cellular;18;may;294;4;266;4;unknown;0;yes
42;management;married;tertiary;no;7277;yes;no;cellular;5;feb;7;7;73;0;failure;0;yes
34;retired;single;secondary;no;-738;no;yes;unknown;18;oct;107;10;204;1;unknown;0;no
61;unemployed;single;secondary;no;2205;yes;no;cellular;6;oct;419;2;325;0;unknown;0;yes
39;admin.;married;secondary;no;2120;no;no;cellular;17;jul;351;8;280;3;unknown;0;no
65;blue-collar;single;secondary;no;1656;yes;yes;cellular;12;nov;276;7;86;2;unknown;0;yes
85;management;married;unknown;no;97;yes;no;cellular;24;aug;90;4;274;1;unknown;0;no
77;technician;married;secondary;no;2123;no;no;unknown;11;sep;417;11;34;3;unknown;1;yes
86;retired;single;secondary;no;6672;yes;no;unknown;1;dec;26;2;50;0;unknown;0;no
19;retired;divorced;tertiary;no;8242;no;yes;unknown;3;may;516;9;157;4;unknown;0;no
50;services;single;tertiary;no;874;yes;no;cellular;6;aug;74;7;18;0;unknown;0;yes
33;blue-collar;married;secondary;no;51;yes;yes;unknown;25;aug;45;2;234;0;failure;0;yes
84;housemaid;single;tertiary;no;-1026;yes;no;telephone;22;nov;226;5;68;1;unknown;0;no
69;services;married;secondary;no;9458;no;no;cellular;26;sep;262;4;120;3;unknown;0;yes
41;student;married;secondary;no;1786;no;no;telephone;21;apr;239;5;234;5;unknown;0;yes
58;unemployed;married;secondary;no;4745;no;no;unknown;5;nov;44;9;337;4;other;0;yes
61;housemaid;married;tertiary;no;3489;no;no;cellular;2;oct;304;8;50;2;unknown;0;yes
53;admin.;married;secondary;no;8025;yes;no;cellular;16;feb;415;3;126;3;failure;0;yes
52;housemaid;divorced;secondary;no;656;no;no;cellular;15;sep;203;9;168;4;unknown;0;no
21;management;married;secondary;no;-1921;yes;no;cellular;13;apr;89;8;42;2;unknown;0;no
50;entrepreneur;single;tertiary;no;6978;no;no;cellular;17;apr;177;2;74;4;failure;0;yes
43;housemaid;single;primary;no;4109;no;no;cellular;12;may;6;11;196;2;unknown;0;no
76;services;married;secondary;no;2768;yes;no;cellular;7;apr;166;1;151;2;unknown;0;yes
80;services;married;tertiary;no;6005;no;yes;telephone;17;oct;110;4;251;4;success;0;yes
72;admin.;married;tertiary;no;2939;no;no;unknown;12;mar;544;4;347;4;unknown;1;no
20;unemployed;married;secondary;no;6109;yes;no;cellular;13;nov;203;2;106;1;unknown;0;no
78;housemaid;single;secondary;no;2139;no;yes;cellular;24;jan;165;8;64;0;unknown;1;no
46;retired;divorced;secondary;no;4105;yes;no;cellular;13;apr;362;6;357;1;success;1;yes
47;technician;divorced;secondary;no;2979;no;no;cellular;27;jun;342;9;135;5;unknown;0;no
86;management;married;secondary;no;424;no;no;unknown;5;jul;73;4;18;0;unknown;0;no
80;retired;married;tertiary;no;783;yes;no;cellular;19;nov;593;10;367;4;unknown;0;no
21;student;married;primary;no;221;yes;no;unknown;20;aug;259;6;235;2;unknown;0;yes
43;technician;divorced;tertiary;no;2196;yes;no;cellular;3;jul;401;1;388;5;unknown;0;no
71;management;married;primary;no;32;no;no;telephone;17;feb;100;4;335;3;unknown;0;no
56;entrepreneur;married;tertiary;no;2707;no;no;cellular;21;jan;171;4;249;4;unknown;1;no
36;services;single;primary;no;2605;no;no;cellular;2;oct;196;6;323;3;unknown;0;yes
55;self-employed;single;primary;no;2015;no;no;cellular;24;jul;0;8;49;2;failure;0;no
80;student;married;secondary;no;2067;no;yes;cellular;11;jun;454;2;258;0;failure;1;no
34;retired;single;secondary;no;-298;yes;no;cellular;19;jul;63;9;59;1;unknown;0;yes
71;housemaid;married;secondary;no;554;no;no;cellular;7;nov;225;2;11;5;unknown;0;no
70;housemaid;married;secondary;no;-3611;yes;yes;cellular;4;jun;339;11;329;2;unknown;0;yes
81;entrepreneur;married;tertiary;no;1040;yes;no;cellular;11;jul;305;5;26;2;success;0;yes
39;services;married;secondary;no;-1557;yes;no;cellular;5;jul;119;11;-1;5;unknown;0;no
33;admin.;divorced;secondary;no;1699;yes;no;cellular;4;oct;136;1;189;0;unknown;0;no
57;management;married;secondary;no;-743;no;no;cellular;17;mar;81;3;144;3;unknown;0;yes
56;technician;single;tertiary;no;-4752;yes;no;cellular;18;jan;68;11;377;3;unknown;0;no
47;management;married;primary;no;8157;yes;yes;cellular;26;dec;62;2;272;4;unknown;0;yes
74;entrepreneur;single;secondary;no;705;yes;no;cellular;17;jun;204;4;25;0;unknown;0;no
75;unemployed;divorced;primary;no;5741;yes;no;cellular;16;jul;67;7;55;4;unknown;0;yes
35;services;married;secondary;no;-180;yes;no;cellular;17;jun;38;3;340;5;unknown;0;yes
75;admin.;divorced;secondary;no;6494;no;no;cellular;28;apr;64;4;317;3;unknown;0;yes
34;services;single;primary;no;-2055;yes;no;cellular;11;mar;98;8;324;3;other;0;no
47;blue-collar;single;primary;no;1928;no;no;cellular;20;sep;208;6;104;3;unknown;0;no
19;housemaid;married;tertiary;no;-1876;yes;no;cellular;21;jul;73;5;381;1;failure;0;no
42;retired;single;primary;no;9202;yes;no;cellular;5;aug;225;8;189;5;other;0;no
87;management;married;secondary;no;652;no;yes;cellular;24;oct;204;11;55;2;unknown;0;no
49;unemployed;divorced;secondary;no;3885;yes;no;cellular;12;apr;179;10;350;4;unknown;0;no
69;admin.;divorced;tertiary;no;2751;yes;no;cellular;12;jun;349;1;36;0;unknown;1;yes
25;services;married;tertiary;no;1323;yes;no;telephone;7;aug;74;7;42;0;unknown;0;no
63;admin.;divorced;primary;no;2953;no;yes;telephone;13;oct;350;6;147;2;unknown;0;yes
44;blue-collar;divorced;tertiary;no;5477;no;no;cellular;17;feb;298;5;328;0;unknown;0;no
71;retired;single;secondary;no;3404;yes;no;telephone;26;apr;180;3;204;3;failure;0;no
84;unemployed;married;secondary;no;1887;no;no;unknown;9;mar;58;3;56;3;success;0;yes
56;unemployed;married;secondary;no;2957;yes;no;unknown;17;apr;227;8;342;0;unknown;0;no
25;retired;married;tertiary;no;7145;no;no;cellular;25;dec;309;11;204;3;unknown;0;no
52;self-employed;married;secondary;no;149;no;no;unknown;15;mar;60;7;367;4;unknown;0;yes
26;student;divorced;secondary;no;-4161;yes;no;cellular;6;oct;341;3;239;1;unknown;0;yes
50;technician;married;primary;no;-1889;yes;no;cellular;21;oct;567;3;123;1;unknown;0;no
22;student;single;secondary;no;-1666;no;no;cellular;16;sep;207;3;45;4;failure;0;no
64;services;single;unknown;no;-1243;yes;no;cellular;9;feb;480;6;328;0;unknown;0;no
40;services;single;secondary;no;-1140;no;no;cellular;25;jan;314;8;34;3;success;0;yes
32;blue-collar;married;unknown;no;1329;no;no;cellular;1;feb;272;9;334;1;unknown;0;no
19;admin.;single;primary;no;2142;no;no;telephone;28;nov;79;8;298;4;unknown;0;yes
81;retired;single;tertiary;no;2110;yes;yes;cellular;20;jan;151;11;161;0;unknown;0;yes
78;services;single;tertiary;no;-790;no;no;cellular;20;sep;23;10;227;4;unknown;0;no
76;blue-collar;married;tertiary;no;4381;yes;no;cellular;19;may;408;3;179;5;success;0;no
22;housemaid;single;primary;no;3003;no;no;cellular;28;dec;71;11;10;3;unknown;0;yes
43;student;married;secondary;no;6143;no;yes;cellular;12;jun;572;1;351;2;unknown;0;no
87;services;single;primary;no;3940;no;no;telephone;28;jun;307;9;302;4;success;0;yes
59;blue-collar;married;secondary;no;351;no;no;cellular;2;jun;298;7;350;5;unknown;0;yes
27;blue-collar;married;unknown;no;5316;yes;no;unknown;27;oct;44;1;231;3;unknown;0;no
28;retired;single;secondary;no;2220;yes;no;cellular;27;oct;353;4;384;3;unknown;0;yes
36;unemployed;married;primary;no;3793;no;yes;cellular;8;dec;175;10;19;3;success;0;no
88;student;divorced;secondary;no;3561;yes;no;cellular;21;may;107;9;242;0;unknown;0;no
30;retired;divorced;secondary;no;1027;yes;no;telephone;11;nov;88;7;363;0;unknown;0;yes
83;admin.;married;secondary;no;1709;no;no;telephone;11;jan;28;9;191;1;unknown;0;no
66;student;married;secondary;no;1005;no;no;unknown;15;aug;221;3;184;0;unknown;0;yes
84;student;married;tertiary;no;-1158;yes;no;cellular;6;aug;186;3;329;3;unknown;0;no
77;management;divorced;primary;no;-5034;yes;no;cellular;7;jan;42;7;139;2;unknown;0;no
41;blue-collar;single;secondary;no;-681;yes;no;cellular;16;mar;322;5;26;0;failure;0;no
77;self-employed;married;secondary;no;1997;no;no;unknown;28;dec;645;3;104;3;success;0;yes
30;blue-collar;married;primary;no;4656;no;no;cellular;1;jan;64;1;348;3;success;0;yes
38;blue-collar;married;secondary;no;3787;yes;no;cellular;13;jul;197;5;118;1;other;0;no
33;student;single;secondary;no;561;yes;no;cellular;13;oct;551;8;81;5;unknown;0;no
27;self-employed;married;secondary;no;-640;no;no;cellular;21;dec;64;5;170;1;unknown;0;no
24;blue-collar;married;tertiary;no;860;yes;no;unknown;28;mar;307;7;184;1;unknown;0;no
31;technician;single;secondary;no;-1525;no;no;telephone;16;aug;298;3;378;5;unknown;0;no
26;retired;married;secondary;no;-4945;yes;no;cellular;21;oct;351;11;272;5;unknown;0;yes
45;entrepreneur;married;unknown;no;-3235;no;no;unknown;4;nov;586;9;310;2;unknown;0;no
23;services;single;tertiary;no;5524;no;no;unknown;28;aug;137;4;5;5;unknown;0;no
22;blue-collar;divorced;primary;no;6971;yes;no;telephone;27;mar;258;6;342;3;unknown;0;no
89;entrepreneur;married;tertiary;no;3661;yes;yes;cellular;12;nov;119;8;152;1;success;0;no
24;admin.;divorced;tertiary;no;1225;yes;no;telephone;21;dec;212;2;32;2;unknown;0;yes
23;unemployed;married;primary;no;-2778;yes;no;telephone;3;may;229;7;112;2;unknown;0;yes
20;housemaid;divorced;secondary;no;916;yes;no;unknown;17;jun;161;3;258;0;unknown;0;yes
27;services;married;primary;no;3235;yes;yes;telephone;28;aug;2;7;21;1;unknown;0;no
56;unemployed;single;secondary;no;3889;no;no;cellular;5;oct;16;6;299;3;unknown;0;no
77;entrepreneur;married;tertiary;no;3466;yes;no;cellular;25;jul;645;5;62;1;unknown;0;yes
70;admin.;divorced;secondary;no;5028;yes;yes;cellular;28;sep;56;8;335;3;success;0;no
59;entrepreneur;divorced;secondary;no;7228;no;no;cellular;16;oct;465;5;58;0;success;0;yes
24;services;married;secondary;no;184;yes;no;telephone;22;mar;12;9;353;1;failure;0;no
73;retired;married;secondary;no;9815;yes;no;unknown;7;apr;239;3;299;1;unknown;0;no
20;entrepreneur;single;tertiary;no;-4659;no;no;cellular;13;nov;613;1;73;3;unknown;0;no
63;admin.;married;secondary;no;-934;no;no;cellular;21;aug;378;8;158;4;unknown;1;yes
47;admin.;single;secondary;no;2000;yes;no;telephone;13;mar;67;7;28;2;unknown;0;yes
81;retired;single;secondary;no;3047;no;no;cellular;1;jul;152;8;12;5;unknown;0;no
40;student;married;tertiary;no;855;yes;no;cellular;23;mar;214;5;138;5;unknown;0;no
63;admin.;married;tertiary;no;-87;yes;no;unknown;26;jan;426;8;84;1;unknown;0;yes
49;housemaid;divorced;tertiary;no;8007;yes;no;cellular;17;jun;229;1;307;2;unknown;0;yes
55;admin.;married;secondary;no;-230;yes;no;telephone;20;jan;188;11;287;0;unknown;0;yes
85;blue-collar;single;secondary;no;-1658;yes;no;cellular;5;dec;563;10;115;2;unknown;0;no
69;retired;married;secondary;no;6472;yes;no;telephone;5;nov;536;4;84;4;unknown;0;yes
47;blue-collar;married;tertiary;no;3947;no;no;cellular;26;mar;359;4;353;4;unknown;0;yes
50;admin.;married;secondary;no;4684;yes;no;cellular;5;aug;94;2;171;4;success;1;yes
68;housemaid;married;tertiary;no;1987;no;no;cellular;27;may;310;11;258;2;success;0;yes
42;management;single;secondary;no;-2727;yes;no;cellular;2;aug;35;1;261;1;other;0;no
30;housemaid;married;primary;no;1653;no;no;cellular;14;jul;88;10;273;3;unknown;0;no
51;entrepreneur;single;unknown;no;-3141;yes;yes;telephone;22;sep;207;2;384;4;failure;0;no
22;unemployed;single;primary;no;2126;yes;no;cellular;3;oct;407;11;279;5;unknown;0;yes
30;management;married;tertiary;no;3360;no;yes;unknown;4;jan;615;3;18;4;unknown;0;yes
48;entrepreneur;married;secondary;no;4626;yes;no;unknown;21;nov;474;5;156;2;unknown;0;yes
75;student;single;tertiary;no;1122;no;yes;cellular;15;mar;78;1;83;0;failure;1;yes
74;student;single;secondary;no;3644;no;no;cellular;23;aug;270;4;92;4;unknown;0;no
36;student;single;tertiary;no;-1311;no;no;cellular;11;aug;300;11;84;2;failure;0;no
48;services;married;tertiary;no;4299;no;no;unknown;21;aug;91;7;339;0;unknown;0;no
29;unemployed;single;secondary;no;3423;no;no;cellular;16;sep;45;4;352;1;failure;0;no
72;retired;married;secondary;no;-1000;yes;no;cellular;2;feb;133;10;76;5;unknown;0;no
35;student;single;primary;no;2991;no;no;telephone;20;aug;645;11;217;1;unknown;0;no
75;student;married;secondary;no;4669;yes;no;cellular;26;may;297;5;177;2;unknown;0;yes
78;self-employed;single;unknown;no;1635;yes;no;cellular;6;may;42;5;298;2;unknown;0;yes
67;technician;married;secondary;no;-1067;no;no;cellular;23;feb;135;10;345;2;unknown;0;no
41;management;single;tertiary;no;1933;yes;no;cellular;6;aug;309;6;180;0;success;0;no
86;entrepreneur;married;secondary;no;3057;no;no;unknown;26;apr;169;4;163;2;unknown;0;no
67;housemaid;single;secondary;no;-1090;no;no;telephone;10;sep;148;7;186;4;other;0;yes
64;management;married;unknown;no;-1622;no;no;cellular;19;jun;366;4;195;0;unknown;0;yes
79;technician;single;primary;no;2964;yes;no;telephone;27;may;500;5;389;2;unknown;0;no
81;technician;married;secondary;no;3869;no;no;cellular;16;jul;463;8;45;4;unknown;0;yes
23;entrepreneur;married;secondary;no;7849;yes;no;cellular;13;jul;159;4;60;5;success;0;no
81;retired;single;primary;no;3397;yes;no;cellular;14;sep;186;6;153;5;unknown;0;no
73;blue-collar;married;secondary;no;-2227;no;no;cellular;8;jan;158;8;155;3;failure;0;yes
32;housemaid;married;tertiary;no;7519;no;no;telephone;2;oct;431;10;192;0;unknown;0;yes
40;admin.;single;primary;no;4564;no;no;cellular;15;mar;142;10;394;3;unknown;0;no
72;housemaid;single;tertiary;no;-4615;no;no;cellular;23;mar;164;10;231;5;unknown;0;no
33;management;divorced;secondary;no;-1690;no;no;cellular;6;oct;316;9;99;3;unknown;0;yes
50;student;married;primary;no;-74;yes;no;telephone;26;jan;325;6;101;4;unknown;0;no
67;student;married;secondary;no;3914;yes;no;cellular;22;may;138;5;39;1;unknown;1;no
64;blue-collar;single;primary;no;-5738;no;yes;unknown;19;aug;590;1;1;4;unknown;0;yes
83;management;married;tertiary;no;1042;no;no;cellular;9;oct;111;9;114;0;other;0;yes
26;services;single;secondary;no;3743;yes;no;cellular;21;nov;503;11;278;2;unknown;0;no
39;technician;married;primary;no;-7102;yes;yes;unknown;28;sep;47;7;333;1;unknown;0;no
88;student;divorced;secondary;no;3640;yes;no;cellular;9;mar;275;11;277;0;unknown;0;yes
58;services;single;secondary;no;4000;no;no;cellular;18;may;58;6;398;4;unknown;0;yes
35;retired;married;secondary;no;-1139;yes;no;cellular;12;jan;205;2;94;0;unknown;0;yes
38;blue-collar;married;primary;no;-2059;no;no;cellular;18;oct;372;10;246;5;unknown;0;yes
42;entrepreneur;married;primary;no;-1186;no;no;cellular;8;jan;106;5;307;5;other;0;yes
57;self-employed;married;secondary;no;-6616;no;no;telephone;9;feb;80;6;395;0;unknown;0;no
38;unemployed;single;tertiary;no;421;yes;no;cellular;25;dec;175;7;111;2;unknown;0;yes
62;housemaid;married;secondary;no;2058;no;no;unknown;5;feb;971;5;66;0;unknown;0;yes
50;unemployed;married;secondary;no;-2258;no;no;cellular;24;apr;260;5;390;1;unknown;0;no
61;retired;married;secondary;no;4316;yes;no;unknown;3;may;248;8;249;5;failure;0;yes
29;technician;single;tertiary;no;1707;yes;no;telephone;26;feb;306;4;312;2;unknown;0;yes
62;services;married;primary;no;2180;yes;yes;unknown;24;aug;123;5;234;2;unknown;0;no
84;retired;married;secondary;no;194;yes;no;unknown;27;apr;404;2;51;5;unknown;0;yes
27;admin.;divorced;secondary;no;3629;yes;no;unknown;28;apr;362;4;47;1;unknown;0;yes
41;management;married;secondary;no;5271;yes;no;unknown;27;jul;136;8;123;1;success;0;no
67;blue-collar;married;secondary;no;177;no;no;unknown;7;apr;700;6;244;0;unknown;0;no
62;blue-collar;divorced;secondary;no;3683;yes;no;unknown;25;mar;220;5;382;4;unknown;0;yes
66;housemaid;married;secondary;no;3716;yes;no;cellular;28;nov;3;11;211;1;unknown;0;no
58;student;divorced;primary;no;2653;no;no;unknown;16;jul;282;3;206;2;unknown;0;yes
67;housemaid;single;secondary;no;6431;no;no;cellular;18;nov;38;6;301;0;unknown;0;no
61;admin.;single;secondary;no;-779;no;no;unknown;25;may;102;1;272;3;unknown;0;no
23;retired;married;primary;no;135;no;no;telephone;23;nov;165;11;331;4;success;0;yes
72;housemaid;married;secondary;no;-930;no;no;cellular;23;nov;174;10;117;1;unknown;0;no
50;unemployed;married;tertiary;no;3575;yes;yes;cellular;28;jan;94;10;84;0;unknown;0;yes
21;blue-collar;married;unknown;no;582;yes;no;cellular;24;feb;63;3;268;1;unknown;0;yes
47;retired;married;secondary;no;-687;yes;no;cellular;28;oct;13;6;38;4;unknown;0;yes
49;retired;single;secondary;no;6389;no;no;telephone;26;apr;148;5;309;5;unknown;0;no
24;unemployed;single;secondary;no;6828;yes;no;cellular;16;oct;349;4;369;4;unknown;0;yes
89;technician;married;tertiary;no;413;no;no;cellular;17;jun;248;1;259;5;other;0;yes
34;blue-collar;single;secondary;no;-2702;yes;no;cellular;15;apr;213;8;294;0;unknown;0;no
41;services;divorced;secondary;no;6990;no;no;unknown;9;mar;145;1;211;4;failure;0;no
49;entrepreneur;single;tertiary;no;2812;yes;no;cellular;19;mar;214;11;141;5;unknown;0;no
77;self-employed;single;primary;no;2662;no;no;cellular;17;aug;2;2;83;5;unknown;0;no
71;blue-collar;single;secondary;no;1715;no;no;cellular;7;jan;123;5;211;5;failure;0;yes
73;retired;married;secondary;no;-1000;yes;no;cellular;25;mar;395;4;361;3;unknown;0;yes
35;student;married;secondary;no;160;no;no;telephone;11;oct;46;3;327;5;unknown;0;yes
78;entrepreneur;divorced;tertiary;no;3433;yes;no;unknown;14;apr;238;11;144;2;unknown;0;no
77;retired;single;secondary;no;57;yes;no;cellular;24;aug;122;2;60;1;unknown;0;no
51;admin.;single;secondary;no;2698;yes;no;unknown;18;apr;29;9;395;5;unknown;1;no
57;admin.;divorced;secondary;no;1440;no;no;telephone;4;jan;463;6;-1;4;unknown;0;no
20;services;married;primary;no;-1770;yes;no;cellular;9;jun;99;8;68;4;unknown;1;no
72;services;married;tertiary;no;6263;no;no;cellular;13;mar;113;5;215;2;unknown;0;no
87;entrepreneur;single;tertiary;no;3182;no;no;cellular;21;sep;72;1;334;5;other;0;yes
52;blue-collar;married;tertiary;no;2391;yes;no;cellular;9;oct;255;6;31;2;unknown;0;yes
56;student;single;tertiary;no;3065;yes;no;cellular;14;nov;188;1;93;3;unknown;0;no
53;blue-collar;single;secondary;no;-3978;yes;no;unknown;17;aug;79;6;384;2;unknown;0;yes
23;self-employed;single;secondary;no;-79;yes;no;cellular;16;jan;35;7;21;2;unknown;0;no
62;unemployed;married;secondary;no;-3181;no;no;unknown;6;nov;211;7;76;4;unknown;0;no
69;management;single;primary;no;1774;yes;yes;cellular;15;nov;89;8;7;0;unknown;0;no
84;entrepreneur;married;secondary;no;2377;no;yes;cellular;26;feb;564;4;292;0;unknown;0;no
84;retired;divorced;secondary;no;1824;no;no;telephone;19;may;114;11;127;3;success;0;no
53;management;married;primary;no;4935;yes;no;unknown;23;dec;286;6;282;2;unknown;0;yes
87;blue-collar;divorced;tertiary;no;-3092;no;no;unknown;21;oct;201;8;-1;0;unknown;0;yes
56;entrepreneur;married;primary;no;-997;no;no;cellular;3;mar;162;5;61;5;unknown;0;yes
64;retired;married;secondary;no;2643;no;no;cellular;13;aug;399;5;40;5;failure;1;yes
61;entrepreneur;married;tertiary;no;2191;yes;yes;cellular;10;apr;336;6;4;3;unknown;0;yes
89;student;married;secondary;no;-2546;no;no;cellular;15;nov;332;10;-1;2;unknown;0;no
71;retired;married;primary;no;4989;no;yes;cellular;2;dec;329;5;87;5;unknown;0;no
26;management;single;secondary;no;6029;no;no;telephone;7;oct;102;1;342;1;failure;0;yes
23;retired;single;tertiary;no;2676;no;no;cellular;4;apr;308;8;213;0;unknown;0;yes
47;self-employed;married;tertiary;no;-3127;no;yes;unknown;2;may;170;4;301;3;success;1;yes
55;technician;single;secondary;no;1879;no;no;unknown;12;aug;117;8;45;3;unknown;0;no
66;student;divorced;primary;no;2421;yes;no;cellular;22;dec;912;10;359;1;unknown;0;no
52;retired;single;secondary;no;584;no;no;cellular;10;may;74;5;375;4;failure;0;yes
55;self-employed;married;secondary;no;5441;yes;no;telephone;22;jul;201;11;236;1;unknown;0;yes
84;housemaid;married;tertiary;no;1052;no;no;cellular;15;sep;185;9;311;2;unknown;0;no
42;housemaid;divorced;secondary;no;7713;yes;no;cellular;19;may;203;8;161;0;unknown;0;yes
53;self-employed;married;tertiary;no;3749;no;no;cellular;9;apr;17;11;85;0;unknown;0;yes
58;services;married;unknown;no;2228;no;no;cellular;12;may;265;10;349;0;unknown;0;no
51;unemployed;single;secondary;no;4161;no;no;cellular;10;jun;4;9;39;0;unknown;0;no
87;technician;married;tertiary;no;5992;yes;no;cellular;12;feb;276;11;151;1;failure;0;no
87;management;single;secondary;no;4097;no;no;cellular;27;feb;251;9;21;3;failure;0;no
54;admin.;married;secondary;no;1172;yes;no;telephone;4;sep;171;10;117;2;unknown;0;yes
50;entrepreneur;single;tertiary;no;-579;yes;no;cellular;25;dec;205;9;326;1;other;0;yes
60;unemployed;divorced;tertiary;no;-1966;yes;no;cellular;26;oct;536;6;295;0;unknown;0;yes
31;housemaid;divorced;unknown;no;-5922;no;no;cellular;1;nov;335;5;352;0;unknown;0;no
48;technician;divorced;secondary;no;1922;no;no;cellular;12;nov;254;9;325;3;failure;0;no
33;management;divorced;secondary;no;236;no;no;cellular;17;oct;304;11;207;4;unknown;0;no
28;entrepreneur;married;tertiary;no;397;no;no;cellular;9;jan;228;7;386;1;unknown;0;yes
24;self-employed;divorced;primary;no;4486;yes;yes;unknown;4;nov;330;3;223;4;unknown;0;no
60;self-employed;divorced;secondary;no;1063;yes;no;cellular;11;jun;98;9;257;4;failure;0;yes
18;admin.;married;secondary;no;7085;no;no;unknown;23;aug;662;4;165;4;unknown;0;yes
64;retired;married;primary;no;-319;no;yes;cellular;14;nov;257;9;115;1;unknown;0;no
49;admin.;married;primary;no;-1512;no;no;cellular;24;feb;785;3;318;3;other;0;yes
44;self-employed;single;tertiary;no;-2372;yes;no;unknown;11;apr;663;10;366;3;unknown;0;no
73;technician;single;primary;no;3568;yes;no;unknown;19;jan;119;6;348;3;unknown;0;no
56;self-employed;married;tertiary;no;4854;yes;no;cellular;22;jun;267;5;293;4;unknown;0;yes
70;technician;married;tertiary;no;-383;no;yes;cellular;19;oct;293;9;121;3;success;0;yes
69;admin.;single;secondary;no;-1791;yes;no;cellular;13;jun;406;8;328;3;unknown;0;no
20;self-employed;married;secondary;no;5990;yes;no;unknown;24;jul;246;3;359;4;unknown;0;yes
33;retired;divorced;primary;no;-2951;no;no;cellular;5;mar;461;1;180;1;unknown;0;no
59;retired;married;tertiary;no;4430;yes;no;cellular;3;apr;131;11;92;3;unknown;0;yes
88;entrepreneur;married;primary;no;-312;yes;no;cellular;2;jul;98;11;261;4;unknown;0;no
29;management;married;secondary;no;2591;no;no;telephone;20;jan;181;8;83;0;failure;0;yes
25;entrepreneur;divorced;tertiary;no;4630;yes;yes;cellular;10;jun;86;2;389;4;unknown;0;yes
85;retired;divorced;secondary;no;2828;no;no;cellular;4;dec;126;11;339;2;unknown;0;yes
87;services;married;secondary;no;514;no;no;unknown;6;jul;396;6;261;4;unknown;0;yes
30;retired;married;unknown;no;5588;yes;no;unknown;2;feb;1;7;205;4;unknown;0;no
46;admin.;married;primary;no;2267;yes;no;telephone;12;jun;85;8;65;1;unknown;0;no
63;management;married;primary;no;12447;no;no;cellular;18;may;370;7;15;3;success;0;no
32;unemployed;single;secondary;no;-3715;no;no;cellular;8;sep;464;3;-1;3;unknown;1;no
41;technician;married;tertiary;no;-3759;no;yes;cellular;8;sep;106;11;35;5;unknown;0;no
46;technician;married;tertiary;no;4382;yes;no;unknown;28;dec;12;6;165;1;failure;0;no
64;entrepreneur;married;tertiary;no;1304;no;no;cellular;2;aug;57;11;110;1;failure;0;no
40;retired;married;unknown;no;3777;yes;no;cellular;24;mar;442;2;135;2;other;0;yes
47;technician;married;primary;no;-1895;yes;no;unknown;2;feb;454;8;66;4;unknown;0;yes
38;housemaid;married;secondary;no;1562;yes;yes;cellular;23;feb;287;2;286;1;unknown;0;yes
72;housemaid;married;primary;no;2771;yes;yes;unknown;28;aug;269;2;398;4;failure;0;no
29;admin.;married;tertiary;no;-231;yes;no;cellular;9;aug;43;10;-1;0;failure;0;no
34;services;married;tertiary;no;2095;yes;no;cellular;7;may;313;2;285;4;unknown;0;no
35;retired;divorced;secondary;no;-2684;yes;no;cellular;7;sep;377;1;356;4;unknown;0;no
83;housemaid;married;tertiary;no;2584;no;no;cellular;12;mar;253;1;172;3;unknown;0;yes
86;admin.;married;secondary;no;5736;yes;no;unknown;8;sep;260;5;225;5;success;0;no
54;housemaid;married;primary;no;-2312;yes;no;telephone;8;aug;13;2;321;5;unknown;0;yes
29;management;single;secondary;no;-2493;yes;yes;cellular;5;mar;453;1;252;4;unknown;0;yes
72;technician;divorced;unknown;no;4969;no;no;cellular;27;nov;51;7;113;4;unknown;0;yes
53;self-employed;single;secondary;no;-2546;no;no;cellular;9;nov;216;3;121;3;unknown;0;no
79;admin.;single;primary;no;3921;yes;no;unknown;3;oct;311;5;5;4;other;0;yes
43;technician;single;unknown;no;1566;no;no;cellular;9;aug;448;2;319;4;unknown;0;yes
89;student;married;secondary;no;146;no;yes;cellular;16;feb;430;8;142;2;failure;0;no
76;blue-collar;divorced;secondary;no;5799;no;yes;cellular;4;dec;447;5;348;0;unknown;0;yes
34;blue-collar;single;tertiary;no;4184;yes;yes;cellular;14;mar;159;10;139;0;unknown;0;no
70;entrepreneur;married;secondary;no;2239;yes;no;cellular;28;oct;684;9;203;1;failure;0;no
38;unemployed;married;secondary;no;-5057;no;no;unknown;20;jun;437;5;50;3;unknown;0;yes
43;unemployed;married;primary;no;3536;no;yes;unknown;10;sep;149;4;22;1;unknown;0;no
36;admin.;married;tertiary;no;-1812;no;no;unknown;26;jan;162;10;249;2;unknown;0;no
67;unemployed;single;secondary;no;735;no;yes;cellular;10;apr;372;5;288;1;unknown;0;yes
36;management;married;secondary;no;1422;yes;no;cellular;1;jan;126;10;150;5;failure;0;yes
63;housemaid;single;tertiary;no;7091;no;no;unknown;7;sep;35;2;251;2;unknown;0;no
59;blue-collar;divorced;primary;no;640;yes;no;cellular;1;apr;236;8;115;4;failure;0;no
72;technician;married;tertiary;no;-2868;no;no;unknown;14;apr;234;5;274;3;unknown;0;no
89;self-employed;married;tertiary;no;5808;no;no;cellular;11;feb;291;10;239;4;unknown;0;yes
18;management;single;tertiary;no;3577;no;yes;unknown;2;feb;347;1;338;3;unknown;0;yes
89;services;single;secondary;yes;3688;yes;no;unknown;12;jul;166;11;287;4;unknown;1;yes
25;student;married;secondary;no;5865;no;no;telephone;6;may;449;11;350;5;unknown;0;no
55;housemaid;married;secondary;no;6569;yes;no;unknown;25;jan;390;6;396;3;unknown;0;no
42;self-employed;single;tertiary;no;-1275;yes;no;cellular;17;nov;16;8;140;3;unknown;0;yes
64;entrepreneur;divorced;unknown;no;-2772;yes;no;cellular;8;mar;228;6;353;5;unknown;0;yes
69;student;married;secondary;no;3927;yes;no;cellular;22;jan;116;7;178;4;success;0;yes
79;technician;married;secondary;no;612;yes;no;unknown;24;jan;155;6;-1;0;unknown;0;yes
46;unemployed;divorced;primary;no;884;yes;yes;cellular;22;may;449;8;382;4;failure;0;no
85;management;married;tertiary;no;-1965;yes;no;cellular;3;jul;345;6;55;5;unknown;0;yes
41;retired;married;tertiary;no;3151;yes;no;cellular;15;feb;76;11;42;3;unknown;0;no
32;services;single;tertiary;no;2606;yes;yes;unknown;3;may;264;11;215;4;unknown;0;yes
45;services;married;secondary;no;933;no;no;unknown;18;may;68;9;276;0;unknown;0;no
56;retired;married;unknown;no;-2765;yes;no;unknown;21;jan;123;2;182;5;unknown;0;no
66;student;single;primary;no;5027;yes;no;cellular;1;aug;527;3;242;5;unknown;0;no
77;unemployed;single;secondary;no;2167;no;no;telephone;22;may;729;4;348;0;other;0;no
34;management;married;secondary;no;4753;no;no;cellular;7;sep;575;2;226;3;unknown;0;yes
39;retired;married;secondary;no;-4909;yes;yes;telephone;3;jan;275;10;324;5;unknown;1;no
85;blue-collar;single;tertiary;yes;1570;yes;no;unknown;8;jan;256;4;237;4;unknown;0;yes
49;services;single;secondary;no;-750;no;yes;cellular;28;oct;423;9;208;1;unknown;0;yes
35;blue-collar;single;primary;no;1508;yes;no;cellular;9;apr;240;10;199;1;success;0;yes
88;entrepreneur;single;primary;no;4229;yes;no;cellular;3;may;65;4;379;0;failure;0;no
50;services;single;secondary;no;2509;no;no;cellular;3;jun;583;8;135;3;unknown;0;yes
88;unemployed;divorced;tertiary;no;1454;yes;yes;cellular;25;aug;17;8;139;1;unknown;0;no
84;entrepreneur;single;secondary;no;1438;yes;no;cellular;19;sep;461;8;314;3;unknown;0;no
83;blue-collar;married;secondary;no;-3279;yes;yes;cellular;6;sep;371;1;258;0;unknown;0;no
59;management;divorced;primary;no;-1319;no;no;cellular;18;nov;591;7;51;2;unknown;0;no
75;unemployed;divorced;tertiary;no;4763;yes;no;cellular;1;jul;392;6;276;1;unknown;0;yes
87;housemaid;married;secondary;no;-116;yes;no;cellular;20;apr;102;1;6;0;unknown;0;yes
37;services;married;secondary;no;4821;yes;no;unknown;24;aug;437;11;200;5;unknown;0;no
20;unemployed;single;secondary;no;3879;yes;no;cellular;22;apr;147;9;124;0;failure;0;no
41;entrepreneur;married;secondary;no;4037;yes;no;telephone;6;jun;24;7;81;3;unknown;0;no
63;management;single;secondary;no;2398;yes;no;unknown;10;jan;146;4;247;2;unknown;0;yes
57;retired;married;primary;no;91;yes;no;cellular;15;may;195;11;56;3;unknown;0;yes
23;self-employed;married;tertiary;no;946;yes;no;unknown;3;aug;117;5;140;1;failure;0;no
58;management;married;secondary;no;3321;no;yes;unknown;24;apr;507;1;59;5;unknown;0;yes
30;unemployed;divorced;secondary;no;-4976;no;no;unknown;18;feb;94;11;45;2;unknown;0;yes
54;technician;married;unknown;no;5131;yes;no;cellular;5;jan;143;6;151;5;other;0;no
59;student;single;secondary;no;-100;yes;no;cellular;22;feb;152;7;247;2;unknown;0;yes
63;unemployed;married;secondary;no;1141;no;no;cellular;21;may;254;8;266;5;unknown;0;no
47;housemaid;married;secondary;no;1167;no;no;telephone;5;dec;46;2;368;4;success;0;yes
47;unemployed;married;secondary;no;1280;yes;no;telephone;15;jun;446;1;119;5;unknown;0;yes
66;management;married;primary;no;-2540;yes;yes;cellular;9;nov;252;6;138;0;unknown;0;no
71;management;single;tertiary;no;1855;yes;no;cellular;8;feb;216;10;343;4;unknown;0;no
76;entrepreneur;single;secondary;no;3183;yes;no;cellular;23;dec;89;11;67;4;success;1;yes
42;self-employed;married;tertiary;no;-4733;yes;no;telephone;2;nov;329;3;235;0;unknown;0;yes
48;technician;married;unknown;no;-2502;yes;no;cellular;12;feb;499;11;295;0;unknown;0;no
41;self-employed;single;primary;no;4087;no;no;cellular;8;jan;758;10;178;3;unknown;0;yes
55;self-employed;single;secondary;no;3529;yes;no;cellular;10;aug;31;9;341;3;other;0;no
27;technician;married;primary;no;2296;yes;no;cellular;12;mar;192;4;124;2;unknown;1;no
48;technician;single;secondary;no;-646;yes;no;telephone;17;aug;161;9;37;5;unknown;1;no
31;entrepreneur;married;tertiary;no;3546;no;no;cellular;11;sep;355;11;40;0;unknown;0;yes
56;self-employed;married;primary;yes;-2208;yes;no;cellular;16;jan;53;7;210;2;unknown;0;yes
79;retired;single;unknown;no;987;no;no;unknown;21;oct;275;10;217;0;unknown;0;yes
88;entrepreneur;single;secondary;no;-2519;no;no;cellular;5;nov;466;4;206;5;unknown;0;no
50;student;single;secondary;no;913;yes;no;cellular;12;jun;137;10;147;2;unknown;0;yes
22;management;married;primary;no;-1691;yes;no;unknown;16;dec;33;2;184;0;unknown;0;no
34;services;married;secondary;no;3667;no;no;telephone;11;aug;483;8;384;5;unknown;0;no
25;student;single;secondary;no;2699;no;no;cellular;16;sep;362;4;186;4;failure;0;yes
72;management;married;secondary;no;-311;yes;no;telephone;23;apr;5;5;295;2;unknown;0;yes
88;blue-collar;married;secondary;no;4670;no;no;cellular;18;aug;247;9;341;3;unknown;0;yes
57;retired;single;primary;no;-1468;yes;yes;cellular;13;dec;49;6;48;4;unknown;0;no
30;blue-collar;married;unknown;no;1294;yes;no;unknown;19;oct;432;10;94;1;unknown;0;no
19;services;married;secondary;no;-444;yes;no;cellular;28;aug;244;7;219;1;unknown;0;no
88;entrepreneur;married;secondary;no;3627;no;yes;cellular;1;may;525;6;298;5;failure;0;yes
40;entrepreneur;divorced;tertiary;no;3330;no;no;cellular;17;feb;33;3;348;1;success;0;yes
26;services;married;tertiary;no;5305;no;no;cellular;1;may;265;8;288;3;unknown;0;no
30;blue-collar;married;tertiary;no;1648;no;no;cellular;27;sep;217;3;375;5;unknown;0;no
36;admin.;married;tertiary;no;-7478;yes;no;unknown;21;jul;270;9;397;0;unknown;0;yes
65;services;married;secondary;no;107;no;no;cellular;25;feb;106;6;372;1;unknown;0;no
82;student;married;secondary;no;6095;yes;no;unknown;17;mar;230;6;244;0;unknown;0;no
37;blue-collar;single;tertiary;no;425;no;no;cellular;12;may;355;6;325;3;unknown;0;no
67;unemployed;married;primary;no;-4352;yes;no;cellular;1;jan;230;1;381;1;unknown;0;no
22;self-employed;married;tertiary;no;2747;yes;no;unknown;18;jun;53;9;106;0;unknown;0;no
18;entrepreneur;married;primary;no;2972;no;no;cellular;26;nov;119;11;220;4;unknown;0;no
21;housemaid;married;tertiary;no;-781;yes;no;unknown;4;sep;13;9;250;0;unknown;0;yes
84;entrepreneur;married;tertiary;no;659;yes;no;telephone;7;dec;151;3;143;3;unknown;0;yes
59;blue-collar;single;secondary;no;-1141;no;no;unknown;15;dec;427;7;282;2;unknown;0;yes
75;unemployed;single;secondary;no;2967;no;no;cellular;15;jan;334;2;283;1;unknown;0;no
19;management;single;unknown;no;1569;yes;no;cellular;12;may;50;8;332;3;unknown;1;no
19;self-employed;married;tertiary;no;-2097;yes;no;cellular;5;mar;724;5;86;3;unknown;0;no
79;technician;divorced;tertiary;no;1371;no;no;unknown;14;sep;5;10;353;0;failure;0;no
25;self-employed;single;tertiary;no;-799;yes;no;cellular;15;jan;362;7;384;0;unknown;0;no
29;self-employed;married;primary;no;5783;yes;no;telephone;6;sep;220;1;209;4;unknown;0;yes
55;technician;married;primary;no;4081;no;no;cellular;18;may;32;10;173;0;unknown;0;yes
61;entrepreneur;single;secondary;no;1033;no;no;unknown;25;mar;289;7;125;0;unknown;0;yes
34;student;married;secondary;no;1643;yes;yes;unknown;3;mar;183;10;298;1;unknown;0;no
50;unemployed;married;secondary;no;4441;no;no;unknown;3;aug;92;1;207;3;other;0;no
66;management;single;secondary;no;879;yes;no;cellular;16;jun;483;3;251;1;unknown;0;no
49;self-employed;married;unknown;no;3675;no;no;unknown;22;nov;344;2;368;4;unknown;0;yes
45;blue-collar;divorced;primary;no;5832;no;no;cellular;3;dec;363;4;280;5;unknown;1;no
23;technician;married;tertiary;no;-72;yes;no;telephone;27;jul;176;6;207;2;unknown;0;no
50;services;married;secondary;no;6338;yes;no;cellular;14;sep;290;8;59;5;unknown;0;no
75;entrepreneur;married;secondary;no;5465;no;no;unknown;3;jun;214;5;51;2;success;0;no
63;blue-collar;married;primary;no;2145;no;no;cellular;13;may;319;6;287;5;unknown;0;yes
82;services;divorced;tertiary;no;68;no;no;unknown;13;aug;25;9;170;0;unknown;0;no
27;housemaid;single;tertiary;no;2108;yes;no;cellular;11;jan;254;5;-1;4;other;0;no
18;technician;divorced;secondary;no;666;yes;no;cellular;17;oct;491;10;303;3;unknown;1;no
57;services;married;secondary;no;-978;yes;no;cellular;7;sep;217;2;293;5;unknown;0;no
30;blue-collar;married;secondary;no;2996;yes;no;cellular;28;mar;334;9;389;1;unknown;0;yes
60;admin.;married;secondary;no;-1670;yes;no;unknown;9;jan;83;9;99;5;failure;1;yes
83;retired;married;secondary;no;384;yes;no;telephone;25;feb;175;7;165;1;unknown;0;no
42;student;divorced;secondary;no;423;no;no;cellular;23;sep;524;4;243;2;success;0;no
57;student;married;tertiary;yes;-2695;yes;no;cellular;12;aug;292;1;317;0;failure;1;yes
67;self-employed;married;tertiary;no;3375;no;yes;unknown;6;aug;660;11;78;1;unknown;0;no
28;management;married;primary;no;714;yes;no;cellular;28;jan;398;1;104;3;unknown;0;yes
82;admin.;single;tertiary;no;5296;yes;no;cellular;17;jan;86;1;254;2;unknown;0;no
32;housemaid;married;secondary;no;666;yes;no;unknown;10;oct;308;3;141;5;unknown;0;yes
76;retired;single;tertiary;no;180;no;no;cellular;5;jun;556;3;385;5;unknown;0;no
65;housemaid;single;secondary;no;-1313;no;no;cellular;10;apr;264;3;114;0;success;0;no
28;technician;single;primary;no;1517;yes;yes;cellular;19;jan;349;3;6;4;success;0;yes
70;entrepreneur;married;tertiary;no;1534;no;yes;cellular;15;feb;502;6;269;4;unknown;0;no
32;unemployed;married;primary;no;3625;yes;no;cellular;2;sep;249;10;301;3;unknown;0;yes
61;student;married;tertiary;no;1601;yes;no;cellular;22;oct;360;5;366;2;unknown;0;no
87;technician;divorced;tertiary;no;7681;no;no;unknown;9;apr;489;2;100;3;unknown;0;no
86;retired;divorced;tertiary;no;2768;yes;no;unknown;6;mar;66;2;326;0;failure;0;no
80;student;single;secondary;no;-1560;no;yes;unknown;20;apr;429;10;386;1;success;0;yes
53;retired;married;secondary;no;-1814;no;yes;unknown;21;may;218;2;234;2;success;1;yes
58;entrepreneur;married;secondary;no;3004;no;no;cellular;24;nov;118;11;95;5;unknown;0;no
39;technician;single;primary;no;-1654;yes;no;cellular;1;may;378;1;211;5;unknown;0;yes
84;housemaid;married;tertiary;no;3184;yes;no;cellular;11;oct;218;1;263;3;unknown;0;yes
52;management;single;secondary;no;4086;no;no;cellular;8;oct;205;1;339;5;failure;0;no
73;unemployed;single;secondary;no;4159;yes;no;cellular;17;aug;349;11;188;5;unknown;0;yes
43;self-employed;married;secondary;no;-1207;yes;no;cellular;28;apr;30;1;374;2;success;0;no
71;entrepreneur;married;unknown;no;4164;no;no;cellular;4;dec;374;10;119;0;unknown;0;yes
34;blue-collar;married;tertiary;no;2367;no;no;cellular;19;aug;37;1;310;2;failure;0;yes
70;services;married;secondary;no;-423;yes;no;telephone;13;sep;522;8;286;4;unknown;0;no
21;management;single;secondary;no;921;no;no;unknown;13;dec;447;5;260;2;unknown;0;no
25;self-employed;married;tertiary;no;2813;yes;yes;cellular;27;aug;527;3;260;5;unknown;0;yes
43;services;married;secondary;no;-618;no;no;cellular;21;aug;312;8;317;2;other;0;yes
52;entrepreneur;married;unknown;no;2305;no;yes;cellular;3;oct;135;8;33;4;unknown;0;no
69;blue-collar;married;tertiary;no;5736;yes;no;telephone;13;feb;75;5;191;2;unknown;0;yes
43;management;single;tertiary;no;4292;yes;no;cellular;21;dec;63;2;378;2;unknown;0;yes
19;entrepreneur;single;primary;no;1645;yes;no;telephone;3;apr;185;3;166;0;unknown;0;yes
41;management;married;tertiary;no;2102;yes;no;cellular;15;dec;82;1;45;1;unknown;1;yes
49;management;married;unknown;no;-214;no;no;unknown;14;jul;284;7;385;3;unknown;0;yes
57;blue-collar;married;secondary;no;-129;yes;no;telephone;3;nov;58;4;298;2;unknown;0;no
64;housemaid;married;tertiary;no;-3211;no;yes;cellular;27;apr;95;7;218;2;unknown;1;no
35;self-employed;married;secondary;no;2153;yes;no;unknown;11;oct;143;6;379;0;unknown;0;yes
61;unemployed;divorced;unknown;no;3447;yes;yes;cellular;8;jul;64;8;227;3;failure;1;no
63;entrepreneur;married;secondary;no;1187;no;no;cellular;3;aug;151;6;342;3;unknown;0;yes
73;housemaid;married;primary;no;-1231;no;no;cellular;2;jul;336;4;41;3;unknown;0;no
55;services;married;secondary;no;1598;yes;no;cellular;6;dec;43;7;173;0;unknown;0;no
76;services;single;primary;no;5425;yes;no;unknown;21;sep;20;11;203;5;success;0;no
33;blue-collar;married;secondary;no;4093;yes;no;cellular;8;apr;184;8;209;1;unknown;0;yes
69;unemployed;divorced;tertiary;no;1311;no;no;unknown;13;aug;7;2;147;1;unknown;0;yes
21;entrepreneur;married;secondary;no;7542;no;no;telephone;19;may;487;3;6;1;unknown;0;yes
25;technician;single;unknown;no;9496;no;yes;telephone;10;sep;80;11;107;5;failure;0;no
80;housemaid;single;primary;no;-40;no;no;cellular;12;jun;229;8;321;2;failure;1;yes
52;retired;married;secondary;no;662;no;no;cellular;14;mar;310;7;385;3;unknown;0;yes
62;self-employed;married;unknown;no;3479;no;no;unknown;26;mar;32;8;26;4;other;0;no
61;entrepreneur;married;secondary;no;-1338;no;no;cellular;27;jun;51;3;371;3;success;0;no
68;student;single;tertiary;no;3947;yes;no;unknown;9;jun;93;11;390;4;failure;1;no
35;unemployed;divorced;unknown;no;1704;yes;no;cellular;8;oct;376;3;390;3;unknown;0;no
30;blue-collar;married;secondary;no;2514;no;no;cellular;12;aug;586;11;97;3;unknown;0;yes
21;services;married;tertiary;no;-326;no;no;unknown;6;oct;591;3;136;1;unknown;0;no
80;retired;married;primary;no;-963;no;no;telephone;16;feb;474;4;72;2;unknown;0;no
34;self-employed;married;secondary;no;-4556;yes;no;cellular;15;mar;28;8;257;0;unknown;0;no
59;retired;single;secondary;no;5854;no;no;unknown;14;jan;44;6;56;3;unknown;0;yes
50;admin.;married;tertiary;no;4224;yes;no;cellular;13;jan;497;11;119;3;failure;0;yes
29;services;married;secondary;no;3420;yes;no;cellular;25;feb;525;10;220;3;unknown;0;yes
47;unemployed;divorced;secondary;no;2444;yes;no;cellular;5;aug;379;10;174;5;unknown;0;yes
23;unemployed;single;tertiary;no;-5512;no;no;unknown;22;jun;381;7;155;2;unknown;0;no
30;student;single;primary;no;-853;yes;no;unknown;17;jun;134;11;102;5;unknown;0;yes
28;student;married;unknown;no;631;no;no;unknown;23;sep;563;9;86;3;failure;0;no
77;blue-collar;divorced;primary;no;-1844;no;no;cellular;17;may;73;4;231;0;unknown;0;no
58;unemployed;single;secondary;no;-3680;yes;yes;telephone;22;jan;102;7;65;0;unknown;0;yes
84;housemaid;married;secondary;no;-1532;yes;no;cellular;17;jan;380;5;111;1;unknown;0;no
49;admin.;married;secondary;no;1547;no;no;cellular;20;mar;103;4;23;4;unknown;0;no
32;unemployed;divorced;tertiary;no;1548;no;no;unknown;12;may;39;9;113;2;unknown;0;no
61;blue-collar;married;tertiary;no;4122;no;no;cellular;26;nov;395;5;111;2;failure;0;no
84;housemaid;single;tertiary;no;7589;yes;no;cellular;9;mar;145;3;165;2;other;0;no
56;housemaid;single;primary;no;3457;no;no;telephone;21;sep;310;10;104;5;unknown;0;no
19;entrepreneur;single;secondary;no;873;no;yes;unknown;10;jan;130;4;3;1;unknown;0;yes
39;entrepreneur;single;primary;no;6800;yes;yes;cellular;23;feb;540;9;140;3;success;0;no
84;entrepreneur;divorced;secondary;no;-3345;no;yes;telephone;24;may;311;4;358;4;unknown;0;no
55;unemployed;married;primary;no;-4836;yes;no;unknown;6;aug;434;5;229;4;failure;0;no
86;services;married;secondary;no;-1260;no;no;cellular;18;oct;3;5;84;2;unknown;0;yes
54;management;single;tertiary;no;3836;yes;no;unknown;15;sep;118;6;376;5;unknown;0;no
18;housemaid;married;tertiary;no;1905;yes;no;cellular;12;nov;147;9;250;5;unknown;0;yes
80;unemployed;single;tertiary;no;-1984;yes;no;cellular;8;jun;342;4;268;0;failure;0;no
72;services;single;primary;no;-781;yes;no;cellular;18;mar;234;1;21;1;unknown;0;yes
69;self-employed;married;secondary;no;-2324;yes;no;cellular;24;jun;450;2;101;1;unknown;0;yes
87;student;single;primary;no;-2324;yes;no;unknown;10;apr;329;1;148;5;unknown;0;yes
32;unemployed;married;secondary;no;6053;yes;no;cellular;10;may;10;11;272;0;unknown;0;yes
83;services;divorced;secondary;yes;969;yes;yes;cellular;25;feb;312;1;11;4;unknown;0;yes
34;student;married;tertiary;no;6708;yes;no;cellular;22;oct;254;11;86;5;unknown;0;yes
87;services;single;secondary;no;-1270;yes;no;unknown;21;nov;474;8;399;2;unknown;0;no
31;retired;divorced;secondary;no;2873;no;no;cellular;17;feb;34;1;112;0;unknown;0;no
57;self-employed;married;secondary;no;2081;yes;yes;cellular;3;jan;87;5;346;4;unknown;0;no
74;blue-collar;married;unknown;no;4039;no;no;unknown;5;oct;299;9;63;2;unknown;0;no
23;services;married;primary;no;2163;yes;no;cellular;2;dec;502;6;339;3;failure;0;no
22;admin.;single;tertiary;no;4355;yes;no;unknown;9;jan;180;9;152;1;unknown;1;yes
79;management;married;secondary;no;3062;no;no;cellular;1;aug;339;6;77;2;unknown;0;yes
22;entrepreneur;married;primary;no;-1873;no;no;cellular;14;may;227;4;260;2;unknown;0;yes
62;entrepreneur;divorced;tertiary;no;3598;no;yes;cellular;1;oct;211;3;224;3;unknown;0;yes
85;services;married;primary;no;1090;yes;no;unknown;28;jul;450;8;49;0;unknown;0;yes
62;technician;married;tertiary;no;-930;yes;no;telephone;14;mar;241;9;346;3;unknown;0;no
52;entrepreneur;single;primary;no;3481;yes;no;cellular;1;apr;131;8;300;1;unknown;0;yes
48;technician;married;secondary;no;4164;yes;no;unknown;6;aug;119;3;147;1;unknown;0;yes
63;admin.;married;secondary;no;-50;no;no;unknown;6;apr;158;4;361;5;failure;0;no
59;blue-collar;divorced;tertiary;yes;348;yes;no;cellular;19;feb;81;8;8;0;unknown;0;no
54;unemployed;single;tertiary;no;-2761;yes;yes;cellular;22;jul;172;3;388;4;unknown;0;yes
29;services;married;tertiary;no;-4014;yes;no;cellular;14;aug;231;9;164;4;unknown;1;yes
65;services;single;secondary;no;673;yes;no;cellular;21;oct;277;11;320;2;unknown;0;yes
71;services;married;primary;no;3776;yes;no;unknown;3;aug;22;3;356;0;unknown;0;no
69;management;married;secondary;no;-319;yes;no;telephone;9;may;135;5;334;3;unknown;0;no
23;admin.;single;secondary;no;5683;no;yes;unknown;1;oct;145;8;39;4;unknown;0;yes
68;admin.;married;primary;no;784;no;no;unknown;12;jun;67;9;157;1;unknown;0;no
70;retired;married;unknown;no;796;yes;no;unknown;2;aug;104;3;29;5;unknown;0;yes
31;admin.;divorced;secondary;no;532;yes;no;unknown;23;nov;400;6;91;1;unknown;0;no
79;management;married;primary;no;4344;no;no;unknown;15;dec;492;6;236;2;unknown;0;no
55;unemployed;married;tertiary;no;-1476;yes;yes;cellular;22;jun;157;10;275;5;unknown;1;yes
52;admin.;married;secondary;no;1013;no;no;unknown;17;jun;77;8;86;4;unknown;0;no
70;unemployed;single;tertiary;yes;-242;no;no;unknown;2;nov;203;2;18;2;unknown;0;no
54;unemployed;single;primary;no;-284;yes;yes;cellular;10;jul;236;2;151;5;failure;0;no
57;unemployed;divorced;secondary;no;1505;no;no;cellular;1;oct;358;10;232;2;unknown;0;no
40;unemployed;married;secondary;no;1060;yes;yes;telephone;3;jan;140;8;156;1;unknown;0;yes
84;housemaid;single;secondary;no;4555;yes;no;cellular;27;oct;111;10;381;4;unknown;0;yes
87;admin.;single;tertiary;no;1367;no;no;cellular;27;feb;710;2;278;1;unknown;0;yes
27;technician;married;secondary;no;3065;yes;no;cellular;4;may;38;6;253;3;unknown;0;yes
70;management;married;secondary;no;1918;yes;no;cellular;12;mar;400;1;5;3;unknown;0;yes
19;entrepreneur;single;primary;no;5611;no;no;cellular;9;dec;517;6;371;3;failure;0;no
44;self-employed;married;secondary;no;492;no;no;cellular;13;feb;169;4;261;5;unknown;1;yes
87;student;single;secondary;no;501;yes;no;unknown;18;jul;307;4;393;2;unknown;0;no
30;unemployed;married;tertiary;no;3635;no;no;cellular;11;feb;115;3;193;4;unknown;0;no
45;retired;married;secondary;no;451;yes;no;cellular;23;jan;224;2;269;2;unknown;1;no
33;retired;divorced;primary;no;2895;no;no;cellular;2;apr;451;2;202;1;unknown;0;yes
70;admin.;single;secondary;no;8413;yes;no;cellular;17;jan;244;6;343;2;unknown;1;no
51;blue-collar;married;secondary;no;-1536;yes;no;cellular;20;apr;227;3;281;2;unknown;0;no
60;blue-collar;single;secondary;no;5995;no;no;unknown;16;feb;566;4;153;1;unknown;0;yes
85;services;married;tertiary;no;-76;yes;yes;cellular;19;sep;383;9;254;3;unknown;0;yes
55;housemaid;single;tertiary;no;5413;no;no;cellular;18;mar;361;5;38;5;unknown;0;no
70;housemaid;married;secondary;no;3458;yes;no;cellular;5;jun;57;10;268;2;other;0;yes
25;management;married;secondary;no;3200;no;no;unknown;23;jan;268;7;181;3;unknown;0;no
33;student;married;primary;no;947;yes;no;unknown;8;dec;294;11;115;1;success;0;yes
86;technician;married;tertiary;no;648;yes;no;telephone;5;jun;221;8;340;1;unknown;0;no
79;student;married;secondary;no;-766;yes;no;cellular;16;may;372;11;340;4;unknown;0;no
65;housemaid;married;secondary;no;1418;yes;no;cellular;18;apr;244;8;16;0;unknown;0;no
45;services;divorced;unknown;yes;848;no;no;cellular;11;jan;228;7;243;4;unknown;0;no
32;entrepreneur;married;secondary;no;1973;no;yes;cellular;2;apr;226;5;12;5;unknown;0;no
79;management;married;tertiary;no;-2831;no;yes;telephone;28;nov;1;8;180;4;unknown;0;yes
74;housemaid;married;secondary;no;1467;yes;no;cellular;23;may;149;5;380;4;unknown;0;yes
35;technician;single;secondary;no;5187;yes;no;unknown;14;nov;42;4;197;0;unknown;0;no
60;services;married;primary;no;4232;yes;no;telephone;10;mar;0;1;50;0;other;0;yes
62;management;married;secondary;no;1469;no;no;unknown;25;may;210;10;93;0;unknown;0;no
52;services;single;secondary;no;9087;no;no;unknown;10;aug;106;4;6;4;unknown;0;yes
84;management;married;tertiary;no;-332;yes;no;cellular;6;jan;124;4;314;0;unknown;0;no
26;unemployed;divorced;tertiary;no;1139;yes;yes;telephone;8;may;605;9;357;0;unknown;0;no
36;unemployed;married;secondary;no;-2951;yes;no;unknown;16;nov;205;9;106;3;unknown;0;no
24;unemployed;single;secondary;no;189;yes;yes;cellular;21;jun;229;8;106;0;unknown;0;yes
67;services;married;secondary;no;6763;no;no;cellular;10;dec;223;9;229;5;unknown;0;yes
64;services;single;secondary;no;303;yes;no;cellular;6;feb;262;11;316;4;unknown;0;no
89;student;single;tertiary;no;-3183;no;no;cellular;27;dec;114;11;373;5;unknown;1;yes
57;services;married;primary;no;4015;yes;no;cellular;3;nov;186;6;386;4;unknown;0;yes
28;technician;married;unknown;no;2567;yes;no;cellular;16;may;111;1;217;1;unknown;0;yes
50;retired;married;primary;no;3891;yes;no;cellular;5;jul;78;2;255;3;unknown;0;no
24;admin.;married;secondary;no;508;yes;yes;cellular;19;feb;454;3;9;2;unknown;0;no
66;management;divorced;tertiary;no;-1621;no;no;unknown;11;feb;43;6;21;5;unknown;0;yes
66;self-employed;single;primary;no;849;no;no;cellular;3;may;540;6;387;2;unknown;0;no
79;services;single;secondary;no;3064;yes;yes;unknown;5;apr;67;7;91;3;unknown;1;yes
42;entrepreneur;divorced;primary;no;1183;yes;no;unknown;14;aug;51;9;223;0;unknown;0;yes
40;blue-collar;single;tertiary;no;2563;no;no;cellular;5;nov;607;8;109;0;unknown;0;yes
23;management;single;secondary;no;-210;no;no;cellular;17;jan;75;8;67;4;unknown;0;no
47;entrepreneur;married;primary;no;2675;no;no;cellular;23;nov;232;10;323;5;unknown;0;no
52;unemployed;married;secondary;no;1390;yes;yes;telephone;9;apr;69;1;195;1;unknown;0;no
72;management;married;secondary;no;-717;no;no;unknown;27;aug;192;5;39;5;unknown;0;no
72;services;married;unknown;no;1819;yes;no;cellular;21;dec;47;10;143;4;unknown;0;no
28;student;married;primary;no;239;yes;no;unknown;3;sep;107;2;168;4;unknown;1;yes
38;technician;married;secondary;yes;3251;no;no;cellular;14;jan;186;5;164;3;unknown;0;no
54;student;married;secondary;no;4019;yes;no;unknown;16;aug;437;9;306;0;unknown;0;no
42;blue-collar;married;secondary;no;2904;yes;no;cellular;16;feb;303;10;190;0;unknown;1;no
19;student;married;unknown;no;-3504;yes;no;cellular;13;apr;33;10;242;0;unknown;0;no
78;management;married;secondary;no;-1494;yes;no;unknown;11;jul;243;10;329;4;unknown;0;yes
70;unemployed;married;tertiary;no;-509;no;yes;cellular;16;jul;39;1;370;1;unknown;1;no
55;unemployed;married;secondary;no;-988;yes;no;cellular;19;dec;350;11;91;4;failure;0;yes
40;management;single;secondary;no;-228;yes;yes;unknown;24;apr;435;6;249;4;unknown;0;no
78;services;single;secondary;no;4175;no;no;cellular;3;dec;172;9;262;5;unknown;0;no
20;blue-collar;married;secondary;no;3495;yes;no;unknown;4;jun;119;3;269;5;unknown;0;yes
50;entrepreneur;married;primary;no;128;yes;no;cellular;15;apr;104;9;285;0;unknown;0;no
75;services;married;primary;no;3175;yes;no;cellular;12;aug;280;2;37;3;unknown;0;yes
86;housemaid;married;unknown;no;2386;yes;no;cellular;26;aug;396;6;391;2;unknown;0;no
36;entrepreneur;married;tertiary;no;1301;yes;no;cellular;17;nov;191;1;292;4;unknown;0;yes
64;technician;divorced;secondary;no;4844;no;no;cellular;7;dec;145;7;121;0;unknown;1;yes
31;student;married;secondary;no;-583;yes;no;cellular;24;aug;376;11;156;2;unknown;0;yes
26;admin.;married;tertiary;no;1558;no;no;telephone;25;aug;518;6;75;5;unknown;0;no
43;entrepreneur;single;secondary;no;-1752;no;no;cellular;2;apr;162;1;242;0;unknown;0;no
81;retired;married;secondary;no;-1608;yes;no;unknown;25;mar;236;6;373;2;other;0;yes
67;entrepreneur;married;tertiary;no;-2682;yes;yes;cellular;11;aug;69;3;161;1;other;0;no
53;housemaid;married;secondary;no;-1557;yes;no;unknown;7;sep;236;3;380;4;unknown;0;yes
38;entrepreneur;divorced;secondary;no;1649;yes;no;telephone;4;may;34;7;291;2;unknown;0;no
28;entrepreneur;married;secondary;no;492;yes;no;unknown;3;jul;504;4;309;1;unknown;0;yes
37;self-employed;single;primary;no;590;yes;no;cellular;2;jul;397;5;19;3;unknown;0;yes
28;entrepreneur;single;tertiary;no;502;yes;yes;unknown;22;jun;567;2;151;1;failure;0;yes
31;housemaid;married;tertiary;no;6718;yes;no;telephone;26;jan;107;7;192;3;unknown;0;yes
67;retired;single;unknown;no;-2011;yes;no;unknown;27;jun;634;8;388;2;unknown;0;yes
27;services;married;secondary;no;-2332;no;no;cellular;15;mar;268;10;320;5;unknown;0;no
21;services;married;tertiary;no;-1136;yes;no;unknown;8;feb;193;5;230;3;unknown;0;no
57;unemployed;married;tertiary;no;1184;no;no;cellular;25;jun;471;1;339;5;unknown;0;no
38;blue-collar;divorced;secondary;no;2944;no;no;unknown;26;oct;15;3;82;1;unknown;0;no
50;admin.;married;unknown;no;3255;yes;yes;cellular;12;oct;226;11;56;0;unknown;0;yes
28;services;married;unknown;no;4233;no;no;cellular;6;may;188;9;329;2;unknown;0;yes
33;student;divorced;tertiary;no;1075;yes;no;unknown;24;jul;303;6;314;2;unknown;0;no
49;entrepreneur;married;unknown;no;211;no;no;cellular;11;mar;131;10;189;2;unknown;0;no
67;housemaid;divorced;secondary;no;6300;yes;no;telephone;16;apr;112;3;122;0;unknown;0;no
47;services;single;secondary;no;-6952;yes;no;cellular;25;jun;143;1;17;0;unknown;0;yes
57;admin.;single;tertiary;no;1588;yes;no;unknown;5;may;161;8;51;3;failure;0;no
55;management;single;tertiary;no;2690;no;no;cellular;9;aug;235;10;309;1;unknown;0;no
37;self-employed;single;primary;no;7021;no;no;cellular;6;sep;477;2;243;2;success;1;yes
38;blue-collar;married;secondary;no;-3581;yes;no;unknown;22;jul;211;1;325;4;unknown;0;yes
48;housemaid;divorced;secondary;no;139;yes;yes;cellular;4;jan;373;9;14;2;unknown;0;yes
20;blue-collar;divorced;tertiary;no;-2672;yes;no;cellular;5;oct;125;8;341;4;success;0;no
67;blue-collar;divorced;secondary;no;-3994;yes;no;unknown;10;jun;184;1;218;2;unknown;0;yes
62;unemployed;single;secondary;no;786;yes;no;cellular;11;nov;2;10;60;4;unknown;0;no
40;student;married;secondary;no;3899;no;no;cellular;21;apr;229;11;382;1;unknown;0;no
44;retired;married;primary;no;5017;no;no;cellular;27;aug;141;3;130;0;unknown;0;no
41;unemployed;married;unknown;no;-195;no;yes;cellular;17;mar;175;10;139;1;failure;0;no
64;student;married;secondary;no;3399;yes;no;unknown;7;jul;336;11;315;0;unknown;0;no
72;retired;single;secondary;no;806;no;no;unknown;19;nov;347;5;184;2;unknown;0;yes
25;self-employed;single;secondary;no;3069;no;no;unknown;20;jul;503;8;303;1;unknown;0;no
47;blue-collar;married;tertiary;no;4863;yes;no;unknown;3;dec;101;6;226;1;unknown;0;no
18;self-employed;married;secondary;no;817;no;no;unknown;26;may;356;11;353;1;unknown;0;yes
50;blue-collar;single;secondary;no;4630;yes;yes;cellular;15;feb;346;2;98;2;unknown;0;no
35;unemployed;married;secondary;no;-2239;yes;no;telephone;22;jun;237;3;216;0;unknown;0;yes
42;management;divorced;tertiary;no;3369;no;no;unknown;2;oct;557;3;73;2;failure;0;no
50;unemployed;single;tertiary;no;4501;yes;no;telephone;27;jul;92;2;120;1;unknown;0;yes
41;management;married;tertiary;no;4190;no;no;unknown;28;aug;250;1;396;3;unknown;0;no
46;unemployed;married;secondary;no;-2155;no;no;unknown;27;oct;280;8;160;2;unknown;0;no
73;housemaid;single;unknown;no;782;no;no;cellular;15;apr;19;7;279;2;unknown;1;no
76;retired;married;tertiary;no;2306;no;yes;cellular;4;sep;472;6;113;3;failure;0;yes
18;retired;single;secondary;no;2729;no;no;cellular;13;dec;198;9;8;0;unknown;0;no
45;management;married;unknown;no;1747;yes;no;unknown;17;mar;307;9;254;0;failure;0;no
78;housemaid;married;tertiary;no;5687;yes;no;unknown;13;mar;535;3;82;2;unknown;0;no
56;unemployed;married;tertiary;no;-2486;no;no;cellular;12;dec;263;5;194;2;unknown;0;yes
32;blue-collar;single;tertiary;no;679;yes;no;cellular;10;dec;228;8;304;1;unknown;0;no
60;admin.;divorced;secondary;no;-3663;yes;no;cellular;20;dec;233;1;224;2;unknown;0;no
28;technician;divorced;secondary;no;3263;no;no;cellular;17;nov;19;6;16;1;unknown;0;no
19;admin.;married;secondary;no;3063;yes;no;cellular;21;apr;143;6;267;0;other;0;no
63;self-employed;single;secondary;no;11445;no;yes;unknown;3;jul;189;4;158;1;unknown;0;yes
55;self-employed;married;secondary;no;4479;yes;no;cellular;7;dec;239;8;91;5;success;0;no
72;admin.;single;secondary;no;2394;yes;no;telephone;25;sep;495;4;272;0;unknown;0;no
42;admin.;divorced;tertiary;no;2164;no;yes;unknown;23;jul;405;4;357;5;unknown;0;yes
79;housemaid;married;primary;no;450;yes;no;unknown;19;aug;102;8;86;4;success;0;yes
48;blue-collar;divorced;tertiary;no;1791;no;yes;cellular;12;mar;215;6;13;0;unknown;0;no
71;management;married;secondary;no;2228;yes;no;cellular;12;may;500;3;335;4;unknown;0;no
25;unemployed;married;primary;no;-4494;yes;no;cellular;19;sep;124;7;93;1;unknown;0;no
24;services;married;primary;no;1990;no;no;cellular;22;dec;174;4;117;2;unknown;0;yes
74;services;divorced;secondary;no;1703;yes;no;cellular;12;jan;41;8;44;0;unknown;0;yes
78;retired;married;secondary;no;6662;yes;no;cellular;26;may;708;6;24;0;success;0;yes
85;self-employed;single;secondary;no;1004;yes;no;telephone;10;sep;374;3;160;4;unknown;0;yes
41;housemaid;married;secondary;no;-896;no;no;cellular;9;jun;120;1;238;3;failure;0;no
19;services;single;secondary;no;2205;no;no;cellular;20;nov;212;3;377;2;unknown;1;yes
88;unemployed;single;primary;no;1623;yes;no;cellular;23;aug;55;8;185;5;unknown;0;no
61;self-employed;married;secondary;no;1008;yes;no;cellular;16;may;618;8;329;5;unknown;0;no
35;student;single;primary;no;-2436;no;no;cellular;27;oct;238;10;369;5;unknown;1;yes
72;housemaid;single;primary;no;931;no;no;cellular;24;may;285;4;194;2;success;0;yes
83;technician;married;secondary;no;-337;yes;yes;cellular;6;may;205;11;219;4;unknown;0;yes
38;services;married;tertiary;no;750;no;yes;cellular;23;apr;14;9;157;0;unknown;0;no
73;services;married;tertiary;no;3596;yes;no;cellular;23;dec;169;4;305;4;unknown;0;no
74;technician;divorced;tertiary;no;-623;yes;yes;cellular;25;may;104;3;9;4;unknown;0;yes
54;technician;single;tertiary;no;736;no;no;cellular;15;dec;533;7;376;0;unknown;0;no
63;management;single;secondary;no;3023;no;no;cellular;22;jul;225;9;193;4;unknown;0;yes
37;unemployed;single;secondary;no;591;yes;no;telephone;21;feb;403;6;45;5;success;1;no
84;retired;single;primary;no;9227;no;no;telephone;26;oct;123;2;97;1;other;0;no
88;retired;married;secondary;no;2146;yes;no;telephone;9;mar;488;9;216;5;unknown;0;no
88;services;married;secondary;no;-2325;no;no;cellular;5;nov;226;5;-1;1;unknown;1;yes
71;technician;single;secondary;no;-1117;yes;yes;cellular;22;dec;434;1;309;5;failure;0;yes
21;student;married;unknown;no;-1419;no;no;cellular;18;jul;333;3;337;5;unknown;0;yes
44;unemployed;married;primary;no;-1075;yes;yes;cellular;28;may;213;7;230;2;unknown;0;yes
50;services;single;primary;no;3010;yes;no;telephone;3;jun;419;6;287;5;unknown;0;no
87;housemaid;divorced;tertiary;no;-1919;no;yes;unknown;1;oct;1057;2;30;3;unknown;0;no
57;self-employed;single;secondary;no;406;yes;no;telephone;14;may;6;8;375;4;unknown;0;no
56;student;married;secondary;no;4828;yes;no;telephone;18;jan;195;7;160;2;unknown;0;yes
28;technician;divorced;primary;no;-159;no;no;unknown;25;aug;38;6;184;1;unknown;0;yes
75;entrepreneur;married;secondary;no;3414;yes;yes;unknown;19;sep;302;1;104;1;unknown;0;no
42;student;married;unknown;no;-3648;no;no;unknown;21;feb;265;2;195;1;unknown;0;no
24;housemaid;divorced;tertiary;no;288;yes;no;cellular;11;may;608;2;3;1;unknown;0;no
89;services;single;secondary;no;-1257;yes;no;cellular;17;jun;168;11;221;3;failure;0;no
31;self-employed;divorced;secondary;no;2299;yes;no;cellular;4;aug;410;3;107;0;unknown;0;yes
19;retired;single;secondary;no;-1704;yes;no;cellular;20;jul;195;1;352;0;unknown;0;no
23;blue-collar;single;secondary;no;7608;yes;no;cellular;4;oct;250;4;69;5;unknown;0;no
50;unemployed;married;secondary;no;-3518;yes;no;telephone;5;aug;46;9;77;1;unknown;0;no
25;housemaid;married;primary;no;4807;yes;no;cellular;5;sep;338;3;254;3;unknown;1;yes
78;technician;divorced;tertiary;no;4034;yes;no;cellular;27;jan;450;8;21;0;unknown;0;no
54;blue-collar;divorced;tertiary;no;2329;no;no;cellular;5;dec;100;1;260;4;success;0;no
41;housemaid;married;tertiary;no;1563;yes;no;cellular;6;jun;328;10;263;3;unknown;0;no
18;unemployed;married;tertiary;no;6964;yes;no;cellular;28;jun;148;7;207;0;unknown;0;no
52;management;married;secondary;no;8812;yes;no;cellular;5;oct;229;10;200;3;unknown;0;no
28;admin.;married;tertiary;no;778;no;no;cellular;16;may;302;8;309;0;other;0;yes
88;unemployed;divorced;tertiary;no;1873;yes;no;cellular;4;oct;19;2;234;5;unknown;0;no
38;entrepreneur;married;primary;no;-257;no;no;unknown;13;oct;20;8;318;3;unknown;0;no
52;unemployed;married;secondary;no;-2107;yes;no;cellular;27;jul;393;11;354;0;unknown;1;yes
19;student;divorced;secondary;no;2789;no;no;cellular;10;jul;84;6;108;2;unknown;0;no
27;unemployed;married;unknown;no;2148;yes;yes;cellular;13;nov;475;2;362;5;success;0;yes
32;blue-collar;married;tertiary;no;-3430;yes;no;cellular;25;sep;135;7;224;4;unknown;0;no
21;admin.;married;tertiary;no;2768;yes;no;telephone;15;oct;407;7;147;1;other;0;yes
70;unemployed;married;secondary;no;2249;no;no;cellular;27;sep;221;9;329;3;failure;0;yes
86;technician;married;unknown;no;-403;yes;no;cellular;11;oct;201;2;273;5;unknown;0;yes
88;entrepreneur;married;primary;no;-599;no;yes;unknown;7;oct;249;8;283;2;unknown;0;yes
37;technician;married;secondary;no;2671;yes;no;cellular;1;oct;69;5;193;4;unknown;0;yes
74;self-employed;married;secondary;no;6226;no;no;cellular;12;may;444;3;14;2;unknown;0;no
54;management;married;tertiary;no;2595;no;no;unknown;2;sep;133;9;219;1;unknown;0;no
21;retired;married;tertiary;no;3741;yes;no;cellular;17;jul;53;7;306;0;unknown;0;no
24;technician;divorced;secondary;no;-1096;no;no;cellular;1;nov;652;11;324;5;unknown;0;no
57;services;married;secondary;no;157;no;no;cellular;3;jun;150;3;24;3;unknown;0;yes
48;student;married;secondary;no;3224;yes;no;unknown;16;feb;47;4;107;3;unknown;0;yes
18;management;divorced;primary;no;-2675;yes;no;unknown;18;oct;382;11;286;0;unknown;0;yes
84;blue-collar;married;tertiary;no;2021;yes;no;cellular;6;jul;272;5;31;3;unknown;0;no
70;student;married;secondary;no;2880;no;no;cellular;21;jan;421;5;350;1;unknown;0;no
54;unemployed;single;secondary;no;1284;yes;no;cellular;12;oct;236;9;270;5;unknown;0;yes
89;admin.;single;secondary;no;2358;no;no;cellular;6;jan;411;2;312;3;unknown;0;no
87;management;married;tertiary;no;1573;yes;no;unknown;13;feb;630;7;117;2;unknown;0;yes
88;retired;single;tertiary;no;-466;no;no;cellular;26;sep;68;4;240;2;unknown;0;no
36;management;single;secondary;no;-2134;no;no;cellular;15;feb;128;10;114;0;unknown;0;no
81;services;married;primary;no;1129;yes;yes;cellular;24;apr;100;2;43;4;unknown;0;no
54;blue-collar;married;tertiary;no;5313;no;no;unknown;25;may;295;4;44;0;unknown;0;yes
70;retired;married;secondary;no;4473;no;no;unknown;7;dec;245;3;62;5;unknown;1;yes
79;management;single;secondary;no;364;yes;no;telephone;2;jul;472;3;380;1;unknown;0;no
29;retired;married;secondary;no;301;yes;no;unknown;19;dec;214;3;31;5;unknown;1;no
50;management;married;unknown;no;80;yes;no;unknown;14;sep;203;7;332;5;unknown;0;no
27;services;married;tertiary;no;81;yes;yes;unknown;11;apr;259;6;208;2;unknown;0;no
38;retired;divorced;secondary;no;2263;yes;yes;telephone;4;jul;173;6;290;5;unknown;0;yes
47;student;married;primary;no;4572;yes;no;cellular;5;may;293;10;264;4;success;0;yes
79;blue-collar;married;secondary;yes;8188;yes;no;unknown;26;mar;265;10;214;3;unknown;0;no
80;unemployed;married;secondary;no;-1089;yes;no;cellular;5;jul;327;3;368;1;unknown;0;yes
46;student;single;primary;no;3353;yes;no;cellular;26;nov;174;1;5;3;unknown;0;no
41;unemployed;married;secondary;no;3027;yes;no;unknown;8;oct;330;8;202;3;unknown;0;yes
56;services;divorced;primary;no;410;yes;no;unknown;4;apr;343;1;388;1;unknown;0;yes
83;retired;married;secondary;no;-1678;yes;no;cellular;15;apr;154;7;240;3;success;0;yes
88;blue-collar;married;secondary;no;2226;yes;no;cellular;4;nov;203;2;73;5;unknown;0;yes
34;blue-collar;married;secondary;no;7759;no;no;unknown;8;aug;184;2;93;2;failure;0;yes
31;technician;married;tertiary;no;2207;no;no;cellular;4;jun;25;8;284;2;unknown;1;no
68;technician;married;secondary;yes;-961;no;no;cellular;1;oct;122;9;247;3;unknown;0;no
39;management;single;tertiary;no;928;no;no;cellular;3;jan;372;4;216;2;unknown;0;yes
32;student;married;tertiary;no;-2020;no;no;cellular;28;oct;389;4;10;3;unknown;0;no
20;entrepreneur;single;unknown;no;1455;no;no;cellular;5;jun;287;2;108;5;unknown;0;yes
47;self-employed;married;secondary;no;3450;yes;no;cellular;7;jun;17;10;174;4;unknown;0;yes
46;technician;single;secondary;no;-677;no;no;unknown;5;aug;415;10;179;4;unknown;0;yes
58;retired;married;secondary;no;-8366;yes;no;cellular;3;mar;590;2;235;1;unknown;0;yes
32;unemployed;married;primary;no;2230;no;no;cellular;5;nov;338;9;228;4;unknown;0;no
69;retired;married;primary;no;-104;yes;no;cellular;3;feb;219;11;183;0;failure;0;yes
66;retired;divorced;primary;no;-852;no;no;cellular;5;jul;47;10;279;2;unknown;0;yes
51;management;divorced;secondary;no;-877;yes;yes;unknown;13;jun;217;5;263;1;success;0;yes
31;admin.;single;tertiary;no;2600;no;no;cellular;11;dec;121;2;296;0;unknown;0;no
54;self-employed;divorced;secondary;no;176;no;no;unknown;6;aug;180;6;120;5;unknown;0;no
66;student;married;tertiary;no;4191;no;no;cellular;8;may;477;4;8;2;unknown;0;yes
44;admin.;married;tertiary;no;4257;yes;yes;unknown;14;jun;396;4;399;3;unknown;0;yes
36;retired;married;primary;no;588;yes;no;cellular;12;mar;151;7;347;2;success;0;yes
54;blue-collar;divorced;secondary;no;-162;no;no;unknown;4;jan;237;7;96;4;unknown;0;no
43;housemaid;married;primary;no;1783;yes;no;cellular;26;jun;219;1;286;4;unknown;1;no
46;student;married;tertiary;no;963;yes;no;telephone;11;jan;133;7;123;0;success;0;yes
43;retired;single;tertiary;no;-3857;no;no;cellular;10;aug;48;11;311;4;unknown;0;yes
39;housemaid;married;tertiary;no;7142;no;yes;cellular;17;nov;385;3;61;3;unknown;0;yes
69;student;single;tertiary;no;3543;yes;no;cellular;9;feb;456;11;134;5;unknown;0;yes
51;self-employed;married;secondary;no;9;yes;yes;unknown;18;dec;98;2;215;0;unknown;0;yes
51;management;single;tertiary;no;-4349;no;no;cellular;26;feb;89;6;275;0;unknown;0;yes
65;housemaid;divorced;tertiary;no;858;no;yes;cellular;24;jun;401;2;110;1;unknown;0;no
44;retired;single;tertiary;no;-363;no;no;cellular;10;aug;86;11;242;2;unknown;0;no
25;admin.;married;secondary;no;1218;no;no;cellular;3;aug;57;9;160;4;success;1;yes
79;housemaid;married;primary;no;-5091;yes;no;telephone;4;may;131;11;131;4;unknown;0;no
22;self-employed;married;primary;no;-16;no;yes;cellular;6;jan;491;1;330;4;unknown;0;no
59;management;married;primary;no;166;no;no;cellular;18;oct;115;7;62;2;success;0;no
37;retired;single;secondary;no;823;yes;no;unknown;14;jun;90;10;289;0;success;0;no
33;retired;married;tertiary;no;691;yes;no;cellular;8;apr;125;1;230;1;failure;0;yes
21;technician;married;tertiary;no;1556;no;yes;cellular;6;jun;10;11;268;2;unknown;0;no
82;student;married;primary;no;5963;yes;no;cellular;15;jun;43;2;306;4;unknown;0;no
48;admin.;divorced;secondary;no;-145;no;no;telephone;27;aug;167;2;321;5;unknown;0;no
42;unemployed;married;primary;no;-1333;yes;no;cellular;22;jul;60;4;133;0;success;0;yes
71;admin.;married;unknown;yes;-3781;yes;no;telephone;8;aug;140;11;159;5;unknown;0;no
20;entrepreneur;married;tertiary;no;-133;no;yes;unknown;16;dec;272;10;346;2;unknown;0;no
58;self-employed;married;secondary;yes;-2803;yes;yes;cellular;15;dec;295;5;206;3;unknown;0;no
53;entrepreneur;divorced;secondary;no;4280;yes;no;cellular;23;jan;191;6;346;4;other;0;no
57;unemployed;married;secondary;no;1111;yes;no;cellular;10;aug;19;1;393;2;failure;1;no
26;self-employed;single;secondary;no;4218;no;no;cellular;10;mar;137;10;303;0;failure;1;no
86;student;single;secondary;no;5797;no;no;cellular;13;jan;289;1;329;1;unknown;0;yes
35;self-employed;single;secondary;no;-1195;yes;yes;cellular;5;feb;344;8;45;5;unknown;0;yes
66;services;single;secondary;no;357;no;no;cellular;25;aug;165;5;297;3;unknown;0;no
71;unemployed;single;secondary;no;5395;no;yes;cellular;12;dec;79;9;202;2;unknown;1;no
42;self-employed;married;secondary;no;1967;yes;no;cellular;25;oct;236;1;209;5;unknown;0;yes
27;management;married;tertiary;no;2964;yes;yes;unknown;12;feb;149;3;392;2;failure;0;no
39;entrepreneur;single;secondary;no;4498;no;no;unknown;19;mar;16;8;99;4;unknown;0;no
76;admin.;single;secondary;no;4089;yes;no;cellular;21;oct;281;8;99;5;other;0;yes
83;self-employed;married;unknown;no;2631;yes;no;unknown;23;aug;223;1;72;2;unknown;0;yes
85;unemployed;married;secondary;no;5589;yes;yes;unknown;20;jul;1;1;8;0;unknown;0;no
34;housemaid;married;secondary;no;1195;no;no;cellular;20;mar;93;5;61;2;unknown;1;no
61;self-employed;married;primary;no;2958;yes;no;cellular;9;oct;182;8;204;2;unknown;0;yes
28;services;married;tertiary;no;869;yes;no;cellular;2;nov;84;7;142;3;unknown;0;no
69;retired;married;secondary;no;4461;yes;no;unknown;27;apr;74;6;102;3;success;0;no
47;self-employed;married;secondary;no;-702;no;yes;unknown;24;dec;346;7;398;3;unknown;0;no
69;technician;single;primary;no;-3648;yes;no;cellular;8;jun;122;4;294;0;unknown;0;no
67;self-employed;single;tertiary;no;3364;yes;no;cellular;1;jan;60;7;71;5;unknown;0;no
89;management;single;secondary;no;-1660;yes;yes;telephone;28;dec;436;8;376;1;unknown;0;yes
53;unemployed;single;secondary;no;-1957;yes;yes;cellular;3;mar;289;3;253;4;unknown;0;no
42;blue-collar;married;secondary;no;5194;no;no;cellular;1;feb;359;1;169;3;unknown;0;no
55;entrepreneur;married;secondary;no;4298;yes;no;cellular;28;jun;62;4;142;1;unknown;0;no
29;self-employed;single;secondary;no;372;no;no;unknown;19;aug;163;9;318;5;unknown;0;no
26;management;single;secondary;no;-7736;yes;no;cellular;17;aug;217;10;169;1;unknown;0;no
55;technician;single;secondary;no;2999;no;no;cellular;18;dec;265;6;284;2;unknown;0;no
77;retired;single;secondary;no;3387;no;no;cellular;21;jun;677;10;186;1;success;0;yes
56;unemployed;single;tertiary;no;2950;yes;no;cellular;17;feb;236;5;266;3;unknown;0;no
74;housemaid;single;secondary;no;2812;no;no;telephone;21;jun;436;8;300;0;unknown;0;yes
30;housemaid;single;secondary;no;855;no;no;cellular;22;nov;677;6;7;4;unknown;0;no
50;management;single;unknown;no;168;no;no;cellular;6;jan;563;1;44;0;failure;0;no
62;student;married;tertiary;no;-1918;no;no;unknown;17;apr;251;3;288;0;unknown;1;no
43;admin.;married;secondary;no;-692;no;no;unknown;10;sep;449;8;111;5;unknown;0;no
19;technician;married;tertiary;no;2364;yes;no;cellular;18;mar;245;7;309;0;unknown;0;yes
23;admin.;married;primary;no;2413;yes;no;telephone;5;jun;212;9;147;1;unknown;0;no
84;student;single;tertiary;no;3769;no;no;cellular;25;feb;388;3;24;2;unknown;0;yes
61;technician;married;secondary;no;-2819;no;no;cellular;8;feb;396;3;171;2;unknown;0;no
37;unemployed;married;secondary;no;-3577;yes;no;cellular;6;sep;321;11;362;3;success;0;yes
36;housemaid;single;unknown;no;260;no;no;cellular;4;oct;186;5;394;0;unknown;0;yes
20;housemaid;married;primary;no;-1659;yes;yes;cellular;15;jan;123;9;181;1;unknown;0;yes
86;student;single;tertiary;no;1957;yes;no;cellular;10;jul;21;1;259;2;unknown;0;yes
25;admin.;married;secondary;no;-2529;yes;no;unknown;20;jun;252;10;307;0;failure;0;no
72;retired;married;primary;no;4940;yes;yes;cellular;12;may;267;10;160;0;unknown;0;no
35;blue-collar;married;unknown;no;-1066;no;no;cellular;9;sep;386;8;277;4;unknown;0;yes
42;entrepreneur;married;secondary;no;6178;yes;no;unknown;9;aug;71;4;348;5;unknown;0;yes
37;unemployed;married;tertiary;no;2972;no;yes;cellular;7;feb;240;1;318;4;unknown;0;yes
77;unemployed;married;tertiary;no;-1765;no;no;cellular;20;dec;179;3;220;5;unknown;0;no
20;management;married;primary;no;7684;no;yes;cellular;4;mar;208;6;3;5;unknown;0;yes
43;technician;married;secondary;no;2196;yes;no;cellular;26;jul;469;11;281;5;unknown;0;yes
38;retired;single;secondary;no;1898;yes;no;telephone;8;feb;476;8;255;4;unknown;0;yes
37;services;married;secondary;no;1204;no;no;cellular;1;aug;423;6;187;1;unknown;0;yes
31;unemployed;married;primary;no;2799;no;no;unknown;19;jan;238;7;123;4;unknown;0;no
83;housemaid;married;secondary;no;2976;yes;no;cellular;20;apr;182;9;183;4;unknown;0;yes
45;unemployed;divorced;tertiary;no;-1194;yes;yes;cellular;18;jun;460;8;146;3;unknown;0;yes
48;unemployed;single;primary;no;759;no;no;cellular;11;feb;562;2;51;2;unknown;0;yes
45;admin.;divorced;tertiary;no;1747;yes;no;cellular;5;jun;539;6;49;5;unknown;0;no
88;entrepreneur;divorced;secondary;no;3148;yes;no;cellular;25;jul;317;10;127;3;unknown;0;no
42;retired;married;primary;no;3199;no;no;cellular;14;dec;227;7;225;4;unknown;0;no
42;technician;single;primary;no;1893;no;no;cellular;14;may;358;5;2;5;unknown;0;no
41;services;married;primary;no;-250;yes;no;unknown;6;sep;371;7;287;0;unknown;0;no
41;housemaid;divorced;secondary;no;-404;no;no;unknown;22;apr;139;8;4;3;unknown;0;yes
24;student;married;primary;no;-2174;yes;no;cellular;27;dec;181;1;92;4;unknown;0;yes
61;blue-collar;married;tertiary;no;3177;no;no;cellular;19;dec;829;3;365;2;unknown;0;yes
19;student;divorced;tertiary;no;-447;no;no;cellular;21;oct;139;7;57;1;unknown;0;yes
34;technician;single;primary;no;824;yes;no;cellular;20;mar;390;2;92;3;unknown;1;no
32;management;divorced;tertiary;no;2113;no;yes;cellular;5;dec;117;6;380;4;unknown;0;yes
38;student;married;unknown;no;1411;no;yes;unknown;13;may;195;9;22;3;unknown;0;yes
72;technician;married;primary;no;1383;yes;no;cellular;9;mar;35;6;92;5;unknown;0;yes
61;entrepreneur;married;unknown;no;-1314;no;no;cellular;12;may;36;9;219;3;unknown;0;no
89;services;married;secondary;no;2206;no;no;cellular;24;mar;343;1;127;0;unknown;0;no
43;management;married;secondary;no;461;yes;no;cellular;24;may;319;6;232;0;unknown;0;no
84;blue-collar;married;primary;no;1140;yes;yes;unknown;16;may;588;10;351;0;unknown;0;no
21;management;single;tertiary;no;4873;yes;no;cellular;4;dec;225;7;179;4;unknown;0;yes
54;self-employed;married;tertiary;no;2915;no;no;cellular;10;jun;251;10;163;4;other;0;no
75;student;single;unknown;no;-312;yes;no;cellular;21;sep;211;5;119;0;unknown;0;no
56;blue-collar;divorced;unknown;no;953;yes;no;unknown;17;oct;25;1;128;4;success;0;yes
85;blue-collar;single;primary;no;6198;no;no;cellular;16;dec;337;4;228;4;unknown;0;yes
40;admin.;married;secondary;no;477;yes;no;cellular;11;jul;186;10;22;4;failure;0;yes
20;services;married;secondary;no;1519;yes;no;cellular;28;aug;67;3;53;2;unknown;0;no
73;admin.;married;primary;no;3392;yes;yes;cellular;26;dec;441;10;314;2;unknown;0;no
22;self-employed;single;primary;no;2045;yes;no;unknown;19;sep;105;7;172;0;unknown;0;no
73;services;married;tertiary;no;281;no;no;cellular;25;apr;286;9;292;5;failure;0;no
70;management;married;tertiary;no;-830;yes;yes;cellular;6;aug;293;11;340;4;unknown;0;no
78;self-employed;divorced;primary;no;1369;yes;no;unknown;5;jul;262;11;104;3;failure;0;no
52;entrepreneur;single;unknown;no;3374;yes;yes;unknown;20;aug;19;6;147;5;unknown;0;no
82;unemployed;single;tertiary;no;5362;no;no;cellular;19;aug;499;8;241;5;unknown;0;yes
30;admin.;married;secondary;no;-2996;yes;no;cellular;7;jun;74;2;276;1;failure;0;yes
49;unemployed;divorced;secondary;no;6688;yes;no;unknown;24;feb;271;2;17;2;unknown;0;yes
26;unemployed;married;tertiary;no;534;no;yes;cellular;21;may;389;11;223;1;unknown;0;yes
73;management;married;secondary;no;4174;yes;no;cellular;6;oct;383;2;88;2;other;0;yes
69;housemaid;divorced;secondary;no;-812;no;no;cellular;18;dec;18;1;178;0;unknown;0;yes
76;student;divorced;secondary;no;-3432;yes;no;unknown;25;aug;218;1;323;3;unknown;0;yes
73;services;married;primary;no;-2538;no;yes;cellular;22;oct;436;1;57;0;unknown;0;yes
40;management;married;secondary;no;407;no;no;cellular;12;mar;502;5;378;4;unknown;0;yes
22;management;married;secondary;no;2972;no;no;telephone;23;oct;342;1;132;5;unknown;0;no
84;self-employed;single;secondary;no;1493;no;yes;unknown;9;may;385;2;307;0;unknown;0;yes
53;admin.;single;secondary;no;649;no;no;cellular;28;sep;363;10;68;1;unknown;0;no
24;self-employed;married;secondary;no;4754;yes;no;cellular;28;aug;192;1;286;0;unknown;0;yes
84;housemaid;married;secondary;no;1405;no;no;telephone;9;oct;2;2;335;4;failure;0;yes
89;blue-collar;single;secondary;no;2239;no;no;cellular;20;sep;167;6;264;4;failure;0;yes
50;unemployed;single;primary;no;10733;yes;yes;telephone;27;aug;444;3;372;3;failure;0;yes
73;self-employed;married;unknown;no;1375;yes;no;cellular;9;jun;442;4;23;3;unknown;0;no
20;housemaid;single;secondary;no;-687;yes;yes;unknown;21;oct;260;6;366;3;success;0;yes
24;management;divorced;secondary;no;2842;no;no;cellular;15;sep;153;3;219;1;unknown;0;no
37;admin.;married;secondary;no;3602;no;no;cellular;13;feb;566;9;95;3;unknown;0;no
65;entrepreneur;single;tertiary;no;2302;no;no;cellular;19;apr;244;8;267;2;unknown;0;no
27;technician;single;secondary;no;1870;no;no;cellular;14;apr;347;1;191;2;unknown;0;no
20;admin.;married;secondary;no;5846;no;no;cellular;20;apr;21;7;303;4;unknown;0;yes
66;student;divorced;tertiary;no;5471;no;no;cellular;27;sep;208;4;290;5;unknown;0;no
73;blue-collar;single;tertiary;no;1048;yes;no;unknown;6;jan;437;7;282;1;unknown;0;yes
71;entrepreneur;married;secondary;no;-530;yes;no;cellular;5;apr;53;8;335;3;unknown;0;no
75;services;married;secondary;no;2687;no;no;cellular;18;jun;212;4;127;3;unknown;0;no
75;technician;single;unknown;no;-547;no;no;unknown;27;mar;301;7;87;5;unknown;0;no
61;admin.;married;unknown;no;4055;no;no;cellular;24;mar;505;9;229;3;success;0;yes
55;management;married;tertiary;no;2672;no;no;telephone;12;jun;415;9;88;2;unknown;0;no
79;admin.;married;tertiary;no;9410;no;no;cellular;23;aug;558;2;321;5;other;0;yes
43;retired;single;tertiary;no;5819;yes;no;cellular;26;may;386;7;364;5;success;0;yes
25;management;divorced;unknown;no;-1836;yes;no;cellular;9;dec;397;5;195;4;unknown;0;no
72;blue-collar;single;primary;no;-156;yes;no;unknown;3;jun;28;10;314;5;unknown;0;no
37;unemployed;single;unknown;no;-4341;no;yes;cellular;28;dec;23;5;161;4;failure;0;yes
88;management;married;tertiary;no;-5013;yes;no;cellular;5;jul;556;3;350;1;unknown;0;yes
47;blue-collar;married;secondary;no;1741;yes;no;cellular;1;may;129;9;30;4;unknown;0;no
79;admin.;divorced;secondary;no;-2177;yes;no;cellular;9;feb;111;5;393;5;failure;0;yes
21;management;married;secondary;no;6323;no;yes;cellular;22;sep;241;3;216;5;unknown;0;yes
65;student;single;tertiary;no;4873;yes;no;cellular;21;jul;432;6;382;4;unknown;0;yes
50;student;married;secondary;no;585;no;no;cellular;9;dec;3;11;281;1;unknown;0;yes
51;blue-collar;married;secondary;no;415;yes;no;unknown;20;dec;55;4;290;4;unknown;0;no
37;student;single;secondary;no;5856;no;no;cellular;27;jul;438;2;137;0;unknown;0;yes
87;blue-collar;married;primary;no;6543;no;no;cellular;1;mar;221;6;264;3;unknown;0;no
46;technician;married;secondary;no;-1397;yes;no;cellular;25;may;491;5;299;1;unknown;0;yes
79;self-employed;married;secondary;no;-1783;no;no;cellular;17;jan;54;4;292;0;unknown;0;yes
48;retired;married;secondary;no;496;no;no;cellular;25;feb;190;7;397;5;unknown;0;no
21;unemployed;married;primary;no;2693;yes;no;cellular;2;may;64;1;16;4;failure;0;no
81;entrepreneur;divorced;primary;no;-141;no;no;cellular;8;mar;45;5;78;4;unknown;0;no
31;management;married;secondary;no;2756;no;no;telephone;11;nov;68;2;168;3;unknown;0;yes
37;housemaid;single;secondary;no;7250;yes;no;cellular;23;nov;54;10;246;0;unknown;0;no
79;blue-collar;single;tertiary;no;-2818;yes;no;cellular;19;mar;26;7;233;3;failure;1;no
82;retired;married;tertiary;no;62;yes;no;cellular;10;apr;528;8;130;2;other;1;yes
84;management;married;tertiary;no;-2760;yes;no;cellular;7;oct;26;7;48;5;unknown;0;no
48;housemaid;divorced;secondary;no;-1109;yes;yes;cellular;13;apr;157;8;92;3;unknown;0;no
72;services;single;primary;no;515;no;no;cellular;5;apr;192;8;310;5;unknown;0;yes
41;technician;divorced;tertiary;no;-781;no;no;cellular;26;sep;307;10;220;0;unknown;0;no
71;self-employed;married;secondary;no;2959;yes;no;cellular;24;may;126;7;-1;1;failure;0;no
54;management;single;primary;no;1852;no;yes;cellular;21;nov;184;2;149;3;unknown;1;yes
21;entrepreneur;single;secondary;no;2297;no;no;cellular;14;jul;613;5;155;5;other;0;yes
48;entrepreneur;divorced;secondary;no;479;no;yes;unknown;18;mar;256;5;245;0;failure;0;no
51;self-employed;married;secondary;no;756;no;no;unknown;8;feb;284;10;323;0;success;0;yes
36;unemployed;divorced;primary;no;347;yes;no;unknown;4;sep;114;5;263;4;unknown;0;yes
44;entrepreneur;married;secondary;no;654;no;no;telephone;7;jun;217;10;396;0;unknown;0;yes
54;self-employed;single;primary;no;2657;yes;no;unknown;16;jun;176;9;161;1;unknown;0;no
21;student;married;secondary;no;-4370;yes;no;cellular;27;sep;281;5;327;3;unknown;0;no
28;admin.;single;tertiary;no;2263;yes;no;cellular;4;apr;551;10;-1;2;other;0;no
73;housemaid;married;unknown;no;-1206;yes;no;telephone;9;dec;134;6;118;4;unknown;0;no
43;technician;single;secondary;no;383;yes;no;cellular;3;jul;62;5;364;0;unknown;0;yes
61;self-employed;married;primary;no;-3284;yes;no;cellular;13;nov;204;2;16;3;unknown;0;no
58;admin.;married;secondary;no;323;yes;yes;telephone;27;oct;412;2;384;3;unknown;0;yes
57;services;single;secondary;no;2233;yes;no;unknown;2;aug;152;7;203;1;other;0;no
47;services;single;tertiary;no;2771;yes;yes;cellular;17;feb;273;9;105;4;unknown;0;yes
52;unemployed;married;tertiary;no;-2158;yes;no;cellular;5;sep;322;10;3;2;unknown;0;no
77;admin.;single;secondary;no;2626;no;no;cellular;1;jan;650;9;343;5;unknown;0;yes
87;admin.;married;tertiary;no;4819;no;no;cellular;16;sep;404;5;64;4;failure;0;no
36;blue-collar;single;secondary;no;-81;no;no;unknown;14;nov;45;4;364;4;failure;0;no
66;student;single;secondary;no;1402;no;no;cellular;26;jul;218;5;396;3;unknown;0;yes
87;blue-collar;single;tertiary;no;-4805;no;no;cellular;9;dec;250;2;83;4;unknown;1;yes
18;retired;single;secondary;no;-1291;no;no;unknown;18;aug;78;6;278;0;unknown;0;yes
74;entrepreneur;married;secondary;no;2211;yes;no;cellular;5;jul;122;2;190;2;unknown;0;yes
53;unemployed;married;tertiary;no;4266;yes;no;unknown;17;jul;20;9;227;2;other;0;yes
87;retired;single;secondary;no;-397;no;no;unknown;23;feb;118;2;26;0;unknown;0;no
59;unemployed;married;secondary;no;9408;no;yes;telephone;11;jan;114;5;173;4;unknown;1;yes
78;admin.;married;primary;no;2341;yes;no;unknown;5;jan;196;4;174;3;other;0;yes
29;services;single;secondary;no;-2420;yes;no;unknown;15;nov;85;7;220;1;unknown;0;yes
28;entrepreneur;married;secondary;no;5261;yes;no;cellular;5;feb;76;8;118;0;unknown;1;yes
84;management;married;secondary;no;-2358;yes;no;cellular;19;aug;326;5;170;5;unknown;1;no
55;admin.;divorced;secondary;no;2385;yes;yes;unknown;7;apr;219;4;60;3;unknown;0;no
58;technician;married;secondary;no;-1387;yes;yes;telephone;19;may;220;11;127;4;unknown;0;no
30;self-employed;married;secondary;no;-2672;yes;no;cellular;20;sep;210;10;219;0;other;0;no
34;management;married;tertiary;no;4286;no;no;unknown;28;nov;40;10;246;5;unknown;0;no
76;admin.;married;secondary;no;620;no;no;cellular;6;feb;507;4;46;0;unknown;0;yes
39;housemaid;single;secondary;no;6577;no;no;cellular;27;jul;626;1;242;5;unknown;1;yes
60;blue-collar;single;tertiary;no;-1653;yes;no;cellular;9;feb;467;8;137;3;unknown;0;no
40;retired;single;primary;no;-3278;yes;no;unknown;5;mar;132;3;92;5;unknown;0;no
36;self-employed;married;secondary;no;-38;no;no;unknown;26;sep;87;3;344;5;failure;0;yes
29;management;married;primary;no;10071;no;no;unknown;16;jan;361;9;310;5;unknown;1;no
84;unemployed;married;secondary;no;3901;no;no;unknown;16;apr;69;2;269;4;unknown;0;yes
85;housemaid;single;unknown;no;3061;yes;no;cellular;9;jul;79;10;164;0;unknown;1;no
26;unemployed;single;secondary;no;3160;yes;no;cellular;5;mar;54;3;321;4;unknown;0;yes
43;services;married;tertiary;no;-54;yes;no;cellular;2;may;147;4;162;3;unknown;0;no
58;entrepreneur;single;primary;no;9588;yes;no;cellular;25;jul;55;7;88;4;unknown;0;no
45;housemaid;single;secondary;no;2774;yes;no;unknown;1;nov;258;8;188;5;unknown;0;no
69;technician;married;secondary;no;2492;yes;yes;cellular;15;jan;450;8;222;2;unknown;0;no
36;technician;single;secondary;no;4354;yes;yes;cellular;8;jul;303;6;246;1;unknown;0;yes
22;entrepreneur;single;secondary;no;-2419;yes;no;unknown;24;aug;47;7;112;4;other;0;no
42;technician;married;secondary;no;-1238;no;no;unknown;20;jun;393;5;217;1;unknown;0;no
61;self-employed;married;secondary;no;663;yes;no;cellular;3;jan;245;5;177;2;unknown;0;no
31;technician;single;tertiary;no;4373;no;no;cellular;4;oct;451;2;91;4;unknown;0;yes
76;student;divorced;tertiary;no;-2494;no;yes;cellular;5;mar;366;7;241;5;unknown;0;yes
18;entrepreneur;single;secondary;no;1197;yes;no;cellular;20;feb;64;4;118;4;failure;1;no
22;retired;single;unknown;no;773;yes;no;unknown;3;jun;353;11;148;4;unknown;0;no
54;services;single;primary;no;-3323;yes;no;cellular;7;mar;362;11;385;3;unknown;1;no
54;management;married;secondary;no;-126;yes;no;cellular;14;aug;431;1;208;1;unknown;0;no
39;housemaid;married;secondary;no;3026;no;no;telephone;6;jul;419;8;216;5;unknown;0;no
36;housemaid;married;secondary;no;-3049;no;no;cellular;11;mar;635;1;232;2;unknown;0;yes
23;services;divorced;secondary;no;5634;yes;no;unknown;9;dec;410;4;48;1;unknown;0;yes
65;blue-collar;single;secondary;no;2804;yes;no;cellular;12;nov;63;6;46;3;failure;1;no
45;student;divorced;tertiary;no;2438;no;no;cellular;1;apr;255;4;167;5;unknown;0;no
26;services;married;secondary;no;1424;yes;no;cellular;11;dec;10;9;2;2;unknown;0;yes
46;entrepreneur;married;tertiary;no;-1876;yes;no;cellular;16;apr;461;1;114;2;unknown;0;yes
85;technician;single;secondary;no;-549;yes;no;cellular;12;jun;48;10;30;0;unknown;0;no
36;self-employed;married;secondary;no;2485;yes;no;cellular;27;jul;666;11;249;4;unknown;1;yes
82;technician;married;secondary;no;-554;yes;no;telephone;11;apr;161;9;352;3;unknown;0;yes
36;management;single;secondary;no;1966;no;no;cellular;9;aug;211;11;6;1;unknown;0;no
31;blue-collar;single;secondary;no;-1296;no;no;cellular;5;feb;127;3;394;3;unknown;0;yes
36;retired;single;tertiary;no;2754;yes;yes;cellular;18;aug;76;7;189;2;failure;0;no
41;technician;married;secondary;no;2978;no;yes;cellular;16;dec;113;9;53;0;failure;0;yes
26;entrepreneur;married;primary;no;-3483;yes;no;cellular;2;apr;266;4;121;3;unknown;0;no
60;admin.;married;tertiary;no;1601;yes;no;cellular;25;feb;223;3;137;2;unknown;0;no
42;student;married;secondary;no;-3165;no;no;cellular;28;jul;134;5;136;1;failure;0;no
69;admin.;married;tertiary;no;-4183;no;no;unknown;28;apr;281;1;129;4;unknown;1;no
53;management;married;secondary;no;-381;no;no;cellular;22;sep;111;6;384;1;unknown;0;no
49;student;divorced;secondary;no;9790;yes;no;unknown;4;apr;219;2;235;1;unknown;0;yes
51;technician;married;secondary;no;3726;yes;no;telephone;26;jan;573;4;65;1;unknown;0;no
29;admin.;married;tertiary;no;5576;no;no;cellular;12;apr;105;11;119;5;other;0;no
69;housemaid;married;secondary;no;3225;yes;no;cellular;25;oct;159;1;135;2;unknown;0;no
25;admin.;single;primary;no;2016;no;no;cellular;7;jan;10;8;382;3;unknown;1;no
69;self-employed;married;unknown;no;4086;no;no;cellular;20;nov;152;3;347;4;other;0;no
89;retired;married;tertiary;no;-518;yes;no;cellular;16;mar;294;2;68;2;unknown;0;no
73;self-employed;married;secondary;no;2811;no;no;cellular;13;apr;114;7;279;1;unknown;0;no
50;services;married;secondary;no;4931;no;no;cellular;11;sep;6;4;189;5;unknown;0;yes
40;technician;single;tertiary;no;3498;no;no;cellular;2;dec;292;8;83;3;other;0;no
80;student;married;primary;no;5128;yes;yes;cellular;25;mar;313;10;83;3;failure;0;no
36;housemaid;married;secondary;no;1947;no;no;cellular;21;nov;342;8;260;1;unknown;0;no
52;student;single;primary;no;6476;yes;no;cellular;27;oct;27;8;156;5;success;0;yes
73;management;married;primary;no;775;yes;no;unknown;15;jan;494;7;-1;1;unknown;0;no
84;retired;single;primary;no;7753;no;no;cellular;10;may;122;3;75;5;unknown;0;yes
84;unemployed;married;tertiary;no;3120;no;no;cellular;18;apr;18;5;-1;3;unknown;0;no
24;retired;single;secondary;no;248;yes;no;unknown;10;jan;424;11;29;2;success;0;no
82;services;married;tertiary;no;-2137;no;no;cellular;27;dec;487;6;66;4;failure;1;no
26;retired;married;tertiary;no;-1023;no;no;cellular;15;oct;156;7;359;2;unknown;0;no
60;unemployed;married;primary;no;-1478;no;no;cellular;19;nov;53;7;131;4;unknown;0;yes
84;admin.;divorced;tertiary;no;1133;yes;no;cellular;18;aug;308;7;230;5;unknown;0;yes
65;management;married;secondary;no;-2421;yes;no;cellular;11;sep;46;2;365;0;success;0;no
86;management;divorced;tertiary;no;5278;yes;no;cellular;22;aug;730;7;266;0;unknown;0;no
42;admin.;divorced;secondary;no;1732;no;no;cellular;14;jan;13;2;379;0;unknown;0;yes
40;technician;married;secondary;no;1610;yes;yes;cellular;3;feb;291;9;158;2;unknown;0;no
41;blue-collar;married;secondary;no;-2096;yes;no;unknown;12;nov;187;10;7;3;unknown;0;no
43;technician;married;tertiary;no;-907;no;no;unknown;2;aug;36;3;57;3;success;0;yes
67;management;divorced;secondary;no;-5261;no;no;cellular;21;apr;32;4;374;1;unknown;0;yes
50;unemployed;single;tertiary;no;6253;no;yes;telephone;19;oct;445;1;387;4;unknown;0;no
71;self-employed;married;secondary;no;-2853;no;no;cellular;26;jul;293;4;241;0;unknown;0;no
47;technician;married;secondary;no;-2625;no;no;unknown;14;dec;80;8;131;4;unknown;0;yes
40;retired;single;secondary;no;5639;no;no;telephone;28;jun;108;2;56;2;failure;0;yes
31;technician;married;primary;no;2562;no;no;cellular;19;sep;57;6;294;0;unknown;0;no
57;retired;married;primary;no;1762;no;no;cellular;11;dec;396;9;145;5;unknown;0;no
82;blue-collar;married;secondary;no;2420;yes;no;cellular;9;jun;404;9;360;4;unknown;0;no
79;housemaid;married;tertiary;no;4261;yes;no;cellular;27;dec;325;1;274;3;failure;1;yes
36;retired;divorced;tertiary;no;1699;yes;yes;cellular;5;oct;270;11;221;3;other;0;no
52;student;single;secondary;yes;-3230;no;no;unknown;1;jan;345;10;334;1;unknown;1;yes
68;technician;married;secondary;no;3599;yes;no;cellular;4;jan;109;7;160;0;unknown;0;no
62;admin.;married;primary;no;2667;yes;no;cellular;20;feb;275;9;251;2;unknown;0;no
22;admin.;single;tertiary;no;4914;no;no;cellular;23;jun;433;7;98;1;failure;0;yes
60;management;married;tertiary;no;-2347;no;no;telephone;15;oct;266;5;395;4;unknown;0;yes
20;services;married;tertiary;no;-788;no;no;cellular;12;sep;230;7;14;2;unknown;0;yes
26;technician;married;tertiary;yes;2576;no;yes;cellular;6;sep;92;10;91;5;unknown;0;no
65;services;single;secondary;no;-1433;yes;no;telephone;3;may;106;1;23;3;unknown;0;yes
25;student;divorced;secondary;no;-5658;yes;no;cellular;21;jan;115;9;379;4;unknown;0;yes
42;housemaid;single;tertiary;no;1991;no;yes;cellular;7;jan;264;4;266;4;unknown;0;yes
60;admin.;married;primary;no;4085;no;no;cellular;28;feb;122;10;98;1;unknown;0;no
65;student;single;primary;no;1013;yes;no;unknown;25;feb;144;8;367;3;unknown;0;yes
50;services;married;secondary;no;3044;yes;yes;unknown;22;dec;379;2;290;5;failure;0;no
24;retired;divorced;tertiary;no;2610;yes;no;unknown;14;mar;324;6;301;5;success;0;yes
75;management;married;tertiary;no;1431;yes;no;unknown;11;apr;291;10;209;1;failure;1;no
86;retired;married;unknown;no;1807;yes;no;cellular;24;oct;32;9;119;4;unknown;0;no
81;housemaid;married;secondary;no;5447;yes;no;telephone;2;mar;121;8;371;0;unknown;0;yes
71;entrepreneur;married;secondary;no;-1492;yes;no;telephone;27;sep;323;2;40;0;unknown;0;no
46;unemployed;married;secondary;no;3719;no;no;unknown;24;jun;225;11;88;2;unknown;0;no
81;unemployed;single;tertiary;no;-2142;no;no;unknown;2;oct;80;8;76;4;unknown;0;yes
53;housemaid;single;secondary;no;-984;yes;no;cellular;7;apr;479;9;303;1;unknown;0;no
27;services;single;tertiary;no;4987;yes;yes;cellular;27;nov;50;10;342;1;unknown;0;no
79;retired;married;secondary;no;-2229;yes;no;unknown;19;sep;377;11;335;4;unknown;0;no
41;technician;married;tertiary;no;675;no;no;cellular;11;apr;237;8;95;1;unknown;0;yes
85;entrepreneur;married;tertiary;no;8484;yes;no;cellular;24;aug;245;7;212;0;failure;0;no
44;retired;married;secondary;no;4476;no;no;unknown;20;sep;231;1;214;3;unknown;0;yes
80;entrepreneur;married;tertiary;no;-811;yes;no;unknown;26;dec;300;2;385;3;unknown;0;no
56;unemployed;divorced;secondary;no;-297;no;no;cellular;12;may;108;8;397;3;unknown;0;yes
51;management;divorced;tertiary;no;889;yes;no;cellular;17;dec;425;11;123;3;unknown;0;no
39;technician;married;tertiary;no;5335;no;no;cellular;18;oct;53;10;399;5;unknown;0;no
78;student;single;secondary;no;-1604;no;no;cellular;2;jun;215;10;355;5;unknown;0;yes
22;management;single;secondary;no;-1786;yes;no;cellular;19;sep;94;2;81;3;failure;0;no
51;technician;married;unknown;no;3540;yes;no;cellular;21;jul;421;5;291;3;unknown;0;no
44;management;single;tertiary;no;-3643;yes;no;unknown;4;dec;61;7;383;3;unknown;0;yes
57;self-employed;married;secondary;no;-1333;yes;no;cellular;23;jan;234;7;97;2;unknown;0;yes
36;services;married;unknown;no;1144;no;no;cellular;13;oct;237;6;119;0;unknown;0;no
65;student;divorced;secondary;no;1298;no;no;cellular;12;oct;259;11;352;3;unknown;0;no
45;blue-collar;single;secondary;no;-2693;no;no;cellular;6;jan;74;3;331;5;other;0;no
31;self-employed;married;secondary;no;2461;yes;no;unknown;24;jul;293;10;324;4;unknown;0;no
32;entrepreneur;married;primary;yes;3061;yes;no;cellular;4;sep;225;5;89;1;unknown;0;no
68;admin.;divorced;secondary;no;-587;no;no;cellular;28;nov;288;8;99;3;failure;0;yes
36;blue-collar;married;secondary;no;6382;yes;no;cellular;17;feb;534;5;9;2;success;0;yes
40;retired;divorced;primary;no;2418;yes;yes;cellular;7;apr;243;4;288;5;unknown;0;yes
63;services;divorced;secondary;no;-1614;yes;no;cellular;20;jul;20;7;320;3;unknown;0;yes
41;unemployed;married;tertiary;no;6262;yes;no;unknown;21;aug;612;6;324;2;unknown;0;yes
45;technician;single;tertiary;no;-169;no;yes;unknown;8;feb;415;9;179;5;unknown;0;no
35;entrepreneur;single;unknown;no;1936;yes;no;unknown;25;oct;350;1;28;1;failure;0;no
42;self-employed;single;secondary;no;-60;yes;yes;telephone;1;jun;183;2;394;1;failure;0;yes
67;technician;married;tertiary;no;3272;yes;no;cellular;4;may;367;5;344;1;unknown;0;yes
56;blue-collar;married;primary;no;-44;yes;no;unknown;28;oct;191;3;137;4;unknown;0;no
89;entrepreneur;married;primary;no;137;yes;no;telephone;22;jul;529;8;289;4;unknown;0;yes
73;admin.;single;tertiary;no;920;yes;no;cellular;14;apr;399;8;142;4;unknown;0;no
19;retired;single;secondary;no;-105;yes;no;telephone;9;jun;184;2;340;5;other;0;no
45;services;single;tertiary;no;4615;yes;no;cellular;19;feb;394;2;223;0;unknown;0;yes
38;admin.;single;secondary;no;-2373;no;no;telephone;20;nov;343;10;399;1;unknown;0;yes
60;housemaid;married;secondary;no;1288;yes;no;unknown;3;apr;18;8;316;2;unknown;0;no
37;retired;married;secondary;no;1668;no;no;unknown;13;may;255;10;257;1;unknown;0;no
87;housemaid;single;primary;no;1026;yes;no;unknown;18;mar;295;8;2;0;unknown;0;yes
39;unemployed;married;secondary;no;4304;yes;no;unknown;17;may;193;5;171;1;unknown;0;no
55;self-employed;single;primary;no;-3111;no;no;cellular;22;mar;176;4;251;0;failure;0;yes
26;student;married;secondary;no;3103;yes;no;cellular;26;jan;400;10;197;5;unknown;0;no
83;unemployed;married;tertiary;no;-2334;yes;yes;telephone;2;sep;255;11;92;0;unknown;0;yes
83;management;divorced;primary;no;-126;yes;no;cellular;15;may;595;5;237;1;unknown;0;no
75;retired;married;secondary;no;-2643;yes;no;cellular;15;sep;89;6;85;1;unknown;0;yes
43;self-employed;married;secondary;no;403;no;no;cellular;6;mar;301;5;381;4;success;0;yes
22;retired;single;secondary;no;-334;no;no;cellular;4;jul;35;11;29;4;unknown;0;yes
69;blue-collar;single;secondary;no;6314;yes;no;cellular;26;mar;355;2;103;5;failure;0;no
48;services;divorced;secondary;no;2124;yes;no;telephone;5;apr;2;2;-1;0;failure;0;no
89;student;divorced;tertiary;no;2719;yes;no;unknown;13;dec;277;10;80;5;unknown;0;yes
68;entrepreneur;single;primary;no;-1922;yes;no;cellular;18;jul;456;11;117;2;unknown;0;yes
56;management;married;tertiary;no;3620;no;no;unknown;14;jan;230;4;377;4;unknown;0;no
89;unemployed;married;primary;no;6314;no;yes;cellular;18;dec;21;7;256;3;unknown;0;yes
75;retired;divorced;secondary;no;4009;yes;no;cellular;1;oct;409;4;54;2;unknown;0;yes
51;technician;married;secondary;no;-2536;yes;no;unknown;16;may;292;11;167;1;unknown;0;yes
19;self-employed;divorced;secondary;no;7;no;no;unknown;23;mar;202;1;56;0;failure;0;no
24;self-employed;single;primary;no;1725;yes;no;cellular;15;jun;26;7;41;1;unknown;0;no
49;self-employed;married;primary;no;-331;no;no;unknown;28;oct;102;7;233;1;failure;0;yes
58;retired;married;primary;no;8998;no;no;unknown;14;jun;670;11;193;3;unknown;0;yes
20;services;single;secondary;no;-46;yes;no;cellular;9;mar;105;7;65;4;unknown;0;no
27;admin.;married;primary;no;1269;no;no;cellular;14;mar;21;4;328;4;unknown;0;yes
68;housemaid;married;tertiary;no;-400;yes;no;unknown;9;dec;282;6;389;4;failure;0;no
72;management;single;tertiary;yes;2095;yes;no;cellular;10;mar;16;7;333;2;unknown;0;yes
20;self-employed;married;secondary;no;5547;no;no;cellular;13;jul;319;10;352;1;unknown;0;yes
54;self-employed;married;primary;no;1744;no;no;cellular;8;sep;490;1;230;2;unknown;0;yes
23;technician;single;secondary;no;742;yes;no;cellular;1;feb;8;8;87;2;unknown;0;no
70;student;single;tertiary;no;-1821;no;no;cellular;8;feb;160;7;218;5;unknown;0;yes
78;technician;married;secondary;no;5026;yes;no;cellular;1;apr;306;3;70;3;unknown;0;yes
80;blue-collar;divorced;primary;no;968;no;no;cellular;26;aug;23;5;142;4;unknown;1;no
61;blue-collar;divorced;unknown;no;839;no;no;unknown;25;nov;37;7;155;1;other;0;no
63;student;married;secondary;no;-5616;no;no;cellular;8;may;196;10;192;1;unknown;0;yes
84;entrepreneur;married;secondary;no;1018;yes;yes;cellular;26;apr;612;10;325;5;unknown;1;yes
62;self-employed;single;tertiary;no;196;yes;no;telephone;11;apr;49;6;307;4;unknown;0;no
50;unemployed;married;tertiary;no;-4078;no;no;cellular;11;oct;163;8;269;0;unknown;0;no
72;self-employed;single;secondary;no;4368;yes;no;cellular;15;jul;715;6;169;3;unknown;0;no
60;self-employed;single;secondary;no;-205;no;no;cellular;26;aug;379;8;8;0;unknown;0;no
78;self-employed;married;secondary;no;7086;yes;no;cellular;21;mar;118;11;335;0;unknown;0;no
55;retired;single;secondary;no;5643;yes;no;cellular;18;aug;173;1;73;0;unknown;0;no
80;retired;married;secondary;no;-759;yes;no;telephone;22;apr;336;10;243;0;unknown;0;no
21;student;divorced;secondary;no;5507;yes;no;unknown;25;nov;509;2;53;2;unknown;0;yes
20;housemaid;married;secondary;no;6231;yes;yes;cellular;21;jul;498;11;159;0;unknown;0;no
25;student;divorced;tertiary;no;-277;yes;no;cellular;14;feb;332;5;60;3;unknown;0;yes
58;unemployed;married;unknown;no;-1697;no;no;telephone;9;aug;363;2;368;0;other;1;no
69;student;single;tertiary;no;-5066;yes;no;unknown;14;jan;39;1;157;1;unknown;1;no
33;entrepreneur;divorced;primary;no;2541;no;yes;cellular;5;nov;81;10;354;0;unknown;0;no
29;housemaid;married;secondary;no;-1519;yes;no;unknown;17;may;39;8;173;1;unknown;0;no
79;technician;married;secondary;no;2631;no;no;unknown;23;oct;426;5;155;0;unknown;0;no
72;unemployed;single;secondary;no;-303;yes;no;cellular;1;dec;295;11;147;3;unknown;0;yes
64;housemaid;single;primary;no;-939;no;no;cellular;25;jun;241;10;294;2;success;0;no
53;housemaid;married;tertiary;no;-284;yes;no;telephone;18;feb;528;2;307;5;unknown;0;no
48;student;married;secondary;no;-2499;yes;yes;cellular;26;jan;327;6;371;4;unknown;0;no
19;management;single;primary;no;-285;yes;no;cellular;20;apr;447;8;16;2;success;0;yes
31;management;married;secondary;no;-809;yes;no;unknown;25;mar;371;8;232;2;unknown;0;yes
82;student;single;unknown;no;1357;yes;no;telephone;22;sep;390;6;93;0;unknown;0;yes
42;student;married;secondary;no;1712;no;no;cellular;11;jan;11;3;374;3;unknown;0;no
68;technician;married;primary;no;-1813;yes;no;cellular;16;sep;414;3;98;3;unknown;0;yes
68;retired;single;secondary;no;4702;no;no;cellular;5;mar;314;3;26;2;failure;1;yes
40;student;married;tertiary;no;921;yes;no;unknown;24;feb;138;6;141;1;unknown;1;no
32;services;divorced;primary;no;5907;no;no;unknown;19;jan;356;7;374;3;unknown;0;yes
67;housemaid;single;secondary;no;2123;yes;yes;unknown;17;oct;477;11;234;3;unknown;0;no
24;technician;married;tertiary;no;1607;no;no;cellular;19;sep;200;2;270;1;failure;0;no
53;technician;married;tertiary;no;-72;no;no;unknown;20;nov;70;6;236;4;unknown;0;yes
81;housemaid;married;primary;no;3244;yes;no;unknown;7;jul;79;7;58;1;other;0;no
69;unemployed;single;tertiary;no;1500;yes;no;cellular;18;aug;59;5;362;2;unknown;0;no
73;unemployed;single;secondary;no;3975;no;no;cellular;18;jan;186;1;42;5;unknown;0;no
23;self-employed;single;primary;no;6213;yes;no;cellular;20;jan;338;8;119;4;failure;0;no
32;management;married;primary;no;-780;yes;no;cellular;28;aug;566;3;290;2;unknown;0;no
37;blue-collar;married;secondary;yes;3240;yes;no;cellular;10;jul;58;9;370;3;unknown;0;no
39;unemployed;married;primary;no;3155;yes;no;cellular;5;oct;291;4;95;2;unknown;0;yes
31;housemaid;single;tertiary;no;2774;no;no;cellular;28;jul;224;8;385;1;unknown;0;yes
87;management;married;tertiary;no;100;yes;no;cellular;11;jan;218;2;7;0;unknown;0;yes
29;unemployed;married;primary;no;161;yes;yes;cellular;8;aug;85;7;198;4;unknown;0;no
68;retired;married;tertiary;no;-351;yes;no;telephone;11;feb;17;2;75;5;failure;0;no
60;blue-collar;married;unknown;yes;-411;yes;no;cellular;23;nov;582;4;350;5;other;0;no
61;self-employed;single;primary;no;-1120;no;no;telephone;6;jun;421;9;36;2;unknown;0;no
33;retired;single;tertiary;no;1086;no;no;cellular;1;jun;276;3;228;2;unknown;0;yes
40;entrepreneur;divorced;unknown;no;-873;no;no;unknown;23;jan;312;5;63;4;unknown;1;no
61;student;married;tertiary;no;2706;yes;no;telephone;15;apr;368;5;36;2;unknown;0;yes
39;housemaid;single;secondary;no;1570;yes;no;telephone;20;jan;130;3;208;4;success;0;yes
67;student;married;tertiary;no;1907;yes;yes;unknown;8;feb;138;7;106;2;unknown;0;yes
20;unemployed;single;tertiary;no;579;no;no;cellular;7;jul;96;4;210;5;unknown;0;no
23;management;single;secondary;no;1606;no;no;cellular;13;jun;253;6;113;5;unknown;0;no
70;student;married;secondary;no;658;no;no;unknown;25;jul;10;9;176;5;unknown;1;yes
62;entrepreneur;single;secondary;no;3738;no;no;cellular;21;oct;87;9;80;4;unknown;0;no
21;services;married;secondary;no;72;yes;no;cellular;12;oct;321;3;297;0;unknown;0;yes
82;management;married;secondary;yes;2526;no;no;cellular;5;nov;149;8;361;4;unknown;0;no
18;services;married;primary;no;-2519;no;no;cellular;16;jan;130;9;-1;0;failure;0;yes
86;self-employed;married;tertiary;no;3536;yes;no;unknown;2;jan;144;7;164;4;unknown;0;no
70;technician;divorced;tertiary;no;-277;yes;yes;unknown;20;nov;329;9;354;5;unknown;0;yes
89;housemaid;single;secondary;no;-1336;no;no;cellular;13;nov;243;5;376;5;unknown;0;no
86;unemployed;single;secondary;no;-2016;yes;no;cellular;25;jan;117;1;395;1;unknown;0;yes
40;admin.;divorced;primary;no;-2253;yes;yes;unknown;28;jan;426;7;24;4;unknown;0;yes
72;unemployed;single;primary;no;-44;yes;no;telephone;7;apr;170;10;377;5;unknown;0;no
33;housemaid;married;secondary;no;5895;no;no;cellular;4;jul;287;6;25;0;unknown;0;yes
51;entrepreneur;married;primary;no;-529;no;no;cellular;17;jan;428;7;101;2;unknown;0;yes
35;blue-collar;married;unknown;no;-5227;no;no;unknown;2;jun;195;8;184;1;unknown;0;yes
52;management;divorced;secondary;no;2496;no;no;cellular;19;mar;161;10;350;2;unknown;1;yes
80;technician;divorced;primary;no;-1942;yes;no;cellular;25;dec;571;6;171;5;unknown;0;no
49;admin.;single;tertiary;no;3844;no;no;cellular;25;oct;221;4;295;1;unknown;0;no
24;management;married;secondary;no;136;yes;no;unknown;22;jul;153;7;224;4;unknown;0;yes
41;unemployed;married;secondary;no;577;yes;no;cellular;22;feb;479;8;190;5;unknown;0;yes
74;admin.;divorced;primary;no;4991;no;no;cellular;8;apr;80;8;39;5;unknown;0;yes
55;student;married;secondary;no;3253;no;no;cellular;26;mar;92;7;395;0;unknown;0;yes
58;unemployed;single;secondary;no;-2339;no;no;unknown;22;nov;176;11;31;5;unknown;0;yes
49;management;married;tertiary;no;-1897;yes;no;cellular;3;aug;183;3;86;3;success;0;yes
39;student;married;secondary;no;-3950;yes;no;cellular;17;may;47;4;340;5;failure;0;no
61;services;single;tertiary;no;9209;no;no;cellular;12;jan;92;10;231;4;unknown;0;yes
63;student;divorced;secondary;yes;-1188;yes;no;cellular;5;oct;434;2;122;4;unknown;0;yes
82;management;single;tertiary;no;4909;yes;no;unknown;9;aug;113;9;80;2;unknown;0;yes
62;retired;married;tertiary;no;-196;no;no;cellular;27;mar;320;3;54;0;unknown;0;no
89;retired;married;secondary;yes;-1839;yes;no;cellular;14;nov;37;8;97;1;unknown;1;no
77;student;divorced;tertiary;no;1464;yes;no;cellular;5;oct;496;10;319;3;unknown;0;yes
23;services;single;secondary;yes;420;yes;no;cellular;23;jan;407;10;331;0;unknown;1;no
46;student;married;primary;no;3805;yes;no;cellular;7;jan;202;7;268;0;unknown;0;no
45;management;single;tertiary;yes;3843;yes;no;unknown;14;jan;348;3;252;1;unknown;0;no
18;management;married;secondary;no;-370;yes;no;cellular;4;apr;524;4;111;4;unknown;0;yes
31;entrepreneur;married;secondary;no;-2919;yes;no;cellular;1;may;19;8;283;5;unknown;0;no
72;entrepreneur;divorced;primary;no;-2191;yes;yes;cellular;28;dec;8;8;378;4;unknown;0;no
43;management;single;primary;no;-5447;yes;no;unknown;19;nov;294;4;139;2;unknown;0;no
28;technician;married;primary;no;576;no;no;unknown;17;dec;38;7;219;3;unknown;1;no
38;retired;married;primary;no;1364;yes;no;unknown;1;dec;90;11;368;0;unknown;0;yes
37;blue-collar;divorced;primary;no;-2028;no;no;cellular;18;jan;100;1;54;3;unknown;1;no
30;admin.;single;primary;no;-2390;no;no;telephone;3;oct;249;7;179;2;unknown;0;yes
25;admin.;single;secondary;no;1351;yes;no;cellular;5;dec;187;7;282;2;success;0;yes
73;student;married;secondary;no;-495;yes;no;cellular;21;aug;139;10;127;3;unknown;0;no
77;admin.;divorced;unknown;no;761;no;yes;telephone;15;dec;466;3;28;2;failure;0;no
53;retired;divorced;tertiary;no;298;yes;no;telephone;24;jun;307;2;69;3;failure;0;no
62;housemaid;married;primary;no;2146;no;no;telephone;11;oct;320;5;352;5;other;0;no
84;management;married;secondary;no;-295;no;no;cellular;9;oct;177;4;101;0;unknown;0;no
78;blue-collar;single;secondary;no;-66;no;yes;cellular;24;mar;456;10;347;5;unknown;0;no
20;admin.;single;secondary;no;-4245;yes;no;cellular;16;oct;379;9;314;1;success;1;yes
86;housemaid;single;secondary;no;1249;yes;yes;cellular;26;jun;61;5;247;4;unknown;0;yes
22;unemployed;divorced;secondary;no;1666;yes;no;cellular;16;mar;44;4;129;4;unknown;0;no
19;self-employed;single;secondary;no;866;no;no;telephone;6;feb;396;1;163;5;unknown;0;yes
47;self-employed;married;secondary;no;7135;yes;no;cellular;2;sep;356;1;124;5;unknown;0;no
71;management;married;tertiary;no;1888;no;no;cellular;7;oct;166;7;147;1;unknown;1;yes
23;admin.;single;secondary;no;930;no;no;cellular;16;oct;131;8;151;3;unknown;0;no
39;management;married;tertiary;no;2897;yes;no;cellular;19;dec;405;9;153;5;failure;0;yes
36;technician;married;unknown;no;7738;yes;no;cellular;1;nov;233;2;126;0;other;0;yes
46;blue-collar;single;secondary;no;2158;no;no;unknown;8;mar;208;2;153;3;unknown;0;yes
88;technician;married;tertiary;no;-5270;yes;no;unknown;23;sep;347;7;206;5;failure;0;no
41;student;single;tertiary;no;2696;yes;yes;cellular;12;mar;326;1;208;2;unknown;0;yes
33;unemployed;married;secondary;no;-1237;yes;no;cellular;21;sep;207;10;391;2;unknown;0;no
26;services;married;primary;no;-4367;yes;no;cellular;11;jun;111;5;62;2;unknown;0;no
32;student;married;tertiary;no;6492;yes;no;cellular;8;nov;52;7;378;4;unknown;0;no
27;housemaid;single;secondary;no;5844;no;no;unknown;20;feb;242;9;337;0;unknown;0;no
59;retired;single;secondary;no;-1315;no;no;unknown;8;mar;313;6;373;1;unknown;0;yes
48;technician;married;secondary;no;-1295;yes;no;cellular;19;aug;143;1;319;0;unknown;0;yes
53;management;married;secondary;no;1880;yes;no;unknown;6;jul;331;3;238;5;unknown;0;yes
77;unemployed;married;primary;no;-1255;yes;no;cellular;22;nov;10;4;167;4;unknown;0;no
59;housemaid;single;unknown;no;994;no;no;unknown;27;nov;89;2;393;1;unknown;0;no
29;services;divorced;secondary;no;-739;yes;no;cellular;26;apr;357;6;330;3;unknown;1;no
45;housemaid;single;secondary;no;198;no;no;cellular;24;aug;139;1;142;4;unknown;0;no
40;management;married;secondary;no;-2813;no;no;unknown;1;oct;563;2;109;1;unknown;0;yes
77;services;single;primary;no;3880;no;yes;telephone;24;dec;275;9;74;2;other;0;no
40;retired;married;tertiary;no;5011;yes;no;unknown;18;may;13;2;272;2;unknown;0;yes
27;technician;married;secondary;no;1099;no;yes;cellular;14;jan;93;1;361;2;unknown;0;no
70;retired;married;secondary;no;1291;yes;no;unknown;23;may;376;5;352;3;unknown;0;no
48;management;married;secondary;no;3287;no;no;unknown;23;mar;98;10;326;1;unknown;0;no
24;management;married;unknown;no;1405;no;no;cellular;27;jan;403;3;338;1;failure;0;no
67;housemaid;single;tertiary;no;6588;no;yes;cellular;17;mar;111;5;151;5;unknown;0;no
33;management;married;primary;no;-2549;no;yes;unknown;20;mar;268;9;320;1;unknown;1;no
80;entrepreneur;single;secondary;no;3982;no;no;cellular;9;jan;152;11;91;2;failure;0;yes
77;entrepreneur;divorced;secondary;no;1057;yes;no;cellular;19;oct;271;4;221;4;unknown;0;yes
44;entrepreneur;single;tertiary;no;-1963;yes;no;cellular;13;aug;365;2;144;2;unknown;0;no
58;services;married;tertiary;no;8141;no;no;cellular;19;feb;223;3;95;2;unknown;0;no
58;self-employed;single;secondary;no;8555;no;no;cellular;12;may;352;9;169;0;other;0;no
65;services;married;tertiary;no;776;no;yes;cellular;5;nov;119;4;301;2;failure;1;no
22;management;married;secondary;no;2734;no;no;telephone;10;mar;303;10;332;0;unknown;0;no
41;self-employed;married;secondary;no;-13;yes;no;cellular;10;mar;224;6;235;0;unknown;0;no
30;management;single;secondary;no;469;no;no;cellular;7;sep;167;5;152;2;unknown;0;no
68;entrepreneur;single;secondary;no;-1997;no;no;cellular;3;may;258;8;251;3;success;0;no
22;admin.;single;secondary;no;-2440;yes;no;cellular;12;sep;113;11;189;0;unknown;0;no
55;unemployed;single;secondary;no;6932;yes;no;cellular;15;mar;265;9;133;0;unknown;0;no
70;self-employed;married;tertiary;no;1283;no;no;cellular;17;jan;290;3;68;3;unknown;0;yes
86;entrepreneur;single;unknown;no;1551;yes;no;unknown;18;jul;301;4;179;3;unknown;0;no
38;unemployed;divorced;secondary;no;-1031;no;no;cellular;6;jun;218;2;291;1;unknown;0;yes
18;self-employed;married;secondary;no;1969;no;no;unknown;5;nov;19;7;226;0;unknown;0;no
70;management;divorced;tertiary;no;-3111;no;no;cellular;4;sep;14;11;248;4;unknown;1;yes
18;retired;divorced;primary;no;-921;yes;no;unknown;20;may;201;4;300;5;success;1;no
22;admin.;married;tertiary;no;-2199;yes;no;telephone;20;feb;244;3;53;3;unknown;0;no
89;entrepreneur;married;secondary;no;5278;no;no;unknown;15;jul;601;11;331;1;unknown;0;yes
80;entrepreneur;married;primary;no;-3555;no;no;telephone;15;oct;201;1;108;2;other;0;yes
68;housemaid;single;tertiary;no;-2137;yes;no;unknown;18;apr;67;3;105;5;unknown;0;yes
78;housemaid;married;secondary;no;-4742;yes;yes;unknown;10;aug;225;5;120;1;unknown;0;no
23;technician;married;primary;no;-1270;no;no;unknown;21;jan;192;11;309;0;unknown;0;yes
24;entrepreneur;single;secondary;no;21;yes;no;cellular;26;sep;127;11;243;4;unknown;0;no
39;housemaid;divorced;tertiary;no;4333;no;no;cellular;7;nov;270;10;16;3;unknown;0;yes
19;services;single;tertiary;no;734;no;no;cellular;13;apr;198;10;2;5;unknown;0;no
81;blue-collar;single;secondary;no;168;no;no;unknown;9;sep;185;1;270;2;unknown;0;no
22;student;married;primary;no;2299;no;no;unknown;10;sep;617;2;230;4;failure;1;no
57;retired;married;primary;no;71;no;no;unknown;11;mar;199;10;132;2;unknown;0;yes
79;housemaid;single;secondary;no;8629;yes;no;cellular;7;mar;584;4;98;4;failure;0;no
70;blue-collar;married;secondary;no;-373;yes;no;unknown;10;may;54;2;296;4;unknown;0;no
34;entrepreneur;single;secondary;no;2641;yes;no;cellular;10;nov;82;6;363;1;unknown;0;yes
51;unemployed;divorced;secondary;no;3879;yes;yes;telephone;23;may;58;11;347;5;failure;0;no
57;entrepreneur;single;secondary;no;-459;no;no;cellular;8;mar;454;9;327;2;unknown;0;no
73;housemaid;single;secondary;no;1896;yes;no;cellular;3;apr;68;5;7;2;unknown;0;no
48;self-employed;single;secondary;no;-102;yes;no;cellular;25;apr;65;3;221;0;unknown;0;yes
38;management;single;primary;no;2222;no;no;cellular;26;jul;288;9;107;1;unknown;1;no
75;student;married;secondary;no;1702;yes;yes;cellular;25;sep;143;1;114;0;success;0;yes
81;unemployed;married;secondary;no;979;yes;no;telephone;6;apr;334;2;350;5;unknown;0;yes
53;unemployed;married;secondary;no;-2066;no;no;cellular;12;may;85;9;101;2;success;0;no
20;management;single;primary;no;6991;yes;no;telephone;9;jun;35;3;266;0;unknown;0;yes
54;retired;married;primary;no;3159;yes;yes;cellular;8;apr;551;1;17;1;unknown;0;yes
82;entrepreneur;married;secondary;no;-3365;yes;no;cellular;26;jun;53;11;289;3;unknown;0;no
89;retired;single;secondary;no;138;no;no;cellular;4;jan;52;6;148;3;failure;0;no
46;management;married;secondary;no;-3308;no;yes;cellular;17;may;312;9;38;3;unknown;0;no
28;self-employed;single;secondary;no;3686;no;yes;unknown;21;oct;337;8;54;5;failure;0;no
59;retired;married;secondary;no;1334;yes;no;unknown;2;jun;366;10;142;5;unknown;0;no
77;entrepreneur;married;secondary;no;1412;no;no;telephone;25;jun;577;8;249;2;success;0;no
86;admin.;married;secondary;no;-1127;yes;yes;telephone;7;aug;393;8;330;4;unknown;0;no
21;admin.;married;primary;no;453;no;no;telephone;12;may;11;6;343;0;unknown;0;yes
38;self-employed;divorced;tertiary;no;3761;yes;no;unknown;16;jun;75;2;326;0;failure;0;yes
52;technician;divorced;secondary;no;4567;yes;no;cellular;25;mar;232;9;25;1;unknown;0;yes
25;housemaid;single;tertiary;no;3939;yes;no;cellular;28;oct;293;6;317;2;unknown;0;yes
81;self-employed;single;secondary;no;-3256;yes;no;unknown;7;jul;542;7;357;2;failure;0;yes
26;blue-collar;single;tertiary;no;841;yes;no;cellular;12;jan;533;4;241;5;unknown;0;no
65;self-employed;divorced;tertiary;no;2159;yes;no;unknown;18;jul;176;10;157;2;unknown;0;no
84;retired;married;primary;no;-804;no;yes;unknown;12;may;113;9;333;2;unknown;0;no
67;student;married;secondary;no;-3577;no;no;cellular;3;jan;63;7;5;3;unknown;0;no
72;services;single;secondary;no;-2459;no;yes;unknown;22;jul;348;2;-1;0;other;0;no
36;retired;divorced;secondary;no;5899;yes;no;cellular;16;feb;435;5;27;5;unknown;0;yes
77;retired;married;secondary;no;-2174;yes;no;telephone;4;mar;233;3;279;1;unknown;0;no
48;housemaid;married;tertiary;no;1542;no;no;telephone;18;aug;219;7;-1;5;success;0;yes
22;admin.;married;tertiary;no;930;yes;no;unknown;26;jul;642;1;31;4;failure;0;no
44;self-employed;married;unknown;yes;938;no;no;cellular;19;apr;355;5;234;3;unknown;1;yes
43;admin.;single;tertiary;yes;440;no;yes;cellular;14;nov;190;11;231;5;unknown;0;no
55;management;married;tertiary;no;3767;yes;no;cellular;22;dec;213;3;103;0;unknown;0;no
37;unemployed;divorced;tertiary;no;1506;no;no;cellular;8;feb;260;6;336;4;unknown;0;yes
51;technician;single;secondary;no;-476;no;yes;cellular;3;mar;166;6;184;1;unknown;1;no
48;blue-collar;married;tertiary;no;1554;no;no;cellular;14;jan;472;10;244;5;other;0;no
41;student;single;secondary;no;-2432;yes;no;cellular;8;feb;154;11;290;1;unknown;0;no
68;self-employed;single;primary;no;2827;yes;no;cellular;14;may;23;10;274;2;unknown;1;no
39;admin.;married;secondary;no;-642;no;no;cellular;20;jan;77;7;164;4;failure;0;yes
73;unemployed;married;primary;no;-470;yes;no;cellular;24;dec;354;5;223;2;unknown;0;no
36;unemployed;single;tertiary;no;2939;yes;no;unknown;17;sep;50;9;73;5;unknown;0;no
80;admin.;married;secondary;no;178;no;no;telephone;18;jan;121;1;264;2;unknown;0;yes
44;entrepreneur;married;secondary;no;346;yes;no;cellular;27;apr;389;8;334;3;failure;0;no
20;blue-collar;married;secondary;no;4902;no;no;cellular;26;sep;52;4;267;1;unknown;0;yes
28;entrepreneur;married;secondary;no;-1519;no;no;cellular;22;apr;12;6;77;5;unknown;0;no
76;management;single;secondary;no;2895;yes;yes;cellular;26;jun;119;8;389;0;unknown;1;no
80;services;married;secondary;no;4248;yes;no;unknown;14;feb;40;5;288;1;failure;1;no
33;housemaid;single;secondary;no;4900;yes;no;cellular;22;nov;115;4;378;4;unknown;0;no
61;entrepreneur;married;secondary;no;7929;yes;no;cellular;15;jan;172;3;273;4;unknown;0;no
59;technician;single;secondary;no;-526;yes;no;cellular;18;feb;36;5;262;1;unknown;0;no
27;services;married;secondary;no;-1203;no;no;unknown;19;mar;143;1;319;1;unknown;0;yes
50;unemployed;divorced;secondary;no;3851;yes;no;cellular;3;may;415;10;339;1;failure;0;no
67;self-employed;divorced;tertiary;no;4220;yes;no;cellular;1;may;286;10;174;3;unknown;0;no
87;services;married;tertiary;no;-972;yes;no;unknown;27;sep;646;8;254;2;unknown;0;yes
79;services;single;tertiary;no;2854;yes;yes;unknown;11;aug;85;4;371;0;unknown;0;no
25;housemaid;married;secondary;no;9572;no;no;cellular;2;jan;130;9;310;2;unknown;0;no
35;entrepreneur;single;primary;no;1713;no;no;cellular;4;feb;250;7;43;3;unknown;0;yes
49;self-employed;single;tertiary;no;4170;yes;no;cellular;2;apr;117;3;363;2;unknown;0;yes
28;housemaid;married;unknown;no;6130;yes;no;unknown;7;may;214;6;211;5;unknown;0;no
59;student;married;primary;no;8911;no;no;telephone;21;oct;163;1;65;3;success;0;yes
18;services;married;tertiary;no;2137;no;no;unknown;24;dec;145;2;280;1;unknown;0;yes
26;services;single;secondary;no;5159;yes;no;cellular;2;apr;395;5;387;3;unknown;0;yes
21;services;single;primary;no;-965;yes;no;cellular;16;sep;600;1;345;5;unknown;0;no
39;admin.;married;unknown;no;1474;yes;no;cellular;19;apr;509;10;59;5;unknown;0;yes
72;housemaid;married;tertiary;no;60;yes;no;unknown;25;dec;245;11;257;0;unknown;0;no
30;entrepreneur;married;unknown;no;-4256;yes;no;cellular;26;aug;316;4;60;1;unknown;0;no
89;admin.;single;primary;yes;-3409;no;no;cellular;25;jan;286;4;262;3;unknown;0;yes
37;services;married;secondary;no;2690;yes;no;cellular;21;feb;109;9;187;0;unknown;0;no
21;services;married;tertiary;no;2749;no;yes;cellular;23;may;28;4;384;2;unknown;0;no
42;retired;divorced;secondary;no;-1724;no;no;cellular;21;jun;269;9;3;3;success;0;yes
71;blue-collar;married;secondary;no;6072;no;no;cellular;22;mar;197;1;160;0;unknown;0;yes
25;management;single;secondary;no;-1929;no;yes;unknown;26;jan;387;6;310;0;unknown;0;yes
23;student;married;primary;no;2171;yes;no;cellular;5;dec;256;1;210;3;unknown;1;yes
79;services;married;secondary;no;154;no;no;unknown;3;sep;185;8;191;2;unknown;0;no
60;unemployed;single;tertiary;yes;1720;no;no;cellular;8;nov;461;8;267;0;success;0;yes
42;retired;married;primary;no;4095;yes;no;cellular;27;apr;335;6;113;0;unknown;0;yes
72;retired;married;primary;no;3672;no;no;cellular;20;jul;23;10;103;2;unknown;0;no
78;self-employed;divorced;secondary;no;3523;no;no;cellular;14;aug;41;8;137;5;unknown;0;no
43;student;divorced;secondary;no;3140;no;no;cellular;9;apr;210;3;151;1;unknown;0;yes
58;admin.;single;secondary;no;-2418;yes;no;cellular;6;aug;377;7;95;2;unknown;0;yes
18;blue-collar;married;primary;no;4803;no;no;cellular;11;jul;323;5;273;0;unknown;0;no
40;technician;married;tertiary;no;-1780;yes;no;unknown;27;nov;243;8;136;2;failure;0;yes
60;retired;married;secondary;no;1081;yes;no;telephone;27;nov;348;7;154;0;success;0;no
32;unemployed;divorced;secondary;no;346;yes;no;unknown;28;dec;271;9;67;1;unknown;0;yes
89;retired;single;secondary;no;2450;no;yes;unknown;20;jul;339;2;362;3;failure;0;no
87;management;married;secondary;no;-54;no;no;cellular;17;jan;407;1;50;2;unknown;0;no
36;management;divorced;secondary;no;924;yes;yes;cellular;3;oct;131;5;224;1;unknown;0;no
46;management;married;tertiary;no;6256;yes;yes;unknown;17;may;42;1;374;0;unknown;0;no
31;management;single;secondary;no;-2485;yes;yes;cellular;21;sep;365;6;275;1;unknown;0;no
54;retired;married;secondary;no;1392;yes;no;cellular;12;sep;117;4;391;4;unknown;0;yes
26;entrepreneur;married;secondary;no;-1942;yes;yes;cellular;23;feb;169;8;59;1;unknown;0;no
46;technician;divorced;secondary;no;3423;yes;no;cellular;17;mar;505;8;192;1;unknown;0;no
57;admin.;divorced;secondary;no;-780;yes;no;unknown;26;oct;270;11;387;0;other;0;yes
62;blue-collar;married;secondary;no;1515;yes;no;cellular;3;jul;261;1;21;3;unknown;1;yes
60;entrepreneur;married;secondary;no;-2573;no;no;cellular;20;mar;183;6;397;0;success;0;no
33;services;single;secondary;no;5274;yes;no;telephone;10;nov;387;9;35;1;unknown;0;no
75;services;married;tertiary;no;1618;no;no;unknown;3;nov;36;3;265;2;unknown;1;yes
67;unemployed;single;primary;no;1813;yes;no;unknown;9;mar;220;10;323;3;unknown;0;yes
72;retired;single;tertiary;no;3887;yes;no;telephone;22;apr;276;8;79;4;other;0;no
51;housemaid;married;secondary;no;-2354;yes;yes;cellular;6;mar;330;6;332;4;success;0;yes
82;technician;married;primary;no;-445;yes;yes;cellular;19;jul;121;2;214;0;success;0;no
46;technician;married;secondary;no;1910;yes;no;cellular;6;oct;338;7;251;3;unknown;0;no
76;unemployed;divorced;secondary;no;-3885;no;yes;cellular;13;apr;136;1;34;1;unknown;0;no
32;retired;married;tertiary;no;-3563;yes;no;unknown;5;jan;89;4;20;3;failure;0;yes
35;housemaid;single;tertiary;no;-1063;yes;no;unknown;22;jan;92;5;16;5;unknown;0;no
55;blue-collar;married;tertiary;no;-2022;yes;yes;cellular;25;apr;666;1;132;0;failure;0;no
58;management;single;secondary;no;368;yes;no;cellular;15;oct;194;1;117;5;unknown;0;yes
71;technician;married;tertiary;no;2967;no;no;unknown;11;may;269;10;248;5;unknown;0;no
39;technician;married;secondary;no;3649;yes;no;cellular;27;sep;9;6;84;5;unknown;0;yes
80;housemaid;single;tertiary;no;6828;yes;no;cellular;27;nov;85;2;174;0;unknown;0;yes
41;services;single;primary;no;1332;no;no;cellular;27;dec;382;4;383;3;unknown;0;no
56;blue-collar;married;tertiary;no;1863;yes;no;cellular;22;apr;49;7;386;1;success;0;yes
85;housemaid;married;secondary;no;1325;yes;no;cellular;7;jul;480;10;297;0;unknown;0;yes
56;self-employed;divorced;secondary;no;2360;no;no;telephone;5;sep;580;5;226;0;unknown;0;no
67;services;married;unknown;no;2595;yes;no;cellular;13;mar;64;2;283;0;unknown;0;yes
83;technician;married;tertiary;no;4166;no;yes;cellular;16;sep;127;6;288;2;unknown;0;no
88;housemaid;married;tertiary;no;4154;no;no;cellular;6;mar;288;8;303;1;unknown;0;yes
53;entrepreneur;married;primary;no;2958;yes;no;cellular;5;jul;128;2;147;0;unknown;0;no
48;management;single;secondary;no;5930;yes;no;cellular;10;may;346;7;140;2;failure;0;no
32;unemployed;single;tertiary;no;1480;yes;yes;cellular;10;may;470;4;224;2;unknown;0;no
56;services;married;primary;no;-434;no;no;cellular;7;apr;63;11;397;2;unknown;0;no
84;entrepreneur;single;tertiary;no;55;yes;no;cellular;13;jun;93;5;274;3;unknown;0;no
53;housemaid;married;secondary;no;1082;no;no;unknown;15;may;96;7;229;1;unknown;0;no
43;management;single;secondary;no;-1850;yes;no;cellular;3;apr;6;8;387;1;unknown;0;no
25;blue-collar;married;tertiary;no;-440;no;no;unknown;1;mar;485;9;78;1;unknown;1;yes
46;management;married;primary;no;-2019;no;yes;unknown;2;jun;282;1;308;1;unknown;1;no
35;admin.;single;tertiary;no;2431;yes;no;cellular;23;dec;139;4;267;5;unknown;0;no
88;technician;married;tertiary;no;2461;yes;no;cellular;23;aug;333;1;99;3;unknown;0;yes
55;student;married;secondary;no;-3906;yes;no;cellular;5;feb;694;1;218;0;unknown;0;no
27;blue-collar;married;secondary;no;-562;no;no;unknown;27;jan;141;6;209;1;unknown;0;no
22;technician;single;secondary;no;6875;yes;no;cellular;8;sep;86;5;241;0;unknown;0;no
79;admin.;married;secondary;yes;3289;no;no;cellular;26;jul;336;8;378;5;other;0;no
85;management;single;tertiary;no;2763;no;no;cellular;5;jul;421;8;102;0;unknown;0;yes
72;student;single;secondary;no;-592;no;no;cellular;23;may;384;11;160;0;unknown;0;no
26;retired;single;secondary;no;2261;no;no;cellular;10;jul;156;3;231;3;unknown;0;yes
25;student;married;secondary;no;1356;no;no;telephone;22;aug;135;7;29;2;unknown;0;yes
32;blue-collar;single;secondary;no;-990;yes;no;cellular;3;aug;124;2;24;1;unknown;0;no
72;housemaid;married;tertiary;no;-81;yes;no;cellular;17;dec;25;5;162;2;unknown;0;yes
73;housemaid;divorced;primary;no;-13;no;no;unknown;25;nov;292;2;325;2;success;0;yes
78;admin.;single;secondary;no;-3066;no;no;unknown;4;nov;113;11;141;0;unknown;0;yes
24;admin.;married;primary;no;-2570;no;no;cellular;12;sep;269;6;239;2;unknown;0;no
29;student;single;primary;no;801;yes;no;telephone;25;sep;172;1;303;4;unknown;0;yes
82;student;married;secondary;no;-1143;yes;no;unknown;26;apr;232;4;263;5;unknown;0;yes
84;technician;married;tertiary;no;497;yes;no;cellular;15;nov;223;9;234;3;success;0;no
70;entrepreneur;married;secondary;no;-3416;yes;yes;cellular;2;apr;369;9;228;0;unknown;0;no
25;student;single;primary;no;3803;yes;no;cellular;27;feb;389;9;208;4;unknown;0;no
22;student;single;secondary;no;7641;yes;no;cellular;5;oct;216;8;394;1;unknown;1;no
22;management;divorced;tertiary;no;4482;yes;no;cellular;12;may;179;11;155;0;unknown;1;no
67;housemaid;married;secondary;no;4791;yes;no;unknown;24;jun;212;11;27;4;failure;0;no
78;entrepreneur;single;secondary;no;3278;yes;no;unknown;4;aug;63;5;350;1;unknown;0;yes
63;student;single;tertiary;no;2196;no;no;cellular;13;sep;437;11;183;3;unknown;0;no
36;technician;single;primary;no;1659;no;no;unknown;18;jan;107;8;392;3;other;0;yes
72;unemployed;married;tertiary;no;-1343;yes;no;unknown;2;may;188;1;266;3;unknown;0;no
22;admin.;married;tertiary;no;3470;no;no;telephone;14;oct;255;9;230;2;unknown;0;no
77;management;single;tertiary;no;3292;yes;no;unknown;2;sep;282;3;238;2;success;0;yes
82;admin.;married;primary;no;10;no;no;unknown;19;aug;273;10;139;0;unknown;1;no
69;retired;married;primary;no;2978;no;yes;cellular;26;jun;192;3;287;4;unknown;0;yes
81;housemaid;married;tertiary;no;-681;yes;no;unknown;6;may;548;6;119;4;unknown;0;no
60;entrepreneur;married;secondary;no;-490;yes;no;unknown;8;jun;235;10;391;0;unknown;0;yes
51;management;married;secondary;no;3725;no;no;cellular;4;mar;169;9;235;4;unknown;0;yes
41;retired;married;secondary;no;2691;no;no;cellular;12;dec;579;2;190;5;success;0;yes
84;retired;single;primary;no;704;yes;no;cellular;1;mar;64;11;99;4;unknown;0;no
68;housemaid;divorced;secondary;no;357;no;no;cellular;26;jun;578;5;317;1;unknown;0;no
31;services;married;tertiary;no;1924;yes;no;cellular;3;oct;179;6;181;4;other;0;yes
86;technician;married;secondary;no;-4106;no;no;cellular;19;mar;139;1;196;1;unknown;0;no
22;blue-collar;single;secondary;no;-873;yes;yes;cellular;9;dec;113;1;57;4;unknown;1;no
60;self-employed;married;unknown;no;-2395;yes;no;cellular;22;jul;52;6;294;1;failure;0;yes
31;blue-collar;divorced;tertiary;no;1435;yes;no;cellular;2;feb;310;4;22;5;unknown;0;no
65;services;single;primary;no;4665;no;no;telephone;14;jan;277;1;196;4;unknown;0;yes
47;admin.;married;secondary;no;2831;yes;yes;unknown;3;apr;98;1;311;4;unknown;0;no
49;student;married;primary;no;-134;no;no;cellular;20;apr;546;8;177;3;failure;0;no
66;housemaid;married;secondary;no;-719;no;no;cellular;6;jan;446;7;57;0;unknown;0;no
72;technician;single;secondary;no;-861;yes;no;cellular;17;aug;209;6;385;0;unknown;0;yes
45;admin.;married;secondary;no;7398;no;yes;cellular;12;jul;141;7;8;4;failure;0;no
89;technician;divorced;primary;no;1604;no;no;cellular;5;jan;411;11;272;5;other;0;no
53;retired;single;secondary;no;1999;no;no;cellular;6;oct;123;6;-1;2;unknown;0;yes
29;housemaid;divorced;secondary;no;-4933;yes;no;cellular;17;jun;278;11;271;5;unknown;0;no
18;technician;divorced;secondary;no;-2142;yes;no;cellular;7;aug;379;4;387;1;failure;0;yes
32;self-employed;married;secondary;no;1267;no;no;unknown;26;aug;139;9;204;2;unknown;0;no
67;admin.;married;tertiary;no;-94;no;no;cellular;22;nov;475;7;-1;2;unknown;0;no
56;housemaid;single;tertiary;no;1799;no;no;unknown;10;mar;144;4;21;0;unknown;0;no
42;management;married;primary;no;1759;yes;no;cellular;11;jan;327;2;88;1;unknown;0;no
52;student;married;tertiary;no;3201;yes;no;cellular;14;mar;371;2;139;3;other;0;no
78;blue-collar;married;primary;no;-4207;yes;no;cellular;23;sep;402;8;352;0;unknown;0;no
59;services;married;secondary;no;-1915;no;no;cellular;12;sep;568;2;14;3;failure;0;yes
22;services;divorced;secondary;no;1101;no;no;unknown;12;apr;55;7;201;3;unknown;0;no
21;self-employed;married;secondary;no;-542;yes;yes;cellular;20;dec;6;8;294;1;unknown;0;no
52;retired;single;primary;no;469;yes;no;cellular;8;sep;155;9;264;3;unknown;0;no
47;management;divorced;tertiary;no;1727;yes;no;unknown;18;apr;828;2;317;0;unknown;0;yes
79;housemaid;married;tertiary;no;-834;yes;no;cellular;11;dec;490;2;272;3;unknown;0;no
59;blue-collar;single;unknown;no;1976;yes;no;telephone;14;mar;109;4;6;2;unknown;0;no
72;entrepreneur;married;tertiary;no;3031;yes;no;cellular;22;jan;150;6;354;2;unknown;0;yes
60;retired;married;secondary;no;1595;no;yes;unknown;2;dec;216;2;196;5;unknown;0;yes
42;admin.;married;primary;no;3562;yes;yes;unknown;19;jun;274;6;193;5;unknown;0;yes
65;admin.;married;primary;no;-5118;no;no;cellular;8;nov;348;1;359;1;unknown;0;no
62;admin.;married;secondary;no;-358;no;no;cellular;1;nov;356;2;306;3;unknown;0;yes
69;unemployed;married;tertiary;no;4076;yes;no;telephone;9;dec;459;5;37;2;unknown;0;yes
31;blue-collar;married;secondary;no;-1193;no;yes;telephone;22;oct;620;7;115;5;unknown;0;yes
64;housemaid;married;secondary;no;-1600;yes;no;cellular;21;jan;193;5;139;5;success;0;yes
38;self-employed;single;secondary;no;1021;yes;no;cellular;8;jul;177;8;379;4;success;0;no
74;technician;married;tertiary;no;1348;yes;yes;cellular;12;dec;147;3;42;3;failure;1;no
75;student;single;secondary;no;-204;yes;no;telephone;25;oct;164;2;186;5;unknown;0;no
62;student;divorced;tertiary;no;6930;no;no;cellular;11;nov;293;11;196;3;unknown;0;no
86;unemployed;single;secondary;no;2259;no;no;cellular;8;oct;347;5;68;3;unknown;0;no
56;blue-collar;single;secondary;no;-1308;no;no;cellular;13;apr;565;7;210;1;unknown;0;yes
19;technician;single;secondary;no;-2918;no;no;cellular;22;oct;78;8;88;4;unknown;1;yes
61;technician;single;tertiary;no;2616;no;no;unknown;13;aug;291;4;153;5;unknown;0;no
73;admin.;divorced;tertiary;no;-1379;no;no;cellular;15;jul;51;1;314;3;unknown;0;yes
25;entrepreneur;divorced;secondary;no;7857;no;no;cellular;21;mar;300;10;333;4;unknown;0;no
25;retired;married;secondary;no;2683;no;yes;unknown;25;feb;754;8;7;1;unknown;0;yes
37;services;single;primary;no;3079;yes;no;cellular;19;jun;192;7;160;0;unknown;0;no
78;technician;single;primary;no;2146;yes;no;unknown;12;mar;710;10;1;2;unknown;0;no
55;admin.;married;primary;no;4764;yes;no;unknown;22;aug;52;5;38;0;unknown;0;yes
88;entrepreneur;married;primary;no;-5786;yes;no;telephone;22;apr;127;1;4;5;unknown;0;no
80;entrepreneur;single;tertiary;no;-2209;no;no;cellular;6;feb;151;9;317;3;unknown;0;no
57;unemployed;single;tertiary;no;4502;no;no;cellular;20;jan;254;9;208;4;unknown;0;yes
66;technician;married;tertiary;no;5901;no;no;cellular;21;dec;189;5;80;1;unknown;0;no
41;admin.;married;tertiary;no;-2305;yes;no;cellular;9;feb;372;3;185;3;unknown;0;yes
24;technician;married;unknown;no;-4055;yes;no;cellular;9;dec;329;9;287;0;failure;0;yes
46;housemaid;single;unknown;no;1902;yes;no;cellular;19;jul;24;1;108;5;unknown;0;yes
60;housemaid;divorced;secondary;no;2856;no;no;cellular;1;nov;598;1;170;4;unknown;0;no
31;management;divorced;primary;no;1842;no;no;cellular;9;nov;61;10;51;1;unknown;0;no
33;admin.;married;primary;no;1221;no;no;cellular;18;feb;148;3;82;5;unknown;0;yes
19;management;married;tertiary;no;-4155;no;no;cellular;13;jul;342;9;83;3;unknown;0;yes
70;housemaid;single;primary;no;274;yes;no;telephone;1;sep;210;6;34;2;unknown;0;yes
82;technician;single;secondary;no;722;yes;no;unknown;4;aug;50;11;323;3;unknown;0;yes
77;housemaid;married;secondary;no;-244;no;no;cellular;3;nov;309;10;329;1;unknown;0;yes
45;blue-collar;married;secondary;no;-4356;yes;yes;unknown;15;mar;387;6;207;2;unknown;0;no
60;technician;married;secondary;no;3154;yes;yes;cellular;2;feb;100;9;82;0;failure;0;yes
87;student;single;tertiary;no;3997;yes;yes;unknown;22;nov;301;2;12;0;unknown;0;yes
60;blue-collar;single;secondary;no;-983;no;no;cellular;17;aug;392;11;395;4;unknown;0;yes
39;entrepreneur;married;tertiary;no;842;no;no;cellular;15;dec;436;11;172;3;unknown;0;no
42;technician;divorced;primary;no;-90;yes;no;telephone;6;mar;294;3;206;0;unknown;0;yes
70;retired;single;tertiary;yes;-61;yes;yes;unknown;6;jan;561;6;197;2;unknown;0;yes
50;unemployed;divorced;secondary;no;2879;no;yes;cellular;23;sep;229;11;289;4;unknown;0;no
78;entrepreneur;married;secondary;no;2951;yes;no;cellular;18;oct;23;4;170;0;unknown;0;no
80;admin.;married;unknown;no;4624;no;no;unknown;10;aug;176;2;223;5;unknown;0;no
20;unemployed;divorced;tertiary;no;4561;no;no;cellular;6;jan;462;11;305;1;unknown;0;no
70;student;divorced;tertiary;no;884;yes;yes;cellular;10;nov;41;3;399;2;unknown;0;no
44;housemaid;divorced;tertiary;no;9926;yes;no;cellular;9;apr;228;2;278;3;failure;0;yes
55;services;single;secondary;no;6049;yes;no;cellular;15;jun;311;6;91;4;unknown;0;yes
37;student;married;secondary;no;-574;yes;no;cellular;8;jan;131;6;72;2;unknown;0;no
44;entrepreneur;married;secondary;no;1779;yes;no;cellular;22;oct;669;3;152;0;unknown;0;yes
41;admin.;married;tertiary;no;-4557;yes;no;cellular;2;oct;273;10;326;3;unknown;0;no
21;technician;divorced;tertiary;no;1481;yes;yes;unknown;20;mar;467;1;352;2;unknown;0;yes
74;student;married;unknown;no;6421;no;no;telephone;1;jan;121;11;180;1;unknown;0;yes
28;services;single;tertiary;no;9743;yes;yes;cellular;6;aug;338;8;71;2;failure;0;yes
45;technician;divorced;secondary;no;1036;yes;no;cellular;27;jul;294;3;260;0;unknown;0;yes
31;retired;divorced;primary;no;2404;yes;no;unknown;22;nov;495;5;249;3;unknown;0;yes
29;blue-collar;divorced;primary;no;3215;no;no;unknown;28;apr;258;1;49;4;unknown;0;yes
44;unemployed;single;secondary;no;7339;yes;no;unknown;15;sep;115;11;358;1;unknown;0;yes
84;entrepreneur;married;tertiary;no;-1548;yes;no;telephone;4;nov;427;8;379;2;unknown;0;no
85;student;divorced;primary;no;9366;no;yes;unknown;28;nov;77;11;396;3;unknown;0;yes
45;housemaid;married;tertiary;no;448;no;no;cellular;22;feb;56;1;210;5;unknown;0;yes
54;admin.;married;tertiary;no;-2110;no;no;cellular;15;aug;211;11;318;4;unknown;0;no
88;admin.;divorced;secondary;no;454;no;yes;cellular;22;may;154;10;6;5;unknown;0;no
34;admin.;single;tertiary;no;-1028;yes;yes;cellular;9;jul;223;6;22;0;unknown;1;yes
86;retired;married;secondary;no;2657;yes;no;cellular;23;sep;86;7;-1;1;unknown;1;no
25;management;married;tertiary;no;-3557;yes;no;cellular;22;nov;443;4;224;5;unknown;0;no
34;student;married;secondary;no;1824;no;no;cellular;4;jun;441;6;173;1;unknown;0;yes
42;retired;divorced;secondary;no;3391;no;no;cellular;1;apr;386;11;272;4;unknown;0;no
20;admin.;single;primary;yes;5848;no;no;unknown;24;mar;366;9;82;0;unknown;0;yes
76;self-employed;married;secondary;no;3441;yes;no;telephone;21;sep;149;5;118;5;unknown;0;yes
79;services;single;tertiary;no;5663;no;no;cellular;9;may;243;7;132;1;unknown;0;no
45;student;divorced;unknown;no;-417;no;no;cellular;16;sep;391;5;268;4;unknown;0;no
78;housemaid;divorced;tertiary;no;2582;yes;no;cellular;1;apr;488;4;127;4;unknown;0;no
73;self-employed;married;primary;no;-5287;yes;no;cellular;5;oct;179;7;363;4;unknown;1;no
75;self-employed;single;unknown;no;1058;yes;no;cellular;3;sep;480;5;94;1;failure;0;no
75;technician;married;primary;no;2560;yes;no;unknown;1;jun;281;7;256;0;failure;0;no
59;unemployed;married;primary;no;2831;no;no;unknown;4;dec;296;11;93;5;unknown;0;no
25;retired;married;tertiary;no;-3322;yes;no;cellular;2;jun;200;2;194;2;unknown;0;no
84;unemployed;married;tertiary;no;229;no;yes;cellular;27;jul;51;5;234;4;failure;0;no
61;housemaid;single;tertiary;no;647;yes;yes;cellular;3;jan;97;3;302;1;unknown;0;no
82;blue-collar;married;tertiary;no;112;yes;no;unknown;4;aug;430;1;374;5;unknown;0;yes
87;management;married;secondary;no;3575;no;no;cellular;14;dec;279;1;114;4;failure;0;no
31;student;married;primary;no;749;no;yes;telephone;17;jul;116;5;309;3;failure;0;no
46;entrepreneur;married;primary;no;1697;no;no;cellular;20;may;84;2;265;3;unknown;0;yes
31;self-employed;single;secondary;no;-68;no;no;cellular;3;aug;307;8;304;0;unknown;1;yes
21;services;married;secondary;no;4594;no;no;telephone;4;jul;183;4;199;3;unknown;0;yes
87;self-employed;married;primary;no;4817;yes;no;cellular;1;mar;359;3;88;1;unknown;0;no
84;management;divorced;secondary;no;474;no;no;unknown;5;mar;54;11;242;2;failure;0;no
85;blue-collar;married;secondary;no;9951;yes;no;cellular;6;nov;143;7;152;3;unknown;0;yes
81;self-employed;divorced;tertiary;no;-899;no;no;telephone;23;aug;3;9;193;0;unknown;0;no
64;management;single;secondary;no;4421;no;no;unknown;17;nov;109;9;63;4;unknown;0;no
55;services;single;secondary;no;-1453;yes;no;cellular;7;may;655;3;162;1;unknown;0;yes
89;student;single;secondary;no;3719;yes;no;cellular;4;dec;72;7;244;2;unknown;0;yes
57;student;married;tertiary;yes;3485;no;no;cellular;24;aug;125;2;15;3;failure;0;yes
64;management;single;secondary;no;-1635;yes;yes;cellular;20;nov;55;6;136;0;unknown;0;yes
33;management;single;primary;no;1008;no;no;cellular;3;sep;183;11;246;1;unknown;0;no
71;services;married;tertiary;yes;7003;no;yes;cellular;16;dec;205;3;185;1;unknown;0;yes
77;admin.;single;tertiary;no;-1042;yes;no;unknown;24;aug;463;8;390;0;unknown;0;yes
66;unemployed;married;secondary;no;2605;no;no;cellular;8;oct;138;1;368;4;unknown;0;no
53;services;divorced;secondary;no;2406;no;no;cellular;21;jan;242;6;137;0;failure;0;yes
32;self-employed;single;secondary;no;1273;yes;no;telephone;11;jul;154;2;390;0;other;0;yes
20;technician;married;primary;no;-3793;yes;no;telephone;5;oct;47;11;247;5;success;0;no
63;unemployed;divorced;secondary;no;3885;no;no;cellular;8;oct;437;5;126;3;unknown;0;yes
67;blue-collar;divorced;unknown;no;1434;no;yes;cellular;10;jul;48;11;287;1;unknown;0;yes
73;unemployed;single;secondary;no;4711;no;no;cellular;2;dec;373;10;39;4;failure;0;yes
86;technician;married;secondary;no;2095;no;no;unknown;10;mar;34;2;239;5;unknown;0;no
53;blue-collar;single;tertiary;no;1593;no;no;cellular;28;oct;185;6;366;2;unknown;0;yes
77;unemployed;single;secondary;no;2517;yes;yes;cellular;4;apr;562;7;359;0;success;0;yes
69;management;married;secondary;no;-1562;yes;yes;cellular;1;apr;369;5;38;3;failure;1;no
37;self-employed;divorced;secondary;no;6074;no;no;cellular;11;oct;170;8;372;2;unknown;0;yes
78;blue-collar;single;primary;no;273;yes;no;cellular;27;oct;864;5;149;1;other;0;yes
21;management;divorced;primary;yes;312;no;no;cellular;19;dec;12;10;347;2;unknown;0;yes
61;admin.;single;unknown;no;5276;yes;no;cellular;15;jun;593;7;211;2;unknown;0;no
85;technician;married;secondary;no;2142;yes;no;cellular;21;oct;130;6;164;2;unknown;0;no
65;blue-collar;divorced;tertiary;no;690;no;no;unknown;1;oct;25;10;179;1;other;0;no
85;retired;single;primary;no;2641;yes;no;telephone;6;nov;129;8;50;0;unknown;0;no
22;self-employed;married;tertiary;no;3277;yes;no;telephone;24;apr;89;3;280;2;unknown;1;yes
56;housemaid;married;secondary;no;1044;no;yes;cellular;21;jun;110;4;156;5;unknown;0;no
74;technician;married;secondary;no;4166;no;yes;unknown;13;sep;231;2;116;5;unknown;0;yes
64;unemployed;single;secondary;no;-2411;yes;no;cellular;8;jun;315;5;206;5;unknown;0;no
81;retired;married;secondary;no;2185;yes;yes;telephone;7;dec;504;7;123;1;unknown;0;yes
51;technician;divorced;primary;no;3800;no;yes;telephone;2;oct;262;7;11;4;unknown;0;yes
67;entrepreneur;divorced;primary;no;3265;yes;no;cellular;25;jan;235;9;308;0;unknown;0;no
48;blue-collar;single;tertiary;no;-5323;yes;no;cellular;6;may;75;3;334;0;unknown;0;yes
80;admin.;married;primary;no;1020;yes;no;telephone;23;jul;163;5;343;4;unknown;0;no
26;blue-collar;single;primary;no;-2242;no;no;cellular;10;sep;119;9;353;1;unknown;0;no
36;housemaid;married;tertiary;no;5257;yes;no;unknown;26;jul;54;9;17;5;unknown;0;yes
24;management;single;secondary;no;227;no;no;telephone;2;aug;730;6;250;1;unknown;0;yes
68;management;married;secondary;no;4924;yes;no;unknown;15;aug;268;9;73;3;other;1;yes
34;technician;divorced;tertiary;no;-2251;no;no;cellular;3;feb;271;10;229;5;unknown;0;yes
40;services;married;tertiary;no;2571;yes;no;cellular;1;may;463;5;385;3;unknown;0;yes
78;student;married;primary;no;1423;yes;no;unknown;10;apr;296;9;151;4;unknown;0;no
43;unemployed;divorced;secondary;no;9692;no;yes;unknown;18;may;667;3;198;5;unknown;0;yes
28;technician;married;secondary;no;4933;yes;no;cellular;26;mar;48;7;391;2;unknown;0;yes
19;blue-collar;divorced;secondary;no;4741;no;no;cellular;5;dec;43;3;252;2;unknown;0;yes
34;services;divorced;tertiary;no;7483;no;no;cellular;18;feb;111;8;171;3;unknown;0;yes
83;retired;married;unknown;no;2251;yes;no;unknown;23;apr;416;5;385;4;unknown;0;yes
57;technician;married;primary;no;1101;no;no;telephone;27;jun;648;10;77;4;unknown;0;no
89;unemployed;single;primary;no;759;no;no;cellular;8;aug;547;11;176;1;unknown;0;no
33;unemployed;single;tertiary;no;2383;yes;no;unknown;2;mar;123;4;384;0;unknown;0;yes
43;unemployed;divorced;secondary;no;-6910;yes;yes;cellular;27;sep;139;1;279;2;unknown;0;yes
29;retired;married;tertiary;no;1406;no;no;cellular;25;jan;137;9;333;2;unknown;0;yes
46;management;single;primary;no;2080;yes;no;cellular;8;jan;92;11;100;3;unknown;0;no
58;services;married;primary;no;932;no;no;cellular;4;mar;108;11;126;0;unknown;0;no
76;services;single;tertiary;no;-3192;yes;no;cellular;15;mar;336;3;178;0;unknown;0;yes
44;retired;single;unknown;no;950;no;no;cellular;7;aug;220;1;220;5;unknown;0;yes
73;retired;divorced;primary;no;-3201;yes;no;cellular;16;oct;320;1;232;3;unknown;0;yes
63;entrepreneur;married;tertiary;no;6721;yes;no;unknown;3;oct;366;6;231;2;unknown;0;no
39;admin.;married;secondary;no;627;no;yes;cellular;26;mar;356;3;78;3;unknown;0;no
83;management;married;primary;no;-4788;yes;no;cellular;12;jun;207;2;350;1;unknown;1;yes
49;self-employed;married;secondary;no;780;yes;no;cellular;4;mar;547;3;327;1;unknown;1;no
28;student;married;secondary;no;4086;no;yes;cellular;6;aug;121;5;216;5;unknown;0;no
87;student;divorced;tertiary;no;1928;yes;no;telephone;19;apr;92;1;45;1;unknown;0;no
83;management;married;secondary;no;-1341;yes;no;unknown;21;aug;173;10;163;5;unknown;0;no
21;technician;married;secondary;no;-634;no;no;cellular;3;oct;327;11;136;0;other;0;no
82;services;single;secondary;no;539;no;yes;cellular;22;aug;356;3;234;3;unknown;0;no
86;technician;married;tertiary;no;81;yes;yes;cellular;27;jan;151;7;146;4;unknown;0;no
77;student;married;tertiary;no;-2378;no;no;cellular;9;dec;156;1;388;5;failure;0;no
36;self-employed;divorced;secondary;no;1197;no;no;cellular;18;jun;480;1;244;1;unknown;0;no
63;housemaid;married;secondary;no;-2601;yes;no;cellular;23;aug;41;4;15;1;success;1;yes
56;housemaid;married;unknown;no;4247;no;yes;telephone;27;sep;769;10;99;2;unknown;0;no
62;management;single;primary;no;4613;yes;no;unknown;5;jul;159;9;256;4;unknown;0;no
62;blue-collar;married;tertiary;no;-1609;no;no;cellular;25;dec;179;8;60;0;unknown;0;yes
64;self-employed;married;secondary;no;-749;no;no;cellular;2;nov;293;2;27;4;unknown;0;yes
55;housemaid;married;tertiary;no;130;yes;no;telephone;16;aug;326;3;202;3;unknown;0;no
67;blue-collar;married;secondary;no;1305;yes;no;cellular;5;aug;89;7;100;3;unknown;0;no
55;self-employed;divorced;secondary;no;2170;yes;no;cellular;4;may;287;5;2;4;failure;0;yes
19;management;married;secondary;no;2789;yes;no;cellular;7;jun;33;9;276;2;unknown;0;no
20;retired;married;primary;no;2719;no;no;cellular;5;jan;100;7;288;2;unknown;0;no
86;self-employed;married;primary;no;6061;no;yes;cellular;2;sep;100;7;282;1;unknown;0;yes
83;retired;divorced;unknown;no;1581;no;yes;telephone;9;feb;248;7;32;0;failure;0;yes
60;housemaid;married;secondary;no;-2507;yes;no;cellular;4;mar;184;11;332;3;unknown;0;no
30;retired;divorced;primary;no;-3427;yes;no;unknown;11;jul;182;7;30;4;unknown;0;yes
74;management;married;secondary;no;6307;no;yes;cellular;9;sep;83;9;213;1;failure;0;yes
28;services;divorced;secondary;no;2928;yes;yes;cellular;15;jan;214;6;382;5;unknown;0;no
45;unemployed;married;secondary;no;2019;yes;yes;unknown;24;oct;391;1;319;0;failure;1;yes
41;blue-collar;married;primary;no;2747;yes;yes;cellular;4;feb;36;6;376;5;failure;0;no
18;retired;married;tertiary;no;1880;no;yes;cellular;24;aug;159;10;198;5;other;0;yes
76;housemaid;married;tertiary;no;2699;no;no;telephone;16;oct;0;9;166;0;other;0;yes
54;admin.;single;secondary;no;282;yes;no;unknown;28;mar;365;7;75;4;unknown;0;no
40;technician;single;tertiary;no;4565;no;no;cellular;12;may;86;11;396;0;unknown;1;no
54;student;single;secondary;no;-174;no;no;cellular;3;jul;323;11;174;1;failure;0;yes
18;entrepreneur;married;secondary;no;-1309;no;no;unknown;6;jul;148;11;240;4;unknown;0;no
49;unemployed;single;tertiary;no;-3672;yes;no;unknown;1;oct;120;11;64;0;unknown;0;yes
55;admin.;married;tertiary;no;686;yes;no;unknown;25;dec;206;4;118;1;unknown;0;no
42;unemployed;divorced;secondary;no;5202;yes;no;cellular;16;may;16;2;215;1;unknown;0;no
77;retired;single;secondary;no;27;no;yes;telephone;25;aug;443;5;331;0;failure;0;yes
35;unemployed;single;secondary;no;-2735;no;no;cellular;17;dec;583;3;203;3;failure;0;yes
27;admin.;divorced;secondary;no;2254;yes;no;cellular;27;aug;347;2;73;3;unknown;0;yes
55;unemployed;single;tertiary;no;-553;yes;yes;cellular;7;jan;91;8;100;4;unknown;0;no
81;unemployed;single;primary;no;6044;yes;no;cellular;10;apr;224;2;234;4;failure;0;yes
45;management;married;tertiary;no;4623;no;yes;telephone;23;aug;278;1;191;2;unknown;0;yes
21;admin.;single;tertiary;no;-2412;yes;yes;cellular;24;dec;436;3;82;2;failure;0;no
87;student;married;primary;no;878;no;no;unknown;27;mar;182;5;239;5;unknown;0;no
49;entrepreneur;married;tertiary;no;-865;no;no;cellular;25;mar;301;8;265;0;success;0;yes
30;unemployed;single;tertiary;no;-2081;no;no;cellular;10;aug;115;11;170;1;unknown;0;yes
62;housemaid;married;secondary;no;1232;yes;no;cellular;19;feb;268;7;359;1;unknown;0;no
41;entrepreneur;single;secondary;no;3854;no;no;telephone;27;dec;47;6;84;5;failure;0;yes
85;technician;married;tertiary;no;1154;no;no;cellular;8;nov;228;4;145;1;unknown;0;no
39;blue-collar;married;unknown;no;-148;no;yes;unknown;3;jul;12;4;381;3;unknown;0;no
57;self-employed;divorced;secondary;no;-5218;yes;no;unknown;15;may;302;7;23;2;unknown;0;no
57;management;married;secondary;no;-597;yes;yes;cellular;14;jun;347;3;319;4;unknown;0;no
35;student;single;tertiary;no;3055;yes;no;cellular;20;jul;173;1;62;2;unknown;0;no
53;admin.;single;unknown;no;-2625;yes;no;cellular;6;nov;46;9;80;3;unknown;0;yes
25;management;divorced;primary;no;5247;no;yes;cellular;13;sep;334;11;60;0;failure;1;yes
64;management;married;secondary;no;-350;yes;no;cellular;17;jun;531;11;187;5;unknown;0;no
72;unemployed;single;tertiary;no;1981;no;no;cellular;17;aug;604;8;81;0;unknown;1;yes
86;technician;married;primary;no;202;no;no;cellular;2;jul;299;11;147;0;unknown;0;yes
41;services;married;secondary;no;-2128;yes;no;cellular;3;feb;275;9;69;2;unknown;0;no
38;entrepreneur;married;secondary;no;2720;yes;yes;cellular;15;apr;43;1;398;2;unknown;0;no
57;management;married;secondary;no;-394;yes;no;unknown;11;mar;482;5;252;2;unknown;0;no
67;self-employed;married;tertiary;no;-1099;yes;no;telephone;5;jul;244;1;286;1;failure;0;no
89;self-employed;married;primary;no;-5728;no;no;cellular;23;dec;458;3;17;1;unknown;1;no
19;management;married;tertiary;no;5308;yes;no;cellular;12;sep;225;11;257;1;success;0;yes
35;unemployed;single;secondary;no;1418;yes;yes;cellular;17;aug;266;10;305;2;unknown;0;no
36;management;married;tertiary;no;4719;yes;yes;cellular;20;jul;287;11;53;4;unknown;0;no
36;management;married;secondary;no;3260;no;no;cellular;21;may;188;6;373;0;unknown;0;no
51;entrepreneur;married;primary;no;4719;no;no;unknown;10;mar;130;3;71;3;unknown;0;no
80;management;married;unknown;no;-292;no;no;cellular;1;nov;166;5;368;2;unknown;0;no
20;technician;single;tertiary;no;-2717;yes;yes;cellular;16;jan;216;3;372;0;unknown;0;no
76;services;divorced;secondary;no;3688;yes;yes;cellular;7;nov;215;11;100;2;unknown;0;yes
62;student;single;secondary;no;1790;no;no;cellular;28;mar;75;7;176;5;unknown;0;yes
62;services;single;secondary;no;0;yes;yes;unknown;26;oct;300;1;53;0;unknown;0;yes
66;retired;married;unknown;no;3628;yes;no;cellular;25;nov;144;4;-1;0;unknown;0;yes
26;unemployed;divorced;secondary;no;2324;no;no;cellular;22;dec;537;6;181;5;other;0;no
71;technician;married;tertiary;no;3316;no;no;cellular;28;dec;392;8;195;4;unknown;0;yes
35;services;married;secondary;no;-1667;yes;no;cellular;27;jul;414;10;62;2;unknown;0;yes
55;technician;married;tertiary;no;4332;no;yes;cellular;5;jul;592;3;244;4;unknown;0;yes
66;student;married;secondary;no;1386;yes;no;cellular;18;jan;367;8;364;3;unknown;0;no
61;student;single;primary;no;4654;yes;no;telephone;14;oct;190;9;112;4;unknown;0;no
41;housemaid;married;tertiary;no;4304;yes;no;cellular;1;jul;291;9;303;2;unknown;0;yes
46;services;married;primary;no;3458;yes;no;cellular;22;jan;268;4;166;3;unknown;0;yes
52;unemployed;married;tertiary;no;1066;yes;yes;cellular;4;may;566;4;174;1;failure;0;no
20;entrepreneur;divorced;primary;no;3528;no;no;cellular;27;nov;398;2;106;2;unknown;0;no
70;self-employed;single;secondary;no;4732;no;no;cellular;20;may;118;7;395;0;success;0;yes
25;technician;divorced;tertiary;no;3220;no;no;cellular;7;apr;231;4;173;1;unknown;0;no
51;housemaid;divorced;secondary;no;2007;no;yes;telephone;2;apr;108;5;368;4;failure;0;yes
65;services;divorced;secondary;no;3535;yes;no;cellular;28;mar;281;1;393;3;success;0;yes
23;unemployed;married;secondary;no;-177;yes;no;cellular;23;jul;117;11;70;0;unknown;0;no
89;self-employed;married;secondary;no;5941;yes;no;cellular;13;apr;507;8;180;0;unknown;0;yes
45;admin.;married;tertiary;no;-3645;yes;yes;telephone;23;aug;244;3;24;5;unknown;0;no
19;technician;married;primary;no;1503;yes;no;cellular;22;jun;271;1;321;3;failure;0;no
65;housemaid;single;secondary;no;182;yes;no;telephone;18;aug;54;5;139;2;unknown;0;no
58;admin.;married;primary;no;-522;no;no;cellular;15;aug;136;2;46;1;unknown;0;yes
64;entrepreneur;married;tertiary;no;2315;yes;no;unknown;2;jan;11;3;83;1;unknown;0;yes
72;blue-collar;single;tertiary;no;-1976;no;no;cellular;9;jan;503;9;314;3;failure;0;yes
52;management;married;tertiary;no;7855;yes;no;unknown;9;apr;117;1;32;0;unknown;1;no
77;self-employed;married;secondary;no;-2656;yes;no;cellular;4;may;251;6;199;2;unknown;0;yes
44;self-employed;married;secondary;no;-1453;no;yes;unknown;20;jun;89;9;381;4;unknown;0;no
57;management;single;primary;no;-1737;yes;yes;unknown;5;sep;26;7;142;4;unknown;0;no
29;admin.;married;tertiary;no;1995;yes;no;cellular;8;dec;169;2;71;2;unknown;0;yes
62;technician;married;primary;no;4443;no;no;telephone;19;oct;157;4;228;3;unknown;1;yes
36;technician;married;secondary;no;2978;no;no;cellular;15;may;268;2;250;4;unknown;0;yes
68;student;single;secondary;no;5817;yes;no;unknown;16;mar;622;11;136;2;unknown;0;yes
75;unemployed;married;unknown;no;-1081;yes;no;cellular;24;may;183;8;287;4;unknown;0;yes
79;entrepreneur;married;secondary;no;3376;yes;no;cellular;13;mar;415;11;322;3;success;0;yes
84;services;divorced;secondary;yes;489;yes;yes;cellular;18;jul;319;2;255;1;other;0;yes
26;self-employed;divorced;tertiary;no;2084;no;no;unknown;18;sep;96;5;314;1;unknown;0;yes
27;entrepreneur;married;unknown;no;4726;yes;no;unknown;4;apr;133;4;135;1;unknown;0;no
84;housemaid;married;secondary;no;-3676;yes;yes;cellular;15;aug;444;9;87;5;unknown;0;no
45;blue-collar;married;tertiary;no;7373;no;no;cellular;16;may;207;1;355;0;unknown;0;no
19;entrepreneur;single;secondary;no;964;no;no;telephone;4;jun;155;9;169;0;success;0;yes
38;blue-collar;married;secondary;no;-3419;yes;no;cellular;4;mar;10;6;37;4;failure;1;yes
78;retired;divorced;primary;no;-678;no;no;unknown;8;jul;52;11;50;2;unknown;1;no
43;unemployed;single;tertiary;no;1706;no;no;cellular;12;feb;23;4;391;4;unknown;0;yes
23;management;single;tertiary;no;-679;yes;no;cellular;13;jun;396;10;-1;0;unknown;0;no
69;student;married;primary;no;-4743;yes;no;cellular;7;jun;63;10;343;4;unknown;0;no
32;entrepreneur;divorced;secondary;no;1690;no;no;unknown;12;may;18;5;114;3;unknown;1;yes
43;housemaid;single;tertiary;yes;-765;yes;yes;cellular;9;nov;254;10;398;0;failure;0;no
18;entrepreneur;single;primary;no;3353;yes;no;unknown;26;oct;56;4;221;2;other;0;no
61;retired;married;tertiary;no;-1805;no;no;cellular;19;jul;529;8;298;0;failure;0;no
50;student;single;tertiary;no;8184;yes;no;cellular;27;nov;228;11;302;0;unknown;0;no
80;services;single;secondary;no;2940;yes;no;cellular;19;aug;261;2;175;0;unknown;0;no
42;unemployed;divorced;secondary;no;1990;yes;no;unknown;15;aug;261;5;379;4;unknown;0;no
32;admin.;single;secondary;no;3269;yes;no;cellular;14;jun;334;1;286;2;success;0;no
29;management;married;secondary;no;-4064;no;yes;cellular;8;apr;362;6;165;5;unknown;0;yes
32;unemployed;married;secondary;no;-90;yes;no;telephone;5;apr;225;4;138;4;unknown;0;yes
50;blue-collar;single;tertiary;no;6749;yes;no;cellular;23;dec;16;2;-1;0;failure;0;yes
24;student;divorced;tertiary;no;439;no;no;unknown;11;sep;189;10;87;5;success;0;yes
46;unemployed;single;primary;no;1211;no;no;unknown;6;feb;231;4;257;1;unknown;1;yes
79;retired;married;tertiary;no;0;yes;no;cellular;12;mar;106;9;273;1;unknown;0;yes
73;retired;married;secondary;no;5793;yes;yes;cellular;14;dec;200;2;77;1;unknown;0;no
63;unemployed;single;tertiary;no;666;yes;no;cellular;19;mar;22;3;180;2;unknown;0;yes
82;housemaid;divorced;primary;no;-2355;no;no;cellular;28;jul;170;1;227;4;unknown;0;yes
74;management;married;secondary;no;9136;yes;no;unknown;28;may;122;8;73;1;failure;0;yes
64;unemployed;married;secondary;no;-2725;yes;yes;cellular;25;sep;65;5;177;2;unknown;0;no
80;unemployed;divorced;secondary;no;1107;no;no;unknown;24;nov;237;10;320;5;unknown;0;no
26;admin.;married;unknown;no;-1125;no;no;cellular;27;jun;361;6;106;4;other;0;yes
76;student;married;primary;no;-704;no;yes;cellular;21;jan;277;3;305;1;unknown;0;no
39;unemployed;married;primary;no;-1779;yes;no;cellular;3;may;306;9;115;2;unknown;0;yes
70;services;married;secondary;no;-219;no;yes;cellular;7;jan;409;10;33;4;unknown;1;no
83;unemployed;married;secondary;no;4352;yes;yes;unknown;13;mar;154;7;132;0;unknown;1;yes
53;entrepreneur;single;secondary;no;-4305;no;no;telephone;22;may;301;8;164;4;unknown;0;yes
24;student;single;secondary;no;5182;yes;no;cellular;22;feb;128;10;64;1;unknown;0;no
44;admin.;single;primary;no;4665;no;no;unknown;25;jan;319;2;289;2;unknown;0;no
47;retired;single;tertiary;no;2927;no;no;cellular;5;apr;259;3;280;1;unknown;0;yes
85;technician;married;secondary;no;1778;no;yes;cellular;17;jan;359;9;218;0;unknown;0;yes
85;unemployed;married;secondary;no;2229;no;no;unknown;22;apr;788;9;154;3;failure;0;no
58;blue-collar;married;secondary;no;5670;yes;no;cellular;12;feb;263;3;17;1;success;0;yes
86;blue-collar;married;tertiary;no;-3837;yes;no;cellular;10;jul;200;1;285;4;unknown;0;yes
49;student;single;tertiary;no;3581;yes;no;unknown;19;oct;289;6;130;1;unknown;0;yes
47;blue-collar;married;primary;no;-838;no;no;cellular;25;nov;18;4;230;3;unknown;0;no
78;retired;single;secondary;no;3877;yes;no;cellular;13;aug;370;2;123;5;unknown;0;no
66;admin.;married;primary;no;-440;yes;yes;unknown;12;feb;185;5;86;0;unknown;0;no
55;management;married;secondary;no;3520;yes;no;cellular;3;jan;556;3;233;0;unknown;0;no
50;self-employed;married;tertiary;no;-3245;no;no;unknown;8;sep;100;11;124;2;unknown;1;no
68;retired;married;tertiary;no;-3677;yes;no;unknown;3;sep;220;9;166;4;unknown;0;yes
72;student;single;primary;no;1060;yes;no;cellular;26;apr;94;1;369;3;unknown;0;yes
53;blue-collar;single;tertiary;no;5706;yes;no;cellular;24;dec;6;11;97;5;success;0;yes
20;unemployed;married;tertiary;no;3008;yes;no;unknown;20;aug;344;3;165;3;other;0;no
25;retired;single;tertiary;no;2987;yes;no;cellular;7;jun;156;2;129;5;unknown;0;no
28;unemployed;single;tertiary;no;3980;yes;no;cellular;13;aug;486;2;39;3;unknown;0;yes
51;admin.;married;secondary;no;209;no;no;cellular;1;jan;113;5;165;1;unknown;0;no
62;admin.;married;tertiary;no;3232;yes;no;cellular;27;sep;141;5;255;2;unknown;0;yes
75;blue-collar;married;secondary;no;-339;no;no;cellular;2;mar;622;10;126;3;unknown;0;yes
34;unemployed;married;secondary;no;457;yes;yes;unknown;17;jan;50;4;132;0;unknown;0;no
74;unemployed;divorced;secondary;no;830;yes;no;cellular;14;aug;63;8;267;2;unknown;0;no
65;retired;married;tertiary;no;-236;no;no;cellular;17;jan;397;2;183;3;unknown;0;no
21;management;married;primary;no;1201;no;no;unknown;3;jan;130;10;230;2;failure;0;yes
43;entrepreneur;single;secondary;no;636;yes;no;cellular;11;mar;358;6;77;1;unknown;0;no
39;unemployed;married;tertiary;no;-722;yes;no;cellular;24;dec;301;7;180;2;unknown;0;no
81;admin.;single;secondary;no;978;yes;no;unknown;24;dec;248;6;-1;2;unknown;0;no
84;retired;married;secondary;no;1865;no;no;cellular;12;jun;44;9;225;4;unknown;0;no
76;entrepreneur;married;secondary;no;-1899;yes;no;cellular;17;may;181;7;231;3;unknown;0;no
56;housemaid;married;tertiary;no;2652;yes;no;unknown;23;jun;140;5;63;5;other;0;no
53;management;married;secondary;no;-81;yes;yes;cellular;18;aug;218;10;170;2;failure;1;no
40;student;married;secondary;no;1994;yes;no;cellular;12;jul;254;2;272;3;unknown;0;no
73;entrepreneur;single;secondary;no;-595;no;yes;unknown;27;apr;149;11;158;2;unknown;0;no
24;retired;single;tertiary;no;4551;yes;no;cellular;28;apr;224;7;385;4;unknown;0;yes
37;unemployed;single;tertiary;no;4268;no;no;unknown;8;jun;200;2;368;2;success;0;yes
27;self-employed;married;secondary;no;-1748;yes;no;cellular;2;apr;85;6;54;4;unknown;0;no
53;services;divorced;tertiary;no;2974;no;no;unknown;23;jun;235;4;100;4;unknown;0;yes
39;technician;married;tertiary;no;5738;no;no;cellular;4;jan;35;1;122;1;unknown;0;yes
32;retired;single;tertiary;no;-1444;yes;no;cellular;23;mar;256;11;232;2;other;0;no
45;admin.;single;secondary;no;-1206;yes;no;cellular;22;dec;2;10;237;4;unknown;1;no
79;self-employed;single;primary;no;3605;yes;no;cellular;2;may;214;7;329;3;unknown;1;no
58;student;married;tertiary;no;-2521;no;yes;cellular;16;jun;313;2;139;3;other;0;no
77;unemployed;single;secondary;no;-932;yes;no;telephone;21;mar;34;5;178;0;unknown;0;no
83;student;single;secondary;no;-1643;no;no;unknown;3;nov;426;8;192;5;success;0;yes
82;admin.;married;primary;no;3642;no;no;cellular;24;apr;577;5;299;3;unknown;0;yes
43;unemployed;single;secondary;no;-677;yes;yes;unknown;4;apr;89;6;178;0;unknown;0;no
81;retired;married;secondary;no;546;no;yes;cellular;16;jun;191;10;221;0;unknown;0;no
83;management;married;primary;no;-844;no;no;cellular;1;oct;462;3;32;1;unknown;0;yes
87;management;single;secondary;no;4845;no;no;cellular;4;oct;139;10;136;4;unknown;0;no
43;blue-collar;single;tertiary;no;-1178;yes;yes;telephone;21;mar;226;11;178;4;unknown;0;yes
34;entrepreneur;married;secondary;no;-2822;yes;no;cellular;3;mar;159;4;362;0;unknown;0;no
60;technician;married;primary;no;-2940;yes;no;cellular;26;apr;400;11;40;1;unknown;0;yes
85;unemployed;married;primary;no;3480;yes;no;cellular;1;mar;170;4;146;4;success;0;yes
82;student;married;secondary;no;3697;yes;no;cellular;18;jul;310;8;253;1;unknown;0;yes
59;admin.;married;tertiary;no;5145;no;no;cellular;11;mar;55;8;180;3;unknown;0;no
28;self-employed;married;secondary;no;-2382;yes;no;cellular;17;jan;410;11;117;4;unknown;0;no
48;unemployed;single;tertiary;no;706;yes;no;cellular;18;oct;4;1;256;4;unknown;0;no
69;management;married;unknown;no;8681;yes;no;cellular;19;may;394;7;6;5;unknown;0;no
58;housemaid;married;secondary;no;493;no;no;cellular;16;mar;235;10;235;1;unknown;0;yes
42;unemployed;married;tertiary;no;-290;yes;no;cellular;27;feb;250;2;349;3;unknown;0;no
42;housemaid;married;secondary;no;1336;yes;no;unknown;15;oct;232;1;202;3;unknown;0;yes
22;admin.;married;secondary;no;2989;no;no;cellular;24;aug;341;1;315;2;unknown;0;yes
38;admin.;married;secondary;no;2939;yes;no;cellular;12;apr;25;6;274;5;unknown;0;yes
66;entrepreneur;married;secondary;no;-443;yes;no;cellular;18;oct;50;7;246;2;unknown;0;no
35;management;married;secondary;no;-355;no;no;cellular;20;apr;237;9;275;1;unknown;0;no
89;services;single;secondary;no;510;no;no;cellular;11;mar;117;5;391;0;unknown;1;no
23;retired;divorced;secondary;no;-790;yes;no;cellular;25;may;285;11;208;0;unknown;0;no
60;entrepreneur;married;primary;no;-2304;yes;no;cellular;8;jan;178;2;107;0;other;0;no
53;technician;married;secondary;no;6823;no;no;unknown;24;jun;43;7;199;4;unknown;0;yes
77;student;married;tertiary;no;179;yes;no;cellular;6;oct;685;6;188;3;failure;1;no
81;retired;married;secondary;no;349;no;no;unknown;21;jun;152;6;60;4;failure;0;yes
57;technician;single;primary;no;442;yes;no;cellular;24;jul;244;6;381;1;failure;0;no
63;admin.;single;secondary;no;1158;yes;no;unknown;9;may;574;8;282;0;unknown;0;no
68;self-employed;married;tertiary;no;2704;no;no;unknown;8;oct;392;8;140;4;failure;0;yes
55;technician;married;tertiary;no;4;yes;no;cellular;27;dec;329;10;396;2;unknown;0;no
31;retired;married;primary;yes;4818;yes;no;cellular;18;jul;431;5;122;4;unknown;0;no
48;entrepreneur;married;secondary;no;3193;yes;yes;cellular;25;sep;330;1;112;2;unknown;0;no
35;blue-collar;divorced;secondary;no;827;no;yes;unknown;27;aug;330;2;76;0;unknown;0;no
51;services;married;secondary;no;-598;yes;yes;cellular;27;nov;333;7;75;0;unknown;0;no
62;technician;married;primary;no;4654;yes;no;cellular;23;nov;186;2;237;0;unknown;0;no
33;entrepreneur;married;secondary;no;913;yes;no;cellular;18;nov;434;9;375;2;unknown;0;no
35;blue-collar;married;tertiary;no;-2328;yes;no;telephone;27;jan;354;1;217;1;unknown;0;yes
77;admin.;married;secondary;no;4463;yes;no;cellular;10;jun;239;11;160;0;unknown;1;yes
45;technician;married;secondary;no;-778;no;no;cellular;16;jul;390;11;327;1;unknown;0;no
32;unemployed;married;primary;no;4005;no;no;cellular;13;oct;61;5;275;5;unknown;0;no
69;technician;married;primary;no;-6142;no;no;cellular;10;jul;268;10;54;3;unknown;0;yes
69;retired;single;tertiary;no;294;yes;no;cellular;10;jun;114;10;185;5;success;0;yes
77;technician;married;unknown;no;4879;yes;no;unknown;28;jul;103;9;250;3;unknown;0;no
72;housemaid;married;primary;no;1415;yes;yes;unknown;10;aug;147;7;222;3;success;0;yes
89;unemployed;divorced;tertiary;no;3194;yes;no;unknown;3;aug;327;3;-1;2;unknown;0;no
59;housemaid;married;primary;no;-1305;no;no;cellular;12;sep;102;4;129;2;unknown;0;no
38;admin.;divorced;secondary;no;2443;yes;no;cellular;11;may;213;4;395;1;unknown;0;no
80;retired;divorced;secondary;no;1411;yes;no;cellular;27;jul;121;11;306;5;unknown;0;yes
37;services;married;secondary;no;2130;no;no;cellular;22;feb;143;8;294;0;unknown;0;no
38;unemployed;married;secondary;no;7517;no;no;unknown;14;jul;346;1;198;4;unknown;0;yes
77;self-employed;single;secondary;no;5313;no;no;unknown;24;may;249;2;220;5;failure;0;no
81;services;married;secondary;no;3775;yes;no;unknown;12;jan;66;10;189;0;other;0;yes
42;housemaid;married;unknown;no;3813;no;no;unknown;7;mar;275;6;91;5;unknown;0;yes
70;unemployed;single;secondary;no;-1327;yes;no;cellular;18;dec;586;6;221;1;unknown;0;yes
84;self-employed;married;primary;no;-13;yes;no;cellular;18;jul;454;11;336;5;unknown;0;no
75;admin.;divorced;tertiary;no;-3197;yes;no;unknown;9;jan;161;7;374;3;unknown;0;no
18;student;single;secondary;no;-2408;no;no;cellular;5;nov;715;5;136;2;unknown;0;no
65;retired;divorced;secondary;no;-1259;yes;yes;unknown;1;feb;456;10;326;5;unknown;0;yes
30;management;single;secondary;no;1312;no;no;cellular;11;aug;537;4;123;1;unknown;0;no
78;services;single;primary;no;-2275;yes;no;cellular;21;jan;83;11;18;1;unknown;0;yes
22;student;married;secondary;no;1282;no;no;cellular;23;nov;137;1;115;3;unknown;0;yes
89;self-employed;divorced;secondary;no;937;yes;yes;cellular;10;aug;337;10;139;0;unknown;1;yes
30;technician;divorced;secondary;no;-2002;no;no;cellular;19;nov;4;2;398;0;unknown;0;yes
48;retired;single;secondary;no;5976;no;no;cellular;7;apr;325;6;56;4;unknown;0;no
34;housemaid;single;tertiary;no;-2573;no;no;cellular;6;nov;546;3;172;0;unknown;0;yes
76;unemployed;single;tertiary;no;4751;no;no;cellular;15;nov;153;8;364;1;unknown;0;no
46;services;married;secondary;no;-5362;no;no;cellular;9;jun;560;6;85;5;failure;0;yes
71;management;divorced;unknown;no;973;yes;yes;unknown;5;aug;360;9;93;0;unknown;0;no
22;retired;married;tertiary;no;-2192;no;no;cellular;7;may;151;7;242;3;unknown;0;no
50;management;married;tertiary;no;-563;no;no;telephone;8;oct;46;4;305;4;unknown;0;yes
83;student;married;tertiary;no;6830;yes;no;cellular;9;aug;441;9;101;0;unknown;0;yes
84;services;single;secondary;no;359;yes;no;telephone;15;feb;13;4;243;3;unknown;0;no
33;entrepreneur;single;secondary;no;-1913;yes;no;cellular;25;may;435;3;251;2;unknown;0;no
46;student;married;tertiary;no;2862;yes;no;unknown;28;may;342;10;305;2;unknown;0;no
47;housemaid;married;secondary;no;332;no;no;cellular;17;jun;282;11;229;1;unknown;0;yes
58;housemaid;married;tertiary;no;1852;no;no;cellular;7;aug;104;6;265;0;success;0;yes
56;technician;married;tertiary;no;-1343;no;no;telephone;6;apr;280;11;140;3;unknown;0;yes
25;technician;married;secondary;no;-1195;yes;no;cellular;14;mar;556;3;110;0;unknown;0;no
72;housemaid;single;secondary;no;-963;yes;no;cellular;19;jun;141;1;162;2;unknown;1;yes
34;housemaid;married;unknown;no;3795;yes;no;cellular;15;may;342;10;196;2;unknown;0;no
40;housemaid;married;primary;no;719;yes;no;telephone;4;nov;621;10;217;3;unknown;0;yes
78;retired;married;tertiary;no;-1744;no;no;cellular;20;oct;272;6;63;3;unknown;0;yes
67;blue-collar;married;unknown;no;1885;yes;no;unknown;9;mar;121;10;326;4;failure;0;yes
46;admin.;divorced;primary;no;1638;yes;no;cellular;15;sep;119;10;87;5;unknown;0;no
83;management;married;secondary;no;3120;yes;no;cellular;25;aug;196;4;97;3;unknown;0;no
46;blue-collar;married;secondary;no;-45;no;no;cellular;21;nov;22;2;44;3;unknown;0;no
58;technician;single;tertiary;no;1167;yes;no;telephone;15;sep;287;7;101;3;other;0;no
35;technician;married;secondary;no;2665;yes;no;cellular;25;jul;413;10;349;2;unknown;0;yes
31;admin.;single;primary;no;-1628;yes;no;cellular;6;apr;134;7;348;3;unknown;0;yes
53;services;divorced;primary;no;4058;yes;no;unknown;8;mar;411;5;109;1;other;0;yes
58;student;single;secondary;no;1449;no;no;cellular;8;may;398;3;93;0;unknown;0;yes
76;entrepreneur;divorced;secondary;no;-1903;no;no;cellular;24;nov;65;4;47;0;other;0;yes
46;student;married;secondary;no;-1925;no;no;cellular;24;nov;100;9;129;1;unknown;0;no
82;services;married;tertiary;no;1101;yes;no;cellular;8;dec;49;5;91;3;unknown;0;no
61;unemployed;married;primary;no;-250;no;yes;cellular;6;dec;368;6;25;0;unknown;0;no
23;self-employed;married;tertiary;no;3663;no;no;cellular;23;jun;220;7;100;2;unknown;0;no
71;management;married;tertiary;no;539;no;no;cellular;13;aug;397;4;88;0;unknown;0;no
59;entrepreneur;married;secondary;no;2309;yes;no;cellular;18;feb;208;4;44;0;unknown;0;yes
46;entrepreneur;married;secondary;no;-1145;no;no;cellular;6;feb;31;8;129;3;unknown;0;no
51;self-employed;married;primary;no;1331;no;no;cellular;16;apr;375;8;277;2;unknown;0;no
39;student;single;secondary;no;5346;yes;no;unknown;20;mar;176;9;399;4;unknown;0;no
62;unemployed;married;secondary;no;955;yes;no;cellular;13;oct;152;6;264;4;unknown;0;yes
58;unemployed;married;secondary;no;-258;yes;no;cellular;23;nov;65;1;296;1;unknown;0;yes
50;self-employed;married;secondary;no;-1191;no;no;unknown;16;jan;525;8;233;0;unknown;0;yes
38;entrepreneur;single;primary;yes;1343;yes;no;unknown;16;sep;569;1;245;5;success;0;no
46;management;married;secondary;no;5627;no;no;cellular;7;apr;304;4;346;0;unknown;1;yes
53;unemployed;single;secondary;no;-2690;no;no;cellular;19;jun;104;9;356;4;unknown;0;no
51;unemployed;married;secondary;no;1250;no;no;unknown;14;may;564;3;15;3;unknown;0;no
40;services;married;primary;no;-3741;yes;no;telephone;19;feb;80;10;198;4;unknown;0;no
59;blue-collar;divorced;primary;no;168;no;no;cellular;18;oct;56;8;240;3;unknown;0;no
34;unemployed;married;secondary;no;2188;yes;no;cellular;11;apr;177;10;393;0;failure;0;no
54;self-employed;married;secondary;no;-3341;no;no;cellular;11;jun;240;6;232;0;success;0;yes
26;unemployed;married;secondary;no;65;yes;no;cellular;9;aug;122;6;99;4;other;0;no
51;technician;married;primary;yes;2271;yes;no;cellular;11;jul;503;2;285;3;unknown;0;yes
74;student;married;secondary;no;1793;yes;no;cellular;24;mar;103;10;389;4;unknown;0;yes
76;unemployed;married;unknown;no;2416;no;no;unknown;10;sep;37;8;126;3;unknown;0;yes
68;management;married;secondary;no;-1523;no;no;unknown;4;feb;443;9;118;5;unknown;0;yes
71;housemaid;divorced;secondary;no;2270;yes;no;cellular;23;oct;395;4;166;0;unknown;0;no
22;retired;married;secondary;no;-400;yes;no;cellular;7;aug;552;3;243;0;unknown;0;no
42;retired;married;tertiary;no;3542;no;no;cellular;11;may;119;5;131;4;unknown;0;yes
65;self-employed;single;tertiary;no;-5531;yes;no;cellular;6;may;162;6;274;0;unknown;0;no
75;self-employed;married;primary;no;531;yes;no;unknown;17;mar;532;10;152;0;unknown;0;no
59;blue-collar;divorced;secondary;no;1696;no;no;unknown;8;jun;341;3;195;4;unknown;0;no
79;retired;married;primary;no;5448;yes;no;cellular;28;mar;23;3;253;4;unknown;0;yes
37;self-employed;single;tertiary;no;1660;yes;yes;cellular;12;jul;231;2;88;5;unknown;0;no
29;technician;divorced;primary;no;1964;yes;no;unknown;1;feb;45;5;98;1;unknown;0;yes
24;housemaid;married;tertiary;no;2526;no;no;cellular;16;nov;262;2;106;4;unknown;1;yes
59;unemployed;single;primary;no;5159;no;no;cellular;7;feb;9;1;346;1;unknown;0;no
65;self-employed;single;secondary;no;254;yes;no;telephone;10;sep;478;4;238;5;unknown;0;no
38;retired;single;secondary;no;-2809;yes;no;cellular;26;jun;363;5;397;4;unknown;1;yes
74;self-employed;married;secondary;no;-3383;yes;no;cellular;6;may;275;5;108;4;other;1;no
71;admin.;married;secondary;no;3392;yes;no;telephone;21;mar;149;11;166;3;unknown;0;yes
43;housemaid;married;tertiary;no;2069;yes;no;cellular;20;aug;13;11;165;5;unknown;0;no
35;admin.;divorced;secondary;no;630;yes;yes;cellular;11;oct;193;7;396;1;unknown;0;yes
71;entrepreneur;married;secondary;no;-358;no;no;cellular;13;aug;26;11;260;4;unknown;0;yes
66;services;married;tertiary;no;1942;yes;no;cellular;3;jan;603;10;189;5;unknown;0;no
30;student;divorced;tertiary;no;2029;no;no;unknown;14;oct;283;1;221;1;unknown;0;yes
36;housemaid;married;tertiary;no;2839;no;yes;unknown;15;dec;45;6;2;2;unknown;0;no
52;technician;single;tertiary;no;-1926;yes;no;unknown;17;sep;533;4;136;4;unknown;0;no
54;self-employed;married;secondary;no;-3892;no;no;cellular;22;jan;210;1;360;2;unknown;0;yes
29;services;single;tertiary;no;-1340;no;no;unknown;27;jul;499;8;105;4;unknown;0;no
86;unemployed;married;secondary;no;-2653;yes;no;cellular;12;apr;493;6;130;1;unknown;0;no
45;admin.;married;tertiary;no;-2808;yes;yes;cellular;25;aug;307;7;157;0;unknown;0;no
45;technician;married;tertiary;yes;6109;no;no;cellular;24;oct;33;3;18;0;unknown;0;yes
22;services;married;primary;no;-5401;yes;no;unknown;9;nov;103;10;196;1;unknown;0;yes
81;blue-collar;married;primary;no;2809;no;no;cellular;9;nov;937;5;68;4;unknown;0;yes
34;blue-collar;married;tertiary;no;4120;no;yes;telephone;16;dec;109;3;278;4;unknown;0;no
89;self-employed;single;tertiary;no;4362;yes;no;unknown;14;feb;168;3;287;2;unknown;0;no
53;technician;married;secondary;no;2231;yes;no;cellular;11;feb;125;4;168;4;unknown;0;yes
80;housemaid;married;unknown;no;5359;no;yes;unknown;3;oct;32;2;88;2;unknown;0;no
30;admin.;married;secondary;no;6750;yes;no;cellular;23;sep;360;10;301;1;unknown;0;yes
29;management;married;secondary;no;493;yes;no;cellular;15;oct;47;3;291;4;other;1;no
75;technician;single;secondary;no;2742;yes;no;cellular;5;mar;53;9;123;0;success;0;no
77;technician;married;primary;no;5227;no;no;telephone;25;jun;281;5;331;0;unknown;0;no
57;unemployed;divorced;secondary;no;-1185;no;no;cellular;26;aug;169;2;212;1;unknown;0;no
20;self-employed;single;tertiary;no;665;yes;no;unknown;5;aug;252;10;363;3;unknown;0;yes
85;entrepreneur;single;primary;no;-477;no;no;cellular;15;nov;213;9;270;2;unknown;0;yes
46;self-employed;single;tertiary;no;2782;no;no;telephone;18;may;14;9;361;2;unknown;0;no
85;unemployed;married;tertiary;no;-4294;yes;no;cellular;7;nov;512;5;109;3;unknown;0;no
80;admin.;divorced;primary;no;5709;no;no;cellular;9;apr;448;1;67;5;unknown;0;yes
79;management;single;tertiary;no;3001;yes;no;cellular;11;oct;28;9;308;1;failure;0;no
67;self-employed;single;tertiary;no;3169;yes;no;cellular;10;jan;315;9;220;2;unknown;0;yes
66;admin.;married;secondary;yes;-5689;yes;no;cellular;19;mar;121;10;307;0;unknown;0;no
56;technician;married;secondary;no;-1720;yes;yes;cellular;1;jan;436;1;352;5;success;0;no
19;self-employed;single;secondary;no;5871;no;no;cellular;19;mar;391;10;140;5;unknown;0;no
45;admin.;married;secondary;no;867;yes;yes;cellular;15;jul;471;1;92;2;unknown;0;no
70;student;single;secondary;no;-3772;no;no;cellular;22;nov;30;1;68;5;unknown;0;yes
76;housemaid;married;secondary;no;2064;yes;no;unknown;28;jan;50;9;399;0;unknown;0;no
58;entrepreneur;married;tertiary;no;3437;yes;no;cellular;13;aug;151;9;220;0;success;0;yes
69;blue-collar;married;tertiary;no;2994;no;no;cellular;5;feb;755;5;292;3;unknown;0;yes
19;admin.;married;tertiary;no;948;no;no;cellular;13;mar;401;9;381;3;failure;0;no
51;retired;married;unknown;no;4806;yes;no;cellular;7;feb;468;4;373;0;unknown;0;yes
54;housemaid;single;primary;no;-706;yes;no;cellular;15;aug;66;2;397;3;unknown;0;yes
82;self-employed;single;secondary;no;3020;yes;no;cellular;7;aug;347;5;120;0;failure;1;yes
40;retired;divorced;secondary;no;1805;no;yes;unknown;1;apr;124;10;268;2;unknown;0;no
34;self-employed;single;secondary;no;1000;yes;yes;unknown;16;sep;311;6;76;2;failure;0;no
43;housemaid;single;primary;no;263;yes;no;cellular;10;may;224;9;182;1;other;0;yes
30;admin.;married;tertiary;no;369;no;no;telephone;6;oct;160;7;379;1;failure;0;no
58;unemployed;single;primary;no;1496;no;no;unknown;1;jul;111;8;107;3;unknown;0;no
64;unemployed;divorced;secondary;no;521;yes;yes;unknown;27;dec;455;8;108;3;failure;0;no
75;blue-collar;single;secondary;no;3599;no;yes;cellular;24;sep;115;2;224;5;unknown;0;yes
87;housemaid;married;secondary;yes;-207;yes;yes;unknown;20;dec;490;2;361;3;unknown;0;no
23;self-employed;single;secondary;no;6104;no;no;cellular;11;nov;210;2;252;4;unknown;0;no
35;unemployed;married;primary;no;-342;yes;no;cellular;18;mar;294;2;63;5;unknown;0;no
39;management;married;tertiary;no;4160;no;no;cellular;16;may;330;8;385;2;unknown;0;yes
35;student;single;tertiary;no;4289;no;no;telephone;1;may;311;5;139;1;unknown;0;no
77;student;single;secondary;no;1897;no;no;unknown;26;aug;265;5;178;3;unknown;1;no
28;entrepreneur;married;primary;no;1630;yes;no;cellular;14;jul;650;10;249;3;unknown;0;yes
20;entrepreneur;married;secondary;no;-786;no;yes;cellular;14;jun;445;6;273;3;unknown;0;yes
79;technician;divorced;secondary;no;-151;yes;no;cellular;23;jan;291;9;364;4;failure;0;no
87;retired;married;secondary;no;2059;yes;no;cellular;20;jun;178;7;86;3;unknown;1;no
34;services;married;primary;no;1264;yes;yes;cellular;15;mar;517;3;181;3;unknown;1;yes
41;blue-collar;single;primary;no;4949;no;yes;unknown;24;dec;57;5;125;4;success;0;no
54;self-employed;single;secondary;no;36;yes;no;telephone;21;nov;220;4;237;2;unknown;0;yes
55;services;married;secondary;no;217;no;no;unknown;17;mar;235;8;107;1;unknown;0;no
89;student;married;tertiary;no;-3594;no;no;cellular;20;may;538;5;126;0;other;0;yes
47;technician;married;secondary;no;3330;no;yes;cellular;5;aug;10;7;265;1;unknown;0;no
18;technician;married;secondary;no;3059;no;no;unknown;27;jun;39;10;73;1;unknown;0;yes
48;student;single;primary;no;4331;no;no;cellular;25;mar;321;5;172;2;unknown;0;no
58;technician;single;tertiary;no;4500;yes;no;cellular;11;sep;288;11;294;0;unknown;0;no
55;housemaid;married;primary;no;3766;no;yes;cellular;2;nov;324;3;184;4;failure;0;yes
54;housemaid;married;secondary;no;3893;yes;no;telephone;24;oct;284;1;292;3;unknown;0;yes
84;management;married;secondary;no;3230;no;no;cellular;15;may;196;3;177;1;unknown;0;no
76;admin.;married;tertiary;no;3692;no;no;unknown;8;nov;332;6;344;3;unknown;0;yes
36;management;married;tertiary;no;-4125;yes;yes;cellular;28;nov;261;1;338;0;unknown;0;no
43;admin.;married;secondary;no;-1899;yes;no;cellular;16;nov;170;4;55;1;unknown;0;no
66;entrepreneur;single;secondary;no;-2389;yes;no;cellular;6;oct;207;4;352;2;failure;0;no
47;self-employed;married;secondary;no;5210;no;no;cellular;18;apr;112;4;17;5;unknown;0;yes
48;student;single;secondary;no;-948;no;no;unknown;22;jul;78;3;366;3;failure;0;no
30;housemaid;married;secondary;no;-468;yes;no;cellular;13;aug;331;6;247;3;unknown;0;yes
36;housemaid;single;secondary;no;1419;no;no;cellular;20;oct;41;4;52;5;failure;0;no
71;self-employed;divorced;primary;no;-2331;yes;no;cellular;3;feb;357;8;192;5;unknown;0;no
78;housemaid;married;tertiary;no;2541;no;no;cellular;8;jan;167;7;383;3;unknown;0;no
74;entrepreneur;married;primary;no;-4991;no;yes;cellular;13;dec;199;7;248;2;unknown;0;no
40;student;single;secondary;no;-2132;yes;no;cellular;4;sep;184;9;206;2;unknown;0;no
27;management;married;tertiary;no;1996;no;no;unknown;6;apr;320;5;90;3;failure;0;yes
29;retired;married;tertiary;no;-2324;yes;no;cellular;16;dec;516;2;143;4;unknown;1;yes
46;self-employed;married;secondary;no;5297;yes;no;unknown;14;may;580;8;329;1;success;0;yes
55;management;divorced;secondary;no;1538;no;no;unknown;11;aug;429;11;340;5;unknown;0;yes
82;management;married;primary;no;4796;yes;no;unknown;1;dec;235;5;174;5;success;1;no
82;technician;married;tertiary;no;2473;yes;no;telephone;12;nov;379;8;219;3;other;0;yes
18;management;married;secondary;no;1364;yes;no;unknown;14;aug;184;8;268;1;other;0;yes
68;unemployed;single;unknown;no;-1589;no;no;cellular;28;jul;341;1;389;1;unknown;0;no
39;self-employed;married;secondary;no;4187;no;yes;cellular;11;apr;297;2;73;1;unknown;1;no
32;technician;divorced;secondary;no;2723;no;no;telephone;15;mar;88;8;20;1;failure;1;no
57;entrepreneur;single;secondary;no;7653;no;no;cellular;1;feb;103;4;14;3;unknown;0;no
20;housemaid;married;primary;no;3885;no;no;cellular;6;jan;275;3;214;0;failure;0;no
42;self-employed;married;secondary;no;207;no;no;cellular;18;jun;296;7;139;1;other;0;yes
57;housemaid;single;tertiary;no;2268;no;no;cellular;14;may;411;7;36;5;unknown;0;no
37;technician;single;secondary;no;2666;yes;no;cellular;9;aug;553;11;166;5;unknown;0;no
60;blue-collar;married;unknown;no;4888;no;no;unknown;12;jul;190;11;243;0;unknown;0;yes
51;student;married;secondary;no;5365;yes;no;cellular;17;sep;7;1;168;0;unknown;0;no
75;self-employed;married;secondary;no;914;yes;no;cellular;13;mar;384;6;273;1;unknown;0;no
31;unemployed;married;secondary;no;-2246;yes;no;cellular;25;feb;477;8;91;0;unknown;0;no
22;student;married;secondary;no;-4161;yes;yes;cellular;7;feb;473;4;394;3;unknown;0;no
56;entrepreneur;married;secondary;no;-2018;no;yes;cellular;25;sep;314;6;183;0;unknown;0;no
36;admin.;married;tertiary;no;-375;yes;no;cellular;26;nov;619;8;196;1;failure;0;no
68;student;divorced;secondary;no;5913;no;no;unknown;15;may;165;9;199;1;unknown;0;no
24;technician;single;secondary;no;5958;yes;no;unknown;5;feb;539;11;375;5;unknown;0;no
59;retired;single;secondary;no;4280;no;no;cellular;14;dec;12;2;110;4;unknown;0;yes
89;services;single;secondary;no;5091;yes;no;cellular;26;mar;233;5;196;4;unknown;0;no
24;entrepreneur;single;primary;no;-722;no;no;unknown;15;aug;15;7;128;5;unknown;0;no
39;admin.;married;primary;no;-3145;yes;no;cellular;18;nov;105;10;235;5;unknown;0;no
78;entrepreneur;single;secondary;no;-1619;no;no;cellular;11;dec;220;5;221;5;unknown;0;yes
56;self-employed;married;tertiary;no;-4704;no;no;cellular;17;mar;33;1;370;5;failure;0;yes
30;housemaid;married;primary;no;-1941;no;no;cellular;9;jan;245;4;12;5;unknown;0;no
33;management;divorced;secondary;no;-117;no;no;unknown;8;jun;349;11;296;1;unknown;0;no
73;self-employed;divorced;secondary;no;1900;yes;no;unknown;5;nov;290;1;10;1;unknown;0;yes
79;management;married;secondary;no;1806;yes;no;unknown;20;jun;192;11;224;2;unknown;0;no
43;entrepreneur;single;tertiary;no;-668;yes;no;telephone;26;nov;460;6;169;3;unknown;0;yes
52;blue-collar;married;tertiary;no;3106;yes;no;unknown;11;nov;59;3;30;2;other;0;yes
74;admin.;married;tertiary;no;-611;yes;no;telephone;2;jul;171;4;19;2;unknown;0;no
30;admin.;married;tertiary;no;1430;no;no;cellular;12;nov;110;4;316;2;unknown;0;no
32;services;married;primary;no;-1929;no;no;cellular;10;dec;350;11;297;4;other;0;yes
73;student;single;secondary;no;4666;no;no;unknown;18;sep;134;9;234;4;success;0;yes
31;student;married;secondary;no;1462;no;yes;cellular;5;sep;300;9;232;5;other;0;yes
73;retired;married;tertiary;no;3436;yes;no;cellular;22;jun;383;1;32;4;success;0;yes
53;student;divorced;tertiary;no;-2248;yes;no;cellular;2;dec;118;1;4;0;success;0;yes
89;admin.;married;primary;no;1923;no;no;telephone;11;may;99;10;324;1;unknown;0;no
20;student;married;secondary;no;3117;yes;no;cellular;5;oct;174;4;127;2;unknown;0;yes
86;services;married;secondary;no;-4731;yes;no;cellular;25;dec;60;3;313;5;unknown;0;yes
34;admin.;married;unknown;no;4904;no;no;telephone;13;nov;91;3;29;2;unknown;0;yes
20;housemaid;married;primary;yes;-2348;yes;yes;cellular;26;nov;274;8;264;0;unknown;0;no
70;retired;single;secondary;no;2032;yes;no;cellular;16;mar;104;8;361;5;unknown;0;no
56;management;divorced;secondary;no;6763;yes;yes;cellular;22;dec;379;4;146;3;unknown;0;yes
78;housemaid;married;secondary;no;4264;no;no;cellular;26;mar;32;7;120;5;unknown;0;yes
25;management;married;secondary;no;-3069;yes;no;unknown;24;mar;451;10;298;2;unknown;0;no
23;housemaid;married;secondary;no;865;no;yes;unknown;20;jul;76;4;149;5;unknown;0;yes
58;services;divorced;tertiary;no;5100;yes;no;cellular;23;feb;317;2;127;0;unknown;0;no
81;admin.;married;primary;no;-1050;no;no;cellular;23;sep;169;3;313;4;unknown;0;no
47;management;married;tertiary;no;320;no;no;cellular;19;dec;349;11;270;5;unknown;0;no
75;unemployed;divorced;secondary;no;236;yes;no;unknown;16;apr;169;5;81;5;unknown;0;no
83;services;single;secondary;no;3110;no;no;cellular;15;apr;262;8;176;2;failure;0;no
80;technician;married;secondary;no;-3210;yes;no;cellular;6;jun;466;3;78;5;unknown;0;yes
54;housemaid;married;secondary;no;3278;yes;no;cellular;17;feb;314;10;192;5;unknown;0;yes
68;blue-collar;married;secondary;yes;-468;yes;no;unknown;24;mar;82;3;321;0;success;0;no
55;retired;divorced;secondary;no;1365;yes;yes;cellular;24;dec;154;2;257;2;other;0;yes
66;services;married;primary;no;725;no;no;cellular;14;dec;198;9;210;5;unknown;0;yes
58;admin.;married;secondary;no;3199;no;no;cellular;14;jul;306;7;119;5;unknown;0;no
55;admin.;single;tertiary;no;1336;no;no;unknown;22;sep;250;11;98;3;success;0;no
49;entrepreneur;married;secondary;no;5721;yes;no;cellular;28;jan;44;6;248;1;failure;0;yes
65;admin.;married;secondary;no;4368;no;no;cellular;1;jan;250;9;58;1;failure;0;yes
72;services;divorced;secondary;no;-985;no;no;cellular;20;nov;351;6;354;0;unknown;0;yes
84;student;married;secondary;no;5495;yes;no;cellular;13;jan;498;1;315;3;unknown;0;yes
62;management;divorced;tertiary;no;2358;no;no;cellular;7;sep;174;5;304;0;unknown;0;yes
25;housemaid;single;secondary;no;1909;no;no;cellular;10;dec;711;11;76;2;unknown;0;yes
60;management;married;tertiary;no;3944;no;no;telephone;28;oct;510;11;133;1;unknown;0;yes
40;student;single;tertiary;no;-1723;no;no;unknown;9;may;253;5;193;3;unknown;0;yes
19;self-employed;single;secondary;no;-2738;yes;no;cellular;15;jul;272;10;328;0;unknown;1;no
23;blue-collar;single;secondary;no;1474;no;no;cellular;19;aug;497;3;71;2;unknown;0;no
60;entrepreneur;single;secondary;no;-418;no;yes;unknown;8;jun;27;4;332;2;unknown;0;no
86;retired;married;tertiary;no;7621;no;no;cellular;24;dec;59;9;146;3;unknown;0;no
54;student;married;secondary;no;-892;yes;yes;cellular;3;jan;37;1;352;4;failure;0;no
50;management;single;secondary;no;1520;yes;yes;cellular;25;dec;168;1;28;4;unknown;0;yes
24;self-employed;married;primary;no;1975;yes;no;cellular;20;nov;47;3;296;2;unknown;1;no
66;unemployed;married;tertiary;no;5093;yes;no;cellular;23;feb;149;1;-1;0;other;1;no
21;entrepreneur;married;tertiary;no;-1583;no;no;cellular;3;jul;213;7;129;5;unknown;0;yes
78;management;married;secondary;yes;-3436;no;yes;cellular;23;aug;55;9;228;4;unknown;0;yes
76;self-employed;single;secondary;no;5583;no;no;unknown;8;dec;493;8;300;4;unknown;1;no
89;housemaid;single;tertiary;no;1641;yes;no;cellular;24;dec;458;2;225;3;unknown;1;no
38;housemaid;single;tertiary;no;3829;no;no;cellular;10;jun;128;10;138;3;unknown;0;no
29;housemaid;married;primary;no;3970;yes;no;cellular;20;mar;516;6;71;5;unknown;0;no
39;technician;married;secondary;no;4490;yes;no;unknown;28;oct;297;4;139;1;unknown;0;no
75;self-employed;single;secondary;no;266;yes;no;cellular;22;aug;439;6;74;3;other;0;no
33;self-employed;married;secondary;no;-546;no;no;telephone;3;jul;51;2;10;5;success;0;yes
81;services;single;primary;no;-4588;no;no;cellular;7;oct;152;11;307;5;unknown;0;no
29;student;single;secondary;no;-1584;no;no;cellular;4;jan;345;6;394;4;unknown;0;yes
21;blue-collar;married;tertiary;no;1586;yes;no;unknown;27;jan;187;4;175;4;unknown;1;yes
33;management;married;secondary;no;-704;yes;no;telephone;10;jun;184;8;131;0;other;0;no
72;services;single;primary;no;-2022;no;yes;cellular;15;may;197;4;239;2;unknown;0;no
61;retired;married;secondary;no;1551;no;no;cellular;17;feb;294;9;-1;5;unknown;0;yes
43;admin.;divorced;primary;no;5428;no;no;cellular;8;mar;242;6;107;1;unknown;0;yes
65;entrepreneur;single;secondary;no;1231;yes;no;cellular;11;jun;531;10;178;2;failure;0;no
64;entrepreneur;married;secondary;no;-1998;yes;yes;cellular;13;jan;22;6;231;3;success;0;yes
57;entrepreneur;single;primary;no;5217;no;no;telephone;1;sep;238;8;114;5;unknown;0;yes
55;unemployed;married;primary;no;-922;yes;yes;cellular;24;feb;360;7;163;2;unknown;0;yes
25;management;married;tertiary;no;5838;yes;no;telephone;26;sep;28;11;89;4;unknown;0;no
36;entrepreneur;divorced;tertiary;no;610;no;no;cellular;20;may;151;10;105;2;unknown;0;no
55;self-employed;single;primary;no;1709;no;no;unknown;13;feb;254;5;129;3;unknown;0;yes
27;admin.;single;secondary;no;6082;no;no;unknown;5;jul;520;8;218;4;unknown;0;no
52;retired;single;primary;no;-2654;yes;no;unknown;10;aug;247;3;364;5;unknown;0;yes
26;student;married;tertiary;no;-1750;no;no;cellular;13;dec;371;10;22;5;success;0;no
74;self-employed;married;tertiary;no;420;yes;no;cellular;6;jun;384;7;73;5;unknown;0;no
25;student;married;secondary;no;980;no;no;cellular;22;dec;331;5;45;2;unknown;0;no
24;services;married;secondary;no;9326;no;no;cellular;13;jun;236;10;63;0;other;0;no
63;blue-collar;married;secondary;yes;-1264;yes;no;unknown;20;nov;132;9;174;0;unknown;0;yes
33;technician;married;secondary;yes;-2512;yes;no;cellular;15;apr;520;2;378;5;unknown;0;yes
43;self-employed;single;secondary;no;-1407;yes;no;cellular;6;oct;359;11;118;5;unknown;0;no
40;blue-collar;married;primary;no;2096;yes;no;cellular;19;mar;394;4;281;1;unknown;0;yes
33;services;single;secondary;no;2876;yes;no;unknown;21;jan;323;1;321;0;unknown;0;no
72;admin.;single;secondary;no;-721;no;no;cellular;12;feb;240;4;71;3;unknown;0;yes
67;housemaid;divorced;primary;no;1463;yes;no;unknown;19;may;387;5;73;2;unknown;0;yes
35;housemaid;married;secondary;no;7235;yes;no;unknown;28;feb;215;1;280;2;unknown;0;yes
67;self-employed;divorced;tertiary;no;1505;no;no;cellular;7;oct;476;7;48;1;unknown;0;yes
69;student;single;secondary;no;2362;no;no;unknown;25;feb;6;5;327;0;failure;0;yes
56;housemaid;married;secondary;no;7066;yes;yes;cellular;9;dec;427;7;21;2;unknown;0;no
59;housemaid;married;tertiary;no;-694;yes;no;cellular;2;may;147;6;232;2;other;0;no
85;housemaid;married;primary;no;-890;yes;no;cellular;12;jun;355;6;325;3;failure;0;no
50;student;single;secondary;no;-9;yes;no;unknown;23;sep;94;2;376;1;unknown;0;yes
45;blue-collar;single;secondary;no;-183;yes;yes;cellular;19;sep;273;10;343;5;unknown;0;yes
56;housemaid;married;secondary;yes;-4063;no;no;cellular;10;nov;189;7;254;4;unknown;1;yes
78;self-employed;single;unknown;no;1813;yes;yes;cellular;27;dec;210;3;359;4;unknown;0;no
69;technician;married;secondary;no;2050;yes;no;cellular;28;apr;133;2;202;2;unknown;0;no
23;entrepreneur;married;secondary;no;842;no;no;cellular;28;aug;226;11;354;2;unknown;0;no
51;management;divorced;primary;yes;2142;yes;no;cellular;16;sep;245;6;395;5;unknown;0;no
71;technician;divorced;unknown;no;2174;no;yes;cellular;20;oct;136;9;348;4;other;0;no
34;technician;single;tertiary;no;-2548;no;no;cellular;15;apr;10;6;269;3;unknown;1;no
89;technician;married;primary;no;2265;no;no;cellular;12;dec;251;4;389;3;unknown;0;no
76;self-employed;married;secondary;no;3075;yes;no;telephone;15;mar;301;4;399;5;failure;0;no
78;housemaid;married;primary;no;-3391;yes;no;cellular;2;sep;209;1;155;2;unknown;0;no
23;technician;married;tertiary;no;5789;yes;no;unknown;5;nov;228;7;115;2;unknown;0;yes
59;unemployed;married;secondary;no;-2307;no;no;cellular;17;feb;225;8;261;2;unknown;0;no
56;entrepreneur;divorced;primary;no;-2014;yes;no;cellular;12;jul;111;2;190;5;unknown;0;yes
63;blue-collar;single;secondary;no;2005;yes;no;unknown;14;dec;184;1;11;2;unknown;0;yes
79;unemployed;married;tertiary;no;3004;no;no;telephone;26;feb;60;2;118;2;unknown;0;no
43;self-employed;married;secondary;no;3733;yes;no;cellular;19;oct;103;6;345;4;unknown;0;no
56;blue-collar;married;primary;no;3082;no;yes;cellular;3;nov;211;6;357;5;unknown;1;no
66;entrepreneur;married;tertiary;no;-159;no;no;cellular;28;apr;467;7;52;4;unknown;0;no
72;unemployed;single;primary;no;1725;yes;no;cellular;25;sep;195;10;275;5;failure;0;yes
73;retired;married;secondary;no;449;yes;no;unknown;5;dec;632;11;270;4;success;0;yes
42;self-employed;single;secondary;no;1922;no;no;cellular;24;may;605;10;312;4;other;0;yes
89;retired;married;secondary;no;1605;yes;no;cellular;11;jan;233;4;126;5;unknown;0;yes
18;housemaid;married;primary;no;-114;no;no;cellular;11;apr;137;5;304;2;success;0;no
53;unemployed;divorced;primary;no;358;yes;no;cellular;17;dec;673;8;232;5;unknown;0;no
61;entrepreneur;married;primary;no;-4156;yes;no;cellular;26;dec;369;3;63;2;unknown;0;yes
22;housemaid;married;secondary;no;3890;yes;yes;unknown;10;nov;307;11;316;5;unknown;0;no
50;housemaid;single;tertiary;no;2292;no;yes;cellular;17;jul;75;2;387;4;unknown;0;no
60;unemployed;married;primary;no;-5520;yes;no;telephone;5;apr;134;6;200;4;unknown;0;yes
61;unemployed;married;tertiary;no;3779;yes;no;cellular;3;aug;19;9;40;5;failure;0;no
26;blue-collar;married;secondary;no;1240;yes;no;cellular;17;nov;517;2;379;5;unknown;0;no
37;management;married;primary;no;-1410;yes;no;cellular;7;oct;320;11;56;5;unknown;0;no
35;entrepreneur;married;secondary;no;-1676;yes;no;cellular;2;jan;157;2;119;2;failure;1;no
64;self-employed;married;secondary;no;-664;no;no;cellular;1;sep;125;3;110;2;unknown;0;no
41;entrepreneur;single;secondary;no;-1394;no;yes;telephone;11;dec;21;5;221;0;unknown;0;no
59;housemaid;divorced;secondary;no;-991;yes;no;telephone;7;feb;206;8;95;2;unknown;0;no
70;self-employed;married;secondary;no;6501;yes;no;telephone;28;aug;254;4;342;4;unknown;0;no
75;retired;married;tertiary;no;2513;yes;no;cellular;14;aug;235;7;126;3;unknown;0;no
31;admin.;married;secondary;no;7508;yes;no;cellular;14;jul;27;4;217;1;success;0;no
83;management;married;tertiary;no;2077;yes;yes;cellular;5;oct;84;4;57;1;unknown;1;yes
29;housemaid;married;secondary;no;3137;no;no;cellular;3;dec;437;6;210;3;unknown;0;no
19;housemaid;single;primary;no;-1242;yes;no;cellular;9;aug;109;4;88;1;unknown;0;no
21;blue-collar;married;secondary;no;895;yes;no;unknown;24;jan;138;6;150;5;failure;0;no
32;housemaid;married;tertiary;no;1154;no;no;cellular;18;jul;0;5;197;4;unknown;0;no
80;admin.;single;secondary;no;3260;yes;no;unknown;6;jul;564;3;309;4;unknown;0;no
32;entrepreneur;single;unknown;no;1251;no;no;unknown;2;apr;145;5;328;4;unknown;0;no
67;entrepreneur;married;tertiary;no;2453;no;no;cellular;8;sep;12;5;139;1;unknown;0;no
48;blue-collar;married;secondary;yes;2346;yes;no;cellular;8;jul;114;6;134;0;unknown;0;no
20;entrepreneur;divorced;tertiary;no;491;no;no;cellular;27;feb;224;8;94;1;unknown;0;yes
49;blue-collar;married;unknown;no;182;yes;no;cellular;5;oct;245;4;357;0;unknown;0;yes
20;blue-collar;single;tertiary;no;-606;yes;no;unknown;22;jan;308;7;46;3;unknown;0;no
52;unemployed;single;secondary;no;4646;no;yes;cellular;11;nov;765;5;31;1;unknown;0;no
58;housemaid;married;tertiary;no;492;no;no;cellular;10;aug;27;9;167;4;unknown;0;no
55;services;married;primary;no;2386;yes;no;cellular;6;dec;146;7;153;4;unknown;0;no
38;management;married;tertiary;no;930;yes;no;cellular;19;may;278;4;110;4;success;0;yes
73;retired;married;unknown;no;4587;no;no;cellular;20;mar;132;3;172;1;unknown;0;no
60;services;married;secondary;no;-4564;no;no;telephone;14;jun;193;5;395;4;unknown;0;yes
36;management;single;secondary;no;2308;yes;no;cellular;27;oct;322;4;102;1;failure;0;no
49;management;single;primary;no;-2364;yes;no;cellular;25;aug;93;7;242;0;unknown;0;yes
25;management;divorced;unknown;no;2572;no;yes;cellular;23;jun;7;3;289;4;unknown;0;yes
84;retired;divorced;tertiary;no;960;no;no;cellular;16;may;41;10;396;4;unknown;1;yes
72;blue-collar;single;tertiary;no;-3035;yes;no;cellular;15;oct;530;10;339;4;unknown;0;no
38;entrepreneur;married;tertiary;no;2412;yes;no;cellular;19;mar;479;7;276;3;failure;0;yes
66;management;married;secondary;no;2072;yes;no;cellular;17;jan;1;8;330;2;unknown;0;no
66;self-employed;single;tertiary;no;706;no;no;cellular;5;mar;126;4;338;2;unknown;0;yes
61;blue-collar;single;primary;no;1086;no;no;cellular;19;mar;399;7;313;4;unknown;0;no
21;entrepreneur;married;secondary;no;1884;no;no;cellular;7;mar;631;1;39;5;failure;0;no
81;technician;single;secondary;no;4934;no;no;cellular;21;apr;686;2;129;2;unknown;0;no
86;technician;married;secondary;no;457;yes;yes;cellular;1;sep;63;6;274;2;unknown;0;no
88;retired;married;secondary;no;4439;no;no;cellular;2;mar;491;2;353;1;other;0;yes
88;retired;single;tertiary;no;1287;no;no;telephone;17;feb;218;11;42;0;failure;0;yes
84;blue-collar;married;primary;yes;5287;no;no;cellular;22;may;165;9;396;4;unknown;0;yes
71;technician;married;tertiary;no;694;no;no;cellular;16;dec;48;8;53;0;unknown;1;no
22;blue-collar;single;primary;no;-598;no;no;unknown;5;dec;62;10;73;0;unknown;0;no
51;entrepreneur;single;tertiary;no;-1893;yes;no;unknown;9;jan;315;5;25;2;unknown;0;no
35;housemaid;married;secondary;no;1298;yes;no;unknown;13;jan;53;10;257;3;unknown;0;no
33;services;single;tertiary;no;-979;yes;no;cellular;7;apr;408;1;247;3;failure;0;yes
77;management;married;secondary;no;5613;yes;no;cellular;27;feb;315;9;349;5;other;0;no
76;blue-collar;single;secondary;no;-1213;no;no;unknown;13;oct;424;2;258;5;unknown;0;yes
55;blue-collar;married;secondary;no;-670;yes;no;telephone;25;feb;87;2;28;2;unknown;0;yes
71;housemaid;divorced;primary;no;3143;yes;no;unknown;3;feb;299;9;111;2;unknown;0;no
27;retired;single;secondary;no;4957;yes;no;cellular;14;mar;12;8;133;1;unknown;0;yes
33;entrepreneur;married;secondary;no;3593;yes;no;cellular;24;aug;355;4;357;3;success;0;yes
79;self-employed;married;primary;no;4576;yes;no;cellular;8;feb;172;2;285;3;failure;0;yes
50;management;married;tertiary;no;1159;yes;yes;cellular;24;apr;192;4;368;5;unknown;1;yes
57;self-employed;single;secondary;no;1201;yes;no;telephone;22;jul;213;6;327;2;unknown;0;no
51;management;single;secondary;no;7435;yes;no;unknown;17;dec;128;3;320;4;success;0;no
32;management;single;secondary;no;6470;no;no;cellular;2;nov;457;11;172;0;unknown;0;yes
77;entrepreneur;divorced;secondary;no;3542;no;yes;cellular;26;mar;236;10;248;5;unknown;0;yes
72;unemployed;married;secondary;no;4719;yes;no;cellular;14;apr;458;5;305;0;unknown;0;no
67;unemployed;single;secondary;no;3975;no;no;cellular;18;jan;444;4;236;3;unknown;0;no
43;services;married;secondary;no;-2217;yes;no;unknown;20;apr;57;3;162;0;unknown;0;yes
64;technician;single;secondary;no;1281;no;no;cellular;14;aug;166;2;153;5;unknown;0;no
86;self-employed;married;secondary;no;5890;no;no;cellular;5;jul;90;1;362;5;unknown;0;yes
64;self-employed;single;secondary;no;3561;no;no;cellular;17;may;465;5;179;3;unknown;0;yes
53;self-employed;married;tertiary;no;1209;yes;no;cellular;17;jan;284;10;154;2;unknown;0;no
37;blue-collar;married;secondary;no;5926;yes;no;telephone;3;nov;260;8;51;0;unknown;1;yes
55;self-employed;married;tertiary;no;2507;no;yes;cellular;6;may;164;1;232;5;unknown;0;yes
44;blue-collar;divorced;secondary;no;3666;no;no;unknown;7;nov;26;5;382;2;unknown;1;no
62;admin.;married;secondary;no;2523;no;no;cellular;11;sep;476;4;310;0;unknown;0;yes
21;services;married;secondary;no;3023;yes;no;cellular;16;oct;621;9;233;2;unknown;0;yes
31;services;married;tertiary;no;3238;no;no;cellular;18;jun;484;6;131;0;unknown;0;no
74;retired;married;secondary;yes;5299;no;no;cellular;4;feb;186;8;148;4;unknown;0;yes
45;student;divorced;secondary;no;5689;no;no;cellular;25;mar;298;1;179;2;unknown;0;yes
49;management;divorced;tertiary;no;46;no;no;cellular;23;aug;433;4;75;1;unknown;0;no
57;unemployed;single;secondary;no;2466;yes;no;cellular;3;aug;238;4;294;1;unknown;0;yes
49;services;single;secondary;no;5213;yes;yes;cellular;5;feb;608;10;159;2;unknown;0;no
72;entrepreneur;married;secondary;no;1005;no;no;cellular;24;nov;469;9;324;0;unknown;0;no
35;unemployed;married;secondary;no;-2526;no;no;telephone;12;jan;777;1;62;1;unknown;0;no
72;technician;single;tertiary;no;-1325;yes;no;cellular;13;jun;258;2;14;1;unknown;0;yes
33;blue-collar;single;secondary;no;-1118;yes;no;cellular;14;mar;262;9;318;2;unknown;0;no
44;technician;married;primary;no;25;no;no;cellular;28;mar;234;4;24;0;failure;0;no
60;self-employed;single;primary;no;-838;yes;no;unknown;5;jun;144;6;287;1;unknown;0;no
81;entrepreneur;married;unknown;no;4487;no;no;cellular;27;apr;254;5;121;2;unknown;0;no
34;student;married;secondary;no;569;no;yes;cellular;7;jun;576;4;297;5;unknown;0;no
60;self-employed;married;secondary;no;5183;yes;no;cellular;26;dec;111;2;305;5;unknown;0;no
22;services;single;tertiary;no;-1990;no;no;cellular;14;oct;53;5;271;5;unknown;1;yes
23;entrepreneur;single;secondary;no;340;yes;yes;cellular;22;apr;90;9;158;1;unknown;0;no
73;technician;married;tertiary;no;1712;yes;no;unknown;3;jul;650;7;356;4;unknown;0;yes
69;student;single;tertiary;no;3831;no;yes;unknown;11;may;127;2;187;0;unknown;0;no
45;housemaid;single;secondary;no;4830;yes;no;telephone;6;apr;271;4;68;0;unknown;0;no
62;entrepreneur;married;tertiary;no;-214;yes;no;unknown;17;jun;589;8;247;0;other;0;no
45;student;single;unknown;no;4380;no;no;cellular;1;feb;352;7;207;5;unknown;0;yes
37;self-employed;married;secondary;no;-3645;yes;yes;unknown;11;mar;230;11;-1;1;failure;0;yes
49;self-employed;married;primary;no;4013;yes;no;unknown;15;jul;123;6;244;0;success;0;yes
40;technician;married;tertiary;no;-2623;yes;no;cellular;14;sep;89;11;30;0;unknown;0;yes
76;admin.;married;secondary;no;2739;yes;no;unknown;24;sep;128;9;392;0;unknown;0;no
47;student;married;secondary;no;4787;yes;yes;unknown;17;dec;124;10;35;0;unknown;0;no
41;services;married;secondary;no;4061;no;no;cellular;23;mar;324;2;141;0;unknown;0;no
56;retired;married;tertiary;no;-3517;yes;no;cellular;15;feb;285;5;149;3;other;0;no
72;admin.;single;tertiary;no;58;yes;no;telephone;10;aug;221;4;106;1;success;0;yes
37;unemployed;single;unknown;no;3550;no;no;cellular;9;jul;78;2;169;5;unknown;0;yes
85;self-employed;married;secondary;no;3464;yes;no;cellular;20;nov;141;6;17;0;other;0;yes
51;self-employed;married;unknown;no;2227;yes;no;cellular;26;feb;498;1;382;1;success;0;yes
65;unemployed;married;secondary;no;-5204;no;no;cellular;28;mar;106;9;387;1;unknown;0;no
86;entrepreneur;single;secondary;no;4994;no;no;cellular;7;may;439;3;38;2;unknown;0;yes
49;blue-collar;divorced;secondary;no;5528;no;no;cellular;12;oct;194;4;96;1;failure;0;no
32;retired;married;secondary;no;1891;yes;no;cellular;18;mar;511;3;183;5;unknown;0;no
71;unemployed;single;secondary;no;2085;no;no;cellular;26;dec;336;4;39;5;other;0;yes
18;student;single;secondary;no;2909;no;no;unknown;9;feb;242;6;113;0;success;0;yes
50;services;divorced;secondary;no;5781;yes;no;cellular;22;dec;52;10;358;5;unknown;0;no
88;blue-collar;married;tertiary;no;2151;yes;no;unknown;24;sep;479;2;230;5;unknown;0;yes
47;unemployed;married;primary;no;826;yes;no;cellular;5;feb;178;2;372;5;unknown;0;yes
67;unemployed;single;tertiary;no;2544;no;no;cellular;9;dec;57;4;96;5;failure;0;yes
55;admin.;married;secondary;no;1366;no;no;telephone;13;jan;188;8;213;4;unknown;0;yes
33;management;married;secondary;no;1400;yes;yes;unknown;24;may;210;9;395;1;unknown;0;no
40;entrepreneur;married;tertiary;no;-3897;yes;no;telephone;27;sep;394;9;104;3;unknown;0;no
55;entrepreneur;married;secondary;no;2968;no;yes;unknown;5;may;156;8;300;1;unknown;0;yes
25;housemaid;single;unknown;no;4914;yes;no;cellular;5;may;696;3;194;3;failure;0;yes
47;student;single;unknown;no;4461;no;no;cellular;11;apr;312;8;122;0;unknown;0;no
47;entrepreneur;married;secondary;no;4252;no;no;unknown;2;mar;216;5;39;5;unknown;0;no
78;unemployed;divorced;secondary;no;1240;no;yes;cellular;15;jul;308;8;380;0;unknown;0;yes
26;management;married;primary;no;1837;yes;no;cellular;8;jun;86;6;48;1;failure;0;no
78;retired;divorced;tertiary;no;4974;no;no;cellular;11;oct;244;11;44;0;unknown;0;yes
47;self-employed;married;primary;no;4002;yes;no;unknown;1;jul;350;9;188;4;other;0;yes
64;blue-collar;single;tertiary;no;5859;no;no;cellular;7;jul;161;11;34;3;failure;0;no
58;entrepreneur;divorced;unknown;no;-618;yes;yes;cellular;4;feb;324;10;336;0;unknown;0;yes
39;technician;single;primary;no;-636;no;no;cellular;7;apr;378;6;296;3;unknown;0;yes
85;technician;single;tertiary;no;402;yes;no;cellular;12;jan;74;5;52;0;unknown;0;no
34;services;married;secondary;no;-1429;no;no;cellular;7;dec;469;4;361;4;unknown;0;yes
20;services;single;secondary;no;-2564;yes;no;cellular;22;oct;207;4;255;3;failure;0;yes
72;unemployed;single;primary;no;2805;yes;yes;telephone;13;apr;601;3;276;0;success;0;no
62;entrepreneur;married;tertiary;no;2601;no;no;cellular;6;jun;481;4;129;5;unknown;1;no
82;unemployed;divorced;primary;no;2138;yes;no;unknown;18;jul;301;10;334;0;unknown;0;yes
50;management;married;tertiary;no;2461;yes;no;cellular;24;mar;57;3;16;5;success;0;yes
19;unemployed;married;secondary;no;-2991;yes;no;cellular;14;feb;197;10;391;4;unknown;0;yes
19;technician;divorced;secondary;no;-40;no;no;cellular;28;dec;421;1;96;0;unknown;1;no
49;blue-collar;married;tertiary;no;519;no;no;cellular;10;may;108;2;56;2;unknown;0;no
35;technician;married;tertiary;no;1545;no;yes;cellular;13;oct;306;10;22;1;unknown;0;no
84;admin.;married;secondary;no;-2979;no;no;cellular;12;aug;329;6;27;5;unknown;0;yes
26;technician;single;secondary;no;-1383;no;no;cellular;28;may;197;4;70;5;unknown;0;no
81;technician;divorced;secondary;no;90;yes;no;cellular;21;aug;55;3;209;2;unknown;0;no
33;blue-collar;married;secondary;no;4574;yes;no;telephone;17;apr;539;1;117;3;other;0;yes
26;unemployed;single;tertiary;no;2185;no;no;cellular;11;apr;315;3;212;1;unknown;0;yes
37;unemployed;single;secondary;no;4464;no;no;cellular;2;sep;159;2;64;0;failure;1;no
28;retired;single;secondary;no;1032;yes;no;cellular;26;oct;61;8;326;1;unknown;0;yes
46;technician;single;tertiary;no;1402;no;no;cellular;4;sep;399;11;158;2;success;1;no
41;admin.;divorced;secondary;no;2897;yes;no;cellular;21;sep;206;3;224;0;unknown;0;no
56;entrepreneur;married;tertiary;no;868;yes;no;cellular;15;nov;415;1;-1;4;failure;0;yes
56;student;married;secondary;no;-474;yes;no;cellular;20;apr;35;11;129;4;unknown;0;yes
18;management;single;primary;no;-3069;no;no;cellular;26;jan;280;8;5;4;unknown;0;no
26;services;married;secondary;no;-393;yes;no;cellular;6;apr;124;5;135;4;unknown;0;no
29;management;married;secondary;no;3908;yes;no;unknown;3;aug;568;9;304;5;unknown;0;no
32;services;married;tertiary;no;5182;yes;no;cellular;11;aug;293;8;180;0;failure;0;yes
24;services;married;secondary;no;-919;no;yes;unknown;17;apr;20;9;309;0;unknown;0;no
40;blue-collar;divorced;primary;no;-3801;yes;no;cellular;2;oct;406;2;25;2;unknown;0;yes
57;housemaid;married;secondary;no;4179;yes;no;cellular;23;dec;466;4;149;1;unknown;0;no
40;entrepreneur;single;secondary;no;1607;no;no;cellular;17;feb;152;6;-1;4;unknown;0;yes
41;student;single;secondary;no;-2641;no;no;cellular;28;jan;58;8;393;1;failure;0;no
51;management;married;secondary;no;-7932;yes;no;cellular;9;sep;220;7;386;2;unknown;0;no
57;blue-collar;married;secondary;no;-1490;yes;no;unknown;26;jun;440;4;104;1;success;0;yes
41;retired;married;tertiary;no;11;no;no;cellular;11;sep;130;5;297;4;unknown;0;no
33;admin.;married;secondary;no;-2054;yes;yes;cellular;3;sep;210;5;297;2;unknown;0;no
47;retired;married;secondary;no;3475;yes;no;telephone;24;jan;125;1;148;3;unknown;0;no
19;services;single;secondary;no;-1037;yes;no;cellular;3;oct;580;10;173;2;unknown;0;no
53;blue-collar;married;tertiary;no;1437;no;yes;unknown;20;mar;486;8;398;4;unknown;0;no
85;technician;married;secondary;yes;8520;no;no;telephone;6;aug;280;7;132;2;unknown;0;no
46;housemaid;married;secondary;no;1752;no;no;unknown;19;dec;429;9;170;5;unknown;0;no
25;self-employed;married;secondary;no;1053;yes;no;cellular;8;jun;193;6;111;2;unknown;0;yes
68;student;married;primary;no;1121;yes;no;cellular;3;may;55;7;160;2;unknown;0;yes
27;admin.;divorced;secondary;no;3407;no;no;cellular;25;nov;115;8;87;1;failure;0;yes
31;technician;married;secondary;no;3035;no;no;cellular;10;jun;378;8;6;4;unknown;0;no
28;student;married;tertiary;no;-1610;yes;no;unknown;19;jul;18;9;263;5;unknown;0;no
81;self-employed;single;secondary;no;166;no;no;cellular;2;mar;725;1;112;3;unknown;1;no
88;unemployed;single;unknown;no;-601;yes;no;cellular;27;jul;2;11;6;3;failure;0;no
59;management;single;secondary;no;552;yes;yes;cellular;18;jan;422;6;37;5;unknown;1;no
62;blue-collar;married;secondary;no;6879;yes;no;cellular;12;nov;475;9;361;2;unknown;0;yes
64;blue-collar;single;secondary;no;3252;no;no;cellular;26;aug;47;1;178;5;unknown;0;no
61;self-employed;married;secondary;no;1160;no;yes;cellular;12;jun;130;6;97;1;success;0;no
57;blue-collar;single;tertiary;no;5133;yes;no;cellular;10;sep;174;5;125;0;unknown;0;yes
89;admin.;married;primary;no;1965;yes;yes;cellular;8;aug;916;3;189;1;unknown;0;yes
70;entrepreneur;single;tertiary;no;-3514;no;no;unknown;19;jun;170;10;117;0;unknown;0;yes
24;housemaid;single;primary;yes;6391;yes;no;cellular;13;apr;7;6;152;4;unknown;0;yes
46;management;single;secondary;no;930;yes;yes;cellular;16;jan;318;10;164;0;unknown;0;no
88;technician;married;primary;yes;-5368;no;no;telephone;23;mar;10;5;379;2;other;0;yes
47;technician;single;tertiary;no;-3398;no;yes;telephone;19;may;207;7;128;4;unknown;0;yes
32;self-employed;single;secondary;no;4783;yes;no;cellular;20;jun;129;7;62;1;unknown;0;no
80;retired;married;tertiary;no;-3350;yes;no;cellular;18;dec;323;7;186;5;unknown;0;yes
62;blue-collar;married;secondary;no;5447;no;no;telephone;23;may;107;7;142;1;unknown;0;yes
58;student;married;primary;no;1643;yes;no;cellular;21;jun;80;9;252;4;unknown;0;yes
48;admin.;married;tertiary;no;3541;no;no;cellular;24;jan;435;3;262;5;unknown;0;yes
26;services;single;secondary;no;629;no;no;cellular;18;feb;277;8;179;1;unknown;0;no
45;self-employed;married;tertiary;no;2970;no;no;telephone;1;jun;225;9;108;2;unknown;0;yes
49;blue-collar;single;secondary;no;2349;yes;no;cellular;26;may;164;10;281;4;unknown;0;no
85;admin.;single;tertiary;no;1284;no;no;cellular;7;aug;344;5;215;1;unknown;0;yes
40;entrepreneur;single;primary;no;-1796;no;yes;telephone;21;nov;125;5;122;3;unknown;0;yes
28;technician;single;unknown;no;2475;no;yes;cellular;19;jan;275;9;4;4;unknown;0;no
48;housemaid;single;primary;no;-4051;yes;no;cellular;19;feb;148;6;5;5;unknown;0;no
89;housemaid;married;tertiary;no;4194;no;yes;cellular;13;jul;275;1;360;5;failure;0;yes
52;self-employed;married;secondary;no;1990;yes;no;telephone;13;feb;258;9;250;1;unknown;0;yes
45;blue-collar;single;tertiary;no;2792;yes;no;unknown;4;apr;174;9;334;4;failure;0;no
66;services;divorced;tertiary;no;-6450;yes;no;unknown;7;sep;42;6;161;4;failure;0;no
64;self-employed;married;tertiary;no;-1977;yes;no;unknown;2;jan;453;7;44;2;unknown;0;yes
39;unemployed;divorced;secondary;yes;-117;yes;no;cellular;26;aug;70;6;394;5;other;0;no
87;unemployed;divorced;secondary;no;3421;no;no;unknown;27;feb;402;5;290;4;unknown;1;no
60;technician;married;tertiary;no;-1428;yes;no;cellular;4;oct;429;8;265;2;unknown;1;no
22;unemployed;single;secondary;no;9044;yes;no;unknown;24;sep;53;2;18;1;success;0;yes
47;unemployed;single;secondary;no;610;no;no;cellular;20;jan;369;4;18;0;unknown;0;yes
84;management;married;secondary;no;-1647;yes;no;cellular;9;jul;134;10;368;2;unknown;0;no
46;housemaid;married;secondary;no;839;no;no;cellular;5;jun;347;9;338;0;success;0;yes
58;technician;married;secondary;no;-1452;no;yes;cellular;18;dec;32;1;42;0;unknown;0;yes
62;entrepreneur;single;secondary;no;-2153;yes;no;cellular;1;jan;196;2;220;4;unknown;0;yes
68;student;married;secondary;no;4432;yes;no;cellular;5;sep;235;2;139;1;unknown;0;yes
80;unemployed;single;secondary;no;2939;yes;no;cellular;3;jul;214;11;251;3;unknown;0;no
28;technician;single;tertiary;no;2948;no;no;unknown;4;dec;296;10;342;3;failure;0;no
55;unemployed;single;secondary;no;5230;yes;no;unknown;1;sep;58;7;251;3;failure;0;no
56;blue-collar;married;tertiary;no;2860;no;no;cellular;10;apr;109;8;77;0;unknown;1;no
28;unemployed;married;secondary;no;-1802;no;no;telephone;23;feb;362;7;156;3;unknown;0;yes
66;services;married;secondary;no;3525;no;no;cellular;8;jul;137;10;370;4;unknown;0;no
26;unemployed;married;secondary;no;-1979;no;no;cellular;7;nov;120;11;20;4;unknown;0;yes
50;services;married;secondary;no;-34;yes;no;unknown;28;jul;51;11;264;2;unknown;0;no
41;unemployed;married;tertiary;no;1262;no;no;cellular;14;jul;127;4;196;2;unknown;0;yes
29;unemployed;married;primary;no;958;no;no;unknown;1;jul;14;4;186;3;other;0;no
77;entrepreneur;single;secondary;no;-3973;no;no;cellular;17;may;365;2;4;3;unknown;0;no
35;housemaid;married;primary;no;-1502;no;no;unknown;16;nov;130;9;43;2;unknown;0;no
36;self-employed;married;secondary;no;1332;yes;no;telephone;12;mar;3;5;176;3;success;0;yes
79;housemaid;divorced;tertiary;no;-432;no;no;cellular;24;jul;179;1;260;4;unknown;0;no
81;housemaid;married;primary;no;4778;no;no;cellular;20;nov;59;10;61;4;unknown;0;no
20;self-employed;divorced;secondary;no;5292;no;no;cellular;1;apr;48;11;233;3;unknown;0;no
38;services;single;secondary;no;-1961;no;no;cellular;11;jun;490;10;358;5;unknown;1;yes
69;management;married;tertiary;yes;1579;yes;no;unknown;16;sep;2;8;165;4;unknown;0;no
74;blue-collar;divorced;primary;no;6148;no;yes;cellular;19;feb;191;10;283;5;unknown;0;yes
89;blue-collar;divorced;secondary;no;997;yes;no;cellular;11;apr;661;10;157;1;unknown;0;yes
57;entrepreneur;single;tertiary;no;179;yes;yes;cellular;13;sep;269;6;25;3;unknown;0;no
18;admin.;married;secondary;no;3980;yes;no;cellular;7;feb;117;7;233;3;unknown;0;no
80;technician;married;tertiary;no;577;yes;yes;telephone;17;may;177;4;25;2;unknown;0;yes
29;housemaid;married;secondary;no;5212;no;yes;cellular;7;aug;253;7;160;3;failure;0;no
26;self-employed;single;tertiary;no;-384;yes;no;unknown;14;nov;66;11;114;2;unknown;0;no
66;management;married;primary;no;-23;no;no;telephone;23;feb;331;11;271;0;unknown;0;no
61;management;married;primary;no;3770;no;no;cellular;26;jul;84;10;8;2;unknown;0;yes
22;unemployed;married;secondary;no;1701;no;no;cellular;14;sep;275;4;171;0;unknown;0;no
30;blue-collar;married;secondary;yes;1725;yes;no;cellular;6;may;509;9;35;5;failure;0;no
60;technician;married;secondary;no;-4327;no;no;unknown;2;jun;354;4;391;3;unknown;0;yes
36;blue-collar;married;secondary;no;339;no;yes;cellular;24;jun;43;1;275;3;unknown;0;no
67;self-employed;divorced;secondary;no;3992;no;yes;cellular;12;nov;237;10;218;3;other;0;yes
47;housemaid;married;tertiary;yes;-951;yes;no;cellular;6;aug;412;4;352;2;unknown;0;yes
60;housemaid;married;secondary;no;3502;no;yes;cellular;23;may;83;11;51;4;other;0;yes
52;entrepreneur;married;tertiary;no;2203;yes;no;cellular;14;jan;557;7;258;2;unknown;0;no
44;self-employed;married;secondary;no;800;yes;no;cellular;20;may;248;8;387;4;unknown;1;no
42;services;single;primary;no;5473;yes;no;cellular;2;oct;335;7;186;2;unknown;0;no
68;admin.;married;tertiary;no;380;no;yes;cellular;27;jun;151;5;394;2;unknown;0;yes
55;technician;divorced;tertiary;no;589;yes;no;unknown;9;may;229;10;339;1;success;0;no
60;student;divorced;tertiary;no;766;yes;no;unknown;22;sep;41;2;397;2;success;0;yes
59;entrepreneur;single;primary;no;1641;no;no;cellular;9;dec;529;2;54;1;unknown;0;no
32;services;single;secondary;no;3700;yes;no;cellular;5;feb;578;7;118;2;unknown;0;yes
83;self-employed;married;tertiary;no;-3017;yes;no;cellular;12;dec;649;11;311;2;unknown;0;yes
58;management;single;secondary;no;4004;no;no;cellular;2;may;133;10;133;5;unknown;1;no
69;unemployed;married;secondary;no;1604;no;no;cellular;15;aug;285;8;285;2;unknown;0;no
81;services;single;secondary;no;3062;no;no;cellular;13;apr;306;2;-1;4;unknown;0;no
84;technician;married;tertiary;no;8575;no;yes;cellular;3;jan;78;1;245;2;unknown;0;no
66;services;married;tertiary;no;-134;yes;no;cellular;13;may;294;4;354;2;unknown;0;yes
74;services;married;tertiary;no;-2274;yes;yes;cellular;16;nov;67;8;103;2;success;0;no
51;unemployed;single;tertiary;no;1981;yes;no;telephone;16;nov;514;2;282;4;unknown;0;yes
71;admin.;single;secondary;no;2456;no;no;unknown;3;may;86;4;34;1;unknown;0;no
41;services;married;secondary;no;4014;yes;no;telephone;19;aug;270;4;108;3;unknown;0;yes
69;unemployed;married;primary;no;-215;yes;yes;cellular;10;oct;377;2;66;3;unknown;0;no
24;retired;married;primary;no;-1090;no;no;cellular;8;jul;100;7;69;3;unknown;1;no
83;unemployed;single;primary;no;-3198;no;no;cellular;24;oct;494;3;192;0;unknown;0;yes
35;entrepreneur;married;tertiary;no;-2702;yes;no;unknown;28;feb;144;2;355;5;unknown;0;yes
65;student;married;primary;no;152;no;no;telephone;4;dec;213;5;35;1;unknown;0;no
18;self-employed;single;secondary;no;1050;no;no;cellular;14;jul;117;6;138;3;unknown;0;yes
29;services;single;secondary;no;7595;no;no;cellular;8;feb;65;3;12;1;other;0;no
89;entrepreneur;single;secondary;no;-3677;yes;no;cellular;21;oct;121;1;222;5;unknown;0;no
78;unemployed;single;secondary;no;2406;yes;no;cellular;18;dec;109;1;250;5;success;0;yes
34;unemployed;divorced;primary;no;-777;yes;no;unknown;12;may;474;10;58;3;unknown;0;no
27;housemaid;married;secondary;no;2068;yes;no;unknown;21;jun;14;10;89;5;unknown;0;no
76;technician;married;secondary;no;-259;yes;no;cellular;20;nov;90;8;65;4;unknown;0;no
89;retired;divorced;tertiary;no;4506;yes;yes;telephone;26;jul;133;3;21;5;unknown;0;no
30;housemaid;married;tertiary;no;4487;yes;no;cellular;28;may;242;8;151;3;failure;0;yes
65;self-employed;single;tertiary;no;1060;yes;no;cellular;12;aug;320;11;116;3;unknown;0;no
38;admin.;married;secondary;no;5717;yes;no;unknown;5;feb;450;10;95;3;other;0;yes
71;blue-collar;married;primary;no;3680;yes;no;unknown;26;may;210;8;338;4;unknown;0;yes
48;services;married;secondary;no;5577;yes;no;cellular;13;oct;557;2;84;2;unknown;0;no
27;technician;single;unknown;no;1270;yes;no;unknown;25;feb;56;5;99;2;unknown;0;no
41;admin.;single;secondary;no;4255;yes;no;cellular;20;jul;164;11;159;3;success;0;no
56;blue-collar;married;primary;no;-904;no;no;cellular;15;sep;224;9;343;5;success;0;no
75;entrepreneur;married;tertiary;no;-1208;yes;no;unknown;24;jul;214;1;78;0;unknown;0;no
19;blue-collar;married;tertiary;no;7939;no;yes;unknown;22;may;133;10;236;5;unknown;0;no
86;retired;married;primary;no;-1857;yes;no;cellular;18;dec;418;5;377;4;failure;0;no
64;housemaid;married;tertiary;no;91;yes;no;cellular;15;oct;346;2;332;0;other;0;yes
81;entrepreneur;divorced;secondary;no;-4294;yes;no;telephone;7;oct;119;1;231;3;unknown;0;no
84;self-employed;married;secondary;no;-1137;yes;no;unknown;6;feb;262;5;292;5;unknown;0;no
29;management;married;secondary;no;-1582;no;yes;cellular;19;dec;312;11;11;4;unknown;0;no
24;services;married;unknown;no;-610;no;no;cellular;11;jul;168;7;277;3;unknown;0;no
73;blue-collar;married;secondary;no;2299;yes;no;cellular;18;sep;318;6;83;0;unknown;0;yes
31;blue-collar;married;tertiary;no;3023;yes;yes;cellular;21;may;59;6;108;2;unknown;1;no
28;blue-collar;single;primary;no;-1620;no;no;cellular;2;jul;30;4;176;1;unknown;0;yes
51;self-employed;single;secondary;no;-968;no;no;cellular;3;sep;160;1;321;4;failure;1;yes
83;admin.;single;secondary;no;4650;yes;no;cellular;17;jul;262;5;168;3;unknown;0;yes
75;blue-collar;married;tertiary;no;6515;yes;no;unknown;28;jul;358;3;78;1;unknown;0;yes
55;retired;single;tertiary;no;5167;yes;no;cellular;15;may;236;11;273;2;failure;0;yes
32;services;divorced;tertiary;no;-3538;yes;no;unknown;19;dec;175;3;236;4;success;1;no
42;entrepreneur;divorced;tertiary;no;4968;yes;no;unknown;9;mar;379;3;307;0;unknown;0;yes
67;housemaid;divorced;secondary;no;6961;yes;no;cellular;7;may;297;5;197;2;failure;0;no
29;unemployed;married;unknown;no;-3687;no;no;cellular;7;oct;432;4;225;0;unknown;0;yes
55;admin.;divorced;secondary;no;4648;yes;no;unknown;27;jun;535;7;26;1;unknown;0;yes
18;admin.;single;secondary;no;2075;yes;no;cellular;22;jan;286;1;138;2;unknown;0;yes
41;retired;single;secondary;no;418;yes;no;cellular;10;feb;76;11;9;3;unknown;0;yes
35;entrepreneur;single;secondary;no;1718;no;yes;cellular;2;nov;364;3;70;2;unknown;0;yes
67;management;divorced;secondary;no;2729;yes;no;cellular;25;dec;76;8;325;5;unknown;0;no
83;management;married;secondary;no;4872;yes;no;cellular;8;apr;67;10;9;2;unknown;0;no
28;self-employed;single;secondary;no;4718;yes;no;telephone;7;mar;161;1;110;3;other;0;yes
75;admin.;single;tertiary;no;-3120;yes;no;unknown;20;mar;451;6;18;5;unknown;0;yes
65;admin.;single;tertiary;no;-546;yes;yes;cellular;4;nov;370;7;171;3;unknown;0;no
87;technician;single;secondary;no;1680;yes;yes;cellular;6;jan;397;2;160;1;unknown;0;no
83;student;married;unknown;no;6116;yes;no;cellular;15;feb;244;8;295;0;unknown;0;no
25;blue-collar;married;secondary;no;-6782;yes;no;cellular;4;may;333;10;-1;4;unknown;0;no
71;technician;married;secondary;no;-432;yes;yes;cellular;26;dec;340;2;48;1;unknown;0;yes
60;management;single;tertiary;no;-3183;yes;no;cellular;28;feb;82;10;131;1;unknown;0;no
26;student;single;secondary;no;-2708;yes;no;cellular;24;apr;337;6;17;5;unknown;0;no
36;entrepreneur;single;tertiary;no;4357;no;no;cellular;16;mar;219;11;-1;0;unknown;0;no
84;services;single;secondary;no;-195;no;no;cellular;16;apr;139;4;230;1;unknown;0;no
57;services;single;secondary;no;-5601;no;no;cellular;8;sep;148;1;343;3;unknown;0;yes
42;admin.;married;primary;no;924;yes;no;unknown;5;mar;109;8;22;5;failure;0;no
41;housemaid;single;unknown;no;7507;no;no;cellular;5;may;163;5;79;5;failure;0;yes
78;technician;divorced;secondary;no;-4020;no;yes;unknown;5;feb;218;7;351;3;unknown;0;no
38;management;single;secondary;no;2998;yes;no;unknown;1;jan;353;10;263;1;success;0;yes
29;management;divorced;primary;no;6103;no;no;unknown;21;jun;521;10;112;1;unknown;0;no
59;unemployed;divorced;secondary;no;1251;yes;no;cellular;21;apr;333;2;356;3;unknown;1;yes
89;unemployed;married;secondary;no;7184;no;no;cellular;21;sep;243;1;221;3;success;0;yes
31;housemaid;single;tertiary;no;-579;yes;no;cellular;11;jan;180;4;355;3;unknown;0;no
36;management;married;secondary;no;5737;no;no;cellular;3;jan;703;2;179;5;unknown;0;yes
51;retired;married;primary;no;5029;no;no;cellular;6;nov;78;10;328;4;failure;0;yes
32;retired;married;primary;no;1302;yes;no;cellular;23;jun;84;7;141;0;other;0;no
64;admin.;married;secondary;no;-3061;no;no;cellular;26;nov;472;2;251;3;unknown;0;no
36;housemaid;married;tertiary;no;-1605;yes;no;telephone;2;feb;0;7;88;4;failure;0;yes
27;blue-collar;single;tertiary;no;-5632;no;no;cellular;20;may;294;8;84;5;success;0;yes
36;blue-collar;married;secondary;no;3182;yes;no;cellular;26;sep;127;9;36;2;unknown;0;no
85;student;married;secondary;no;2822;yes;no;cellular;23;mar;169;11;166;1;unknown;0;yes
85;technician;married;secondary;no;1637;yes;no;telephone;7;mar;229;7;68;2;unknown;0;yes
54;student;married;tertiary;no;1031;no;no;telephone;19;feb;18;7;160;4;unknown;0;no
46;entrepreneur;divorced;unknown;no;5472;no;no;unknown;23;may;195;1;181;1;unknown;0;yes
77;services;married;tertiary;no;2293;yes;no;cellular;26;sep;425;10;233;5;unknown;0;yes
31;entrepreneur;married;primary;no;-263;yes;no;cellular;20;apr;205;9;35;4;unknown;0;yes
65;housemaid;divorced;secondary;no;1841;yes;no;cellular;10;feb;919;9;151;2;unknown;0;yes
66;management;single;unknown;no;7542;no;no;cellular;19;aug;238;11;360;2;unknown;0;yes
69;management;single;secondary;no;3266;yes;yes;cellular;5;sep;19;9;31;4;success;0;no
33;self-employed;single;secondary;no;230;yes;no;unknown;3;may;115;5;369;3;unknown;0;no
69;technician;married;tertiary;no;1266;no;no;cellular;1;apr;166;7;11;3;unknown;0;yes
62;admin.;single;tertiary;no;2790;no;no;cellular;16;sep;435;10;383;1;unknown;0;no
81;entrepreneur;married;secondary;no;136;yes;no;cellular;1;sep;541;1;159;1;unknown;0;yes
30;self-employed;married;secondary;no;-128;yes;no;cellular;4;aug;388;2;275;1;unknown;0;no
62;blue-collar;married;tertiary;no;1366;no;no;cellular;24;may;51;5;347;2;success;0;yes
77;technician;single;secondary;no;5957;yes;no;cellular;12;jul;45;8;305;3;other;0;yes
38;blue-collar;married;tertiary;no;3772;yes;no;cellular;18;feb;367;10;280;5;other;0;no
71;services;married;secondary;no;171;no;yes;cellular;13;jan;115;4;22;5;unknown;0;no
25;self-employed;married;tertiary;no;4007;yes;no;cellular;2;apr;47;3;118;2;unknown;0;no
69;unemployed;single;tertiary;no;1425;yes;no;cellular;17;jul;25;3;346;2;unknown;0;yes
61;management;married;secondary;no;2433;yes;no;cellular;3;sep;593;4;373;1;failure;0;no
31;unemployed;married;secondary;no;2160;no;no;cellular;19;mar;127;1;112;5;unknown;0;no
22;entrepreneur;married;primary;no;-4930;no;no;telephone;20;sep;386;6;260;5;unknown;0;yes
71;entrepreneur;single;tertiary;no;-7742;yes;no;cellular;21;apr;329;10;178;2;unknown;0;no
35;retired;married;secondary;no;2079;no;no;cellular;11;aug;50;5;334;1;unknown;0;no
53;unemployed;divorced;secondary;no;-1158;no;no;cellular;14;feb;228;6;349;5;unknown;0;yes
22;admin.;married;tertiary;no;-3517;no;no;cellular;22;apr;19;9;328;0;unknown;0;yes
87;retired;married;tertiary;no;-1066;yes;no;unknown;13;mar;509;1;305;2;unknown;0;no
57;retired;married;tertiary;no;4173;yes;no;unknown;27;aug;37;11;246;1;unknown;0;no
85;blue-collar;married;secondary;no;2473;no;no;telephone;19;sep;293;3;398;3;other;0;yes
29;student;married;unknown;no;3715;yes;no;cellular;22;jan;121;2;375;5;unknown;0;yes
32;student;married;tertiary;no;2759;yes;no;telephone;19;may;35;7;153;0;unknown;0;yes
61;blue-collar;divorced;primary;no;-1356;no;yes;cellular;6;aug;435;1;176;1;unknown;0;yes
61;entrepreneur;married;unknown;no;3729;no;no;telephone;14;sep;115;5;148;0;failure;0;no
74;technician;married;secondary;no;3157;yes;no;cellular;19;oct;145;9;312;5;unknown;0;no
84;blue-collar;married;tertiary;no;1047;yes;no;cellular;15;oct;304;8;353;0;failure;0;no
77;entrepreneur;married;tertiary;no;1576;no;no;unknown;17;feb;78;1;76;5;unknown;0;yes
28;entrepreneur;married;secondary;no;3777;yes;no;unknown;26;aug;251;9;193;2;unknown;0;no
40;student;married;secondary;no;-848;yes;no;cellular;24;oct;391;3;376;0;unknown;0;no
83;blue-collar;married;primary;no;4663;yes;yes;unknown;7;jul;291;3;82;2;unknown;0;no
57;self-employed;married;secondary;no;3095;yes;yes;cellular;6;nov;397;4;290;4;unknown;0;yes
80;student;divorced;tertiary;no;1406;yes;no;cellular;5;oct;39;5;325;1;unknown;0;yes
58;unemployed;single;tertiary;no;5993;no;no;cellular;21;dec;459;4;104;3;unknown;0;no
21;technician;divorced;primary;no;-2482;yes;yes;unknown;14;dec;160;6;82;2;failure;0;no
52;retired;married;secondary;no;19;yes;no;unknown;17;jan;65;8;232;3;unknown;0;yes
77;housemaid;divorced;secondary;no;-646;yes;no;telephone;25;may;270;1;325;1;failure;0;no
65;unemployed;married;secondary;no;2474;yes;no;cellular;14;nov;158;4;2;2;unknown;0;yes
27;student;married;primary;no;4947;yes;no;cellular;18;jan;62;4;389;5;failure;0;no
33;housemaid;single;primary;no;-1549;no;yes;cellular;9;jan;65;7;207;0;unknown;0;no
79;admin.;married;secondary;no;11316;no;no;telephone;24;apr;286;3;41;1;unknown;1;yes
88;self-employed;married;secondary;no;-588;yes;no;unknown;1;may;564;8;303;0;unknown;0;yes
72;management;single;tertiary;no;2482;yes;no;unknown;17;aug;39;8;202;2;success;0;yes
25;self-employed;single;secondary;no;1408;yes;yes;cellular;23;jul;238;1;142;0;unknown;0;no
